data,comune,provincia,rischio
2026-07-14,Alcamo,TP,Alto
2026-07-14,Buseto Palizzolo,TP,Alto
2026-07-14,Calatafimi-Segesta,TP,Alto
2026-07-14,Campobello di Mazara,TP,Alto
2026-07-14,Castellammare del Golfo,TP,Alto
2026-07-14,Castelvetrano,TP,Alto
2026-07-14,Custonaci,TP,Alto
2026-07-14,Erice,TP,Alto
2026-07-14,Favignana,TP,Alto
2026-07-14,Gibellina,TP,Alto
2026-07-14,Marsala,TP,Alto
2026-07-14,Mazara del Vallo,TP,Alto
2026-07-14,Paceco,TP,Alto
2026-07-14,Partanna,TP,Alto
2026-07-14,Poggioreale,TP,Alto
2026-07-14,Salaparuta,TP,Alto
2026-07-14,Salemi,TP,Alto
2026-07-14,Santa Ninfa,TP,Alto
2026-07-14,San Vito Lo Capo,TP,Alto
2026-07-14,Trapani,TP,Alto
2026-07-14,Valderice,TP,Alto
2026-07-14,Vita,TP,Alto
2026-07-14,Petrosino,TP,Alto
2026-07-14,Misiliscemi,TP,Alto
2026-07-14,Alia,PA,Moderato
2026-07-14,Alimena,PA,Alto
2026-07-14,Aliminusa,PA,Moderato
2026-07-14,Altavilla Milicia,PA,Alto
2026-07-14,Altofonte,PA,Moderato
2026-07-14,Bagheria,PA,Alto
2026-07-14,Balestrate,PA,Alto
2026-07-14,Baucina,PA,Alto
2026-07-14,Belmonte Mezzagno,PA,Moderato
2026-07-14,Bisacquino,PA,Alto
2026-07-14,Bolognetta,PA,Alto
2026-07-14,Bompietro,PA,Moderato
2026-07-14,Borgetto,PA,Moderato
2026-07-14,Caccamo,PA,Alto
2026-07-14,Caltavuturo,PA,Moderato
2026-07-14,Campofelice di Fitalia,PA,Alto
2026-07-14,Campofelice di Roccella,PA,Alto
2026-07-14,Campofiorito,PA,Moderato
2026-07-14,Camporeale,PA,Alto
2026-07-14,Capaci,PA,Moderato
2026-07-14,Carini,PA,Moderato
2026-07-14,Castelbuono,PA,Alto
2026-07-14,Casteldaccia,PA,Alto
2026-07-14,Castellana Sicula,PA,Moderato
2026-07-14,Castronovo di Sicilia,PA,Alto
2026-07-14,Cefalà Diana,PA,Moderato
2026-07-14,Cefalù,PA,Moderato
2026-07-14,Cerda,PA,Alto
2026-07-14,Chiusa Sclafani,PA,Alto
2026-07-14,Ciminna,PA,Alto
2026-07-14,Cinisi,PA,Alto
2026-07-14,Collesano,PA,Alto
2026-07-14,Contessa Entellina,PA,Moderato
2026-07-14,Corleone,PA,Moderato
2026-07-14,Ficarazzi,PA,Alto
2026-07-14,Gangi,PA,Moderato
2026-07-14,Geraci Siculo,PA,Moderato
2026-07-14,Giardinello,PA,Alto
2026-07-14,Giuliana,PA,Alto
2026-07-14,Godrano,PA,Moderato
2026-07-14,Gratteri,PA,Moderato
2026-07-14,Isnello,PA,Moderato
2026-07-14,Isola delle Femmine,PA,Alto
2026-07-14,Lascari,PA,Alto
2026-07-14,Lercara Friddi,PA,Moderato
2026-07-14,Marineo,PA,Moderato
2026-07-14,Mezzojuso,PA,Moderato
2026-07-14,Misilmeri,PA,Alto
2026-07-14,Monreale,PA,Alto
2026-07-14,Montelepre,PA,Moderato
2026-07-14,Montemaggiore Belsito,PA,Moderato
2026-07-14,Palazzo Adriano,PA,Moderato
2026-07-14,Palermo,PA,Alto
2026-07-14,Partinico,PA,Alto
2026-07-14,Petralia Soprana,PA,Alto
2026-07-14,Petralia Sottana,PA,Moderato
2026-07-14,Piana degli Albanesi,PA,Alto
2026-07-14,Polizzi Generosa,PA,Moderato
2026-07-14,Pollina,PA,Alto
2026-07-14,Prizzi,PA,Alto
2026-07-14,Roccamena,PA,Alto
2026-07-14,Roccapalumba,PA,Moderato
2026-07-14,San Cipirello,PA,Alto
2026-07-14,San Giuseppe Jato,PA,Alto
2026-07-14,San Mauro Castelverde,PA,Moderato
2026-07-14,Santa Cristina Gela,PA,Moderato
2026-07-14,Santa Flavia,PA,Alto
2026-07-14,Sciara,PA,Alto
2026-07-14,Sclafani Bagni,PA,Moderato
2026-07-14,Termini Imerese,PA,Alto
2026-07-14,Terrasini,PA,Alto
2026-07-14,Torretta,PA,Moderato
2026-07-14,Trabia,PA,Alto
2026-07-14,Trappeto,PA,Alto
2026-07-14,Valledolmo,PA,Moderato
2026-07-14,Ventimiglia di Sicilia,PA,Alto
2026-07-14,Vicari,PA,Alto
2026-07-14,Villabate,PA,Alto
2026-07-14,Villafrati,PA,Moderato
2026-07-14,Scillato,PA,Moderato
2026-07-14,Blufi,PA,Alto
2026-07-14,Alcara li Fusi,ME,Moderato
2026-07-14,Alì,ME,Alto
2026-07-14,Alì Terme,ME,Alto
2026-07-14,Antillo,ME,Moderato
2026-07-14,Barcellona Pozzo di Gotto,ME,Alto
2026-07-14,Basicò,ME,Moderato
2026-07-14,Brolo,ME,Alto
2026-07-14,Capizzi,ME,Moderato
2026-07-14,Capo d'Orlando,ME,Alto
2026-07-14,Capri Leone,ME,Alto
2026-07-14,Caronia,ME,Moderato
2026-07-14,Casalvecchio Siculo,ME,Alto
2026-07-14,Castel di Lucio,ME,Moderato
2026-07-14,Castell'Umberto,ME,Moderato
2026-07-14,Castelmola,ME,Alto
2026-07-14,Castroreale,ME,Moderato
2026-07-14,Cesarò,ME,Moderato
2026-07-14,Condrò,ME,Alto
2026-07-14,Falcone,ME,Alto
2026-07-14,Ficarra,ME,Moderato
2026-07-14,Fiumedinisi,ME,Moderato
2026-07-14,Floresta,ME,Moderato
2026-07-14,Fondachelli-Fantina,ME,Moderato
2026-07-14,Forza d'Agrò,ME,Alto
2026-07-14,Francavilla di Sicilia,ME,Moderato
2026-07-14,Frazzanò,ME,Moderato
2026-07-14,Furci Siculo,ME,Alto
2026-07-14,Furnari,ME,Alto
2026-07-14,Gaggi,ME,Moderato
2026-07-14,Galati Mamertino,ME,Moderato
2026-07-14,Gallodoro,ME,Alto
2026-07-14,Giardini-Naxos,ME,Alto
2026-07-14,Gioiosa Marea,ME,Alto
2026-07-14,Graniti,ME,Alto
2026-07-14,Gualtieri Sicaminò,ME,Alto
2026-07-14,Itala,ME,Alto
2026-07-14,Leni,ME,Alto
2026-07-14,Letojanni,ME,Alto
2026-07-14,Librizzi,ME,Alto
2026-07-14,Limina,ME,Moderato
2026-07-14,Lipari,ME,Alto
2026-07-14,Longi,ME,Moderato
2026-07-14,Malfa,ME,Alto
2026-07-14,Malvagna,ME,Moderato
2026-07-14,Mandanici,ME,Moderato
2026-07-14,Mazzarrà Sant'Andrea,ME,Alto
2026-07-14,Merì,ME,Alto
2026-07-14,Messina,ME,Alto
2026-07-14,Milazzo,ME,Alto
2026-07-14,Militello Rosmarino,ME,Moderato
2026-07-14,Mirto,ME,Alto
2026-07-14,Mistretta,ME,Moderato
2026-07-14,Moio Alcantara,ME,Moderato
2026-07-14,Monforte San Giorgio,ME,Alto
2026-07-14,Mongiuffi Melia,ME,Alto
2026-07-14,Montagnareale,ME,Alto
2026-07-14,Montalbano Elicona,ME,Moderato
2026-07-14,Motta Camastra,ME,Alto
2026-07-14,Motta d'Affermo,ME,Alto
2026-07-14,Naso,ME,Alto
2026-07-14,Nizza di Sicilia,ME,Alto
2026-07-14,Novara di Sicilia,ME,Moderato
2026-07-14,Oliveri,ME,Alto
2026-07-14,Pace del Mela,ME,Alto
2026-07-14,Pagliara,ME,Alto
2026-07-14,Patti,ME,Alto
2026-07-14,Pettineo,ME,Moderato
2026-07-14,Piraino,ME,Alto
2026-07-14,Raccuja,ME,Moderato
2026-07-14,Reitano,ME,Moderato
2026-07-14,Roccafiorita,ME,Moderato
2026-07-14,Roccalumera,ME,Alto
2026-07-14,Roccavaldina,ME,Alto
2026-07-14,Roccella Valdemone,ME,Moderato
2026-07-14,Rodì Milici,ME,Moderato
2026-07-14,Rometta,ME,Alto
2026-07-14,San Filippo del Mela,ME,Alto
2026-07-14,San Fratello,ME,Moderato
2026-07-14,San Marco d'Alunzio,ME,Moderato
2026-07-14,San Pier Niceto,ME,Alto
2026-07-14,San Piero Patti,ME,Moderato
2026-07-14,San Salvatore di Fitalia,ME,Moderato
2026-07-14,Santa Domenica Vittoria,ME,Moderato
2026-07-14,Sant'Agata di Militello,ME,Alto
2026-07-14,Sant'Alessio Siculo,ME,Alto
2026-07-14,Santa Lucia del Mela,ME,Moderato
2026-07-14,Santa Marina Salina,ME,Alto
2026-07-14,Sant'Angelo di Brolo,ME,Moderato
2026-07-14,Santa Teresa di Riva,ME,Alto
2026-07-14,San Teodoro,ME,Moderato
2026-07-14,Santo Stefano di Camastra,ME,Alto
2026-07-14,Saponara,ME,Alto
2026-07-14,Savoca,ME,Alto
2026-07-14,Scaletta Zanclea,ME,Alto
2026-07-14,Sinagra,ME,Moderato
2026-07-14,Spadafora,ME,Alto
2026-07-14,Taormina,ME,Alto
2026-07-14,Torregrotta,ME,Alto
2026-07-14,Tortorici,ME,Moderato
2026-07-14,Tripi,ME,Moderato
2026-07-14,Tusa,ME,Moderato
2026-07-14,Ucria,ME,Moderato
2026-07-14,Valdina,ME,Alto
2026-07-14,Venetico,ME,Alto
2026-07-14,Villafranca Tirrena,ME,Alto
2026-07-14,Terme Vigliatore,ME,Alto
2026-07-14,Acquedolci,ME,Alto
2026-07-14,Torrenova,ME,Alto
2026-07-14,Agrigento,AG,Alto
2026-07-14,Alessandria della Rocca,AG,Moderato
2026-07-14,Aragona,AG,Alto
2026-07-14,Bivona,AG,Moderato
2026-07-14,Burgio,AG,Moderato
2026-07-14,Calamonaci,AG,Moderato
2026-07-14,Caltabellotta,AG,Moderato
2026-07-14,Camastra,AG,Moderato
2026-07-14,Cammarata,AG,Alto
2026-07-14,Campobello di Licata,AG,Alto
2026-07-14,Canicattì,AG,Alto
2026-07-14,Casteltermini,AG,Moderato
2026-07-14,Castrofilippo,AG,Moderato
2026-07-14,Cattolica Eraclea,AG,Moderato
2026-07-14,Cianciana,AG,Moderato
2026-07-14,Comitini,AG,Alto
2026-07-14,Favara,AG,Moderato
2026-07-14,Grotte,AG,Alto
2026-07-14,Joppolo Giancaxio,AG,Alto
2026-07-14,Licata,AG,Alto
2026-07-14,Lucca Sicula,AG,Moderato
2026-07-14,Menfi,AG,Alto
2026-07-14,Montallegro,AG,Alto
2026-07-14,Montevago,AG,Moderato
2026-07-14,Naro,AG,Moderato
2026-07-14,Palma di Montechiaro,AG,Moderato
2026-07-14,Porto Empedocle,AG,Alto
2026-07-14,Racalmuto,AG,Alto
2026-07-14,Raffadali,AG,Alto
2026-07-14,Ravanusa,AG,Alto
2026-07-14,Realmonte,AG,Moderato
2026-07-14,Ribera,AG,Alto
2026-07-14,Sambuca di Sicilia,AG,Moderato
2026-07-14,San Biagio Platani,AG,Moderato
2026-07-14,San Giovanni Gemini,AG,Alto
2026-07-14,Santa Elisabetta,AG,Alto
2026-07-14,Santa Margherita di Belice,AG,Moderato
2026-07-14,Sant'Angelo Muxaro,AG,Alto
2026-07-14,Santo Stefano Quisquina,AG,Moderato
2026-07-14,Sciacca,AG,Alto
2026-07-14,Siculiana,AG,Alto
2026-07-14,Villafranca Sicula,AG,Moderato
2026-07-14,Acquaviva Platani,CL,Moderato
2026-07-14,Bompensiere,CL,Alto
2026-07-14,Butera,CL,Alto
2026-07-14,Caltanissetta,CL,Alto
2026-07-14,Campofranco,CL,Alto
2026-07-14,Delia,CL,Alto
2026-07-14,Gela,CL,Moderato
2026-07-14,Marianopoli,CL,Moderato
2026-07-14,Mazzarino,CL,Moderato
2026-07-14,Milena,CL,Alto
2026-07-14,Montedoro,CL,Alto
2026-07-14,Mussomeli,CL,Alto
2026-07-14,Niscemi,CL,Moderato
2026-07-14,Resuttano,CL,Alto
2026-07-14,Riesi,CL,Alto
2026-07-14,San Cataldo,CL,Alto
2026-07-14,Santa Caterina Villarmosa,CL,Alto
2026-07-14,Serradifalco,CL,Alto
2026-07-14,Sommatino,CL,Alto
2026-07-14,Sutera,CL,Alto
2026-07-14,Vallelunga Pratameno,CL,Alto
2026-07-14,Villalba,CL,Alto
2026-07-14,Agira,EN,Alto
2026-07-14,Aidone,EN,Alto
2026-07-14,Assoro,EN,Alto
2026-07-14,Barrafranca,EN,Alto
2026-07-14,Calascibetta,EN,Alto
2026-07-14,Catenanuova,EN,Alto
2026-07-14,Centuripe,EN,Alto
2026-07-14,Cerami,EN,Alto
2026-07-14,Enna,EN,Alto
2026-07-14,Gagliano Castelferrato,EN,Moderato
2026-07-14,Leonforte,EN,Alto
2026-07-14,Nicosia,EN,Alto
2026-07-14,Nissoria,EN,Alto
2026-07-14,Piazza Armerina,EN,Moderato
2026-07-14,Pietraperzia,EN,Alto
2026-07-14,Regalbuto,EN,Alto
2026-07-14,Sperlinga,EN,Moderato
2026-07-14,Troina,EN,Moderato
2026-07-14,Valguarnera Caropepe,EN,Alto
2026-07-14,Villarosa,EN,Alto
2026-07-14,Aci Bonaccorsi,CT,Moderato
2026-07-14,Aci Castello,CT,Alto
2026-07-14,Aci Catena,CT,Alto
2026-07-14,Acireale,CT,Alto
2026-07-14,Aci Sant'Antonio,CT,Moderato
2026-07-14,Adrano,CT,Moderato
2026-07-14,Belpasso,CT,Alto
2026-07-14,Biancavilla,CT,Moderato
2026-07-14,Bronte,CT,Moderato
2026-07-14,Calatabiano,CT,Alto
2026-07-14,Caltagirone,CT,Moderato
2026-07-14,Camporotondo Etneo,CT,Alto
2026-07-14,Castel di Iudica,CT,Alto
2026-07-14,Castiglione di Sicilia,CT,Moderato
2026-07-14,Catania,CT,Alto
2026-07-14,Fiumefreddo di Sicilia,CT,Alto
2026-07-14,Giarre,CT,Alto
2026-07-14,Grammichele,CT,Moderato
2026-07-14,Gravina di Catania,CT,Alto
2026-07-14,Licodia Eubea,CT,Moderato
2026-07-14,Linguaglossa,CT,Moderato
2026-07-14,Maletto,CT,Moderato
2026-07-14,Mascali,CT,Moderato
2026-07-14,Mascalucia,CT,Moderato
2026-07-14,Militello in Val di Catania,CT,Alto
2026-07-14,Milo,CT,Moderato
2026-07-14,Mineo,CT,Alto
2026-07-14,Mirabella Imbaccari,CT,Alto
2026-07-14,Misterbianco,CT,Alto
2026-07-14,Motta Sant'Anastasia,CT,Alto
2026-07-14,Nicolosi,CT,Moderato
2026-07-14,Palagonia,CT,Alto
2026-07-14,Paternò,CT,Alto
2026-07-14,Pedara,CT,Moderato
2026-07-14,Piedimonte Etneo,CT,Moderato
2026-07-14,Raddusa,CT,Alto
2026-07-14,Ramacca,CT,Alto
2026-07-14,Randazzo,CT,Moderato
2026-07-14,Riposto,CT,Alto
2026-07-14,San Cono,CT,Alto
2026-07-14,San Giovanni la Punta,CT,Moderato
2026-07-14,San Gregorio di Catania,CT,Moderato
2026-07-14,San Michele di Ganzaria,CT,Moderato
2026-07-14,San Pietro Clarenza,CT,Alto
2026-07-14,Sant'Agata li Battiati,CT,Alto
2026-07-14,Sant'Alfio,CT,Moderato
2026-07-14,Santa Maria di Licodia,CT,Alto
2026-07-14,Santa Venerina,CT,Moderato
2026-07-14,Scordia,CT,Alto
2026-07-14,Trecastagni,CT,Moderato
2026-07-14,Tremestieri Etneo,CT,Moderato
2026-07-14,Valverde,CT,Moderato
2026-07-14,Viagrande,CT,Moderato
2026-07-14,Vizzini,CT,Moderato
2026-07-14,Zafferana Etnea,CT,Moderato
2026-07-14,Mazzarrone,CT,Alto
2026-07-14,Maniace,CT,Alto
2026-07-14,Ragalna,CT,Moderato
2026-07-14,Acate,RG,Alto
2026-07-14,Chiaramonte Gulfi,RG,Alto
2026-07-14,Comiso,RG,Moderato
2026-07-14,Giarratana,RG,Moderato
2026-07-14,Ispica,RG,Alto
2026-07-14,Modica,RG,Alto
2026-07-14,Monterosso Almo,RG,Moderato
2026-07-14,Pozzallo,RG,Alto
2026-07-14,Ragusa,RG,Moderato
2026-07-14,Santa Croce Camerina,RG,Alto
2026-07-14,Scicli,RG,Alto
2026-07-14,Vittoria,RG,Alto
2026-07-14,Augusta,SR,Alto
2026-07-14,Avola,SR,Alto
2026-07-14,Buccheri,SR,Alto
2026-07-14,Buscemi,SR,Alto
2026-07-14,Canicattini Bagni,SR,Alto
2026-07-14,Carlentini,SR,Alto
2026-07-14,Cassaro,SR,Alto
2026-07-14,Ferla,SR,Alto
2026-07-14,Floridia,SR,Alto
2026-07-14,Francofonte,SR,Alto
2026-07-14,Lentini,SR,Alto
2026-07-14,Melilli,SR,Alto
2026-07-14,Noto,SR,Alto
2026-07-14,Pachino,SR,Alto
2026-07-14,Palazzolo Acreide,SR,Moderato
2026-07-14,Rosolini,SR,Alto
2026-07-14,Siracusa,SR,Alto
2026-07-14,Solarino,SR,Alto
2026-07-14,Sortino,SR,Alto
2026-07-14,Portopalo di Capo Passero,SR,Alto
2026-07-14,Priolo Gargallo,SR,Alto
2026-07-14,Alcamo,TP,Alto
2026-07-14,Buseto Palizzolo,TP,Alto
2026-07-14,Calatafimi-Segesta,TP,Alto
2026-07-14,Campobello di Mazara,TP,Alto
2026-07-14,Castellammare del Golfo,TP,Alto
2026-07-14,Castelvetrano,TP,Alto
2026-07-14,Custonaci,TP,Alto
2026-07-14,Erice,TP,Alto
2026-07-14,Favignana,TP,Alto
2026-07-14,Gibellina,TP,Alto
2026-07-14,Marsala,TP,Alto
2026-07-14,Mazara del Vallo,TP,Alto
2026-07-14,Paceco,TP,Alto
2026-07-14,Partanna,TP,Alto
2026-07-14,Poggioreale,TP,Alto
2026-07-14,Salaparuta,TP,Alto
2026-07-14,Salemi,TP,Alto
2026-07-14,Santa Ninfa,TP,Alto
2026-07-14,San Vito Lo Capo,TP,Alto
2026-07-14,Trapani,TP,Alto
2026-07-14,Valderice,TP,Alto
2026-07-14,Vita,TP,Alto
2026-07-14,Petrosino,TP,Alto
2026-07-14,Misiliscemi,TP,Alto
2026-07-14,Alia,PA,Moderato
2026-07-14,Alimena,PA,Alto
2026-07-14,Aliminusa,PA,Moderato
2026-07-14,Altavilla Milicia,PA,Alto
2026-07-14,Altofonte,PA,Moderato
2026-07-14,Bagheria,PA,Alto
2026-07-14,Balestrate,PA,Alto
2026-07-14,Baucina,PA,Alto
2026-07-14,Belmonte Mezzagno,PA,Moderato
2026-07-14,Bisacquino,PA,Alto
2026-07-14,Bolognetta,PA,Alto
2026-07-14,Bompietro,PA,Moderato
2026-07-14,Borgetto,PA,Moderato
2026-07-14,Caccamo,PA,Alto
2026-07-14,Caltavuturo,PA,Moderato
2026-07-14,Campofelice di Fitalia,PA,Alto
2026-07-14,Campofelice di Roccella,PA,Alto
2026-07-14,Campofiorito,PA,Moderato
2026-07-14,Camporeale,PA,Alto
2026-07-14,Capaci,PA,Moderato
2026-07-14,Carini,PA,Moderato
2026-07-14,Castelbuono,PA,Alto
2026-07-14,Casteldaccia,PA,Alto
2026-07-14,Castellana Sicula,PA,Moderato
2026-07-14,Castronovo di Sicilia,PA,Alto
2026-07-14,Cefalà Diana,PA,Moderato
2026-07-14,Cefalù,PA,Moderato
2026-07-14,Cerda,PA,Alto
2026-07-14,Chiusa Sclafani,PA,Alto
2026-07-14,Ciminna,PA,Alto
2026-07-14,Cinisi,PA,Alto
2026-07-14,Collesano,PA,Alto
2026-07-14,Contessa Entellina,PA,Moderato
2026-07-14,Corleone,PA,Moderato
2026-07-14,Ficarazzi,PA,Alto
2026-07-14,Gangi,PA,Moderato
2026-07-14,Geraci Siculo,PA,Moderato
2026-07-14,Giardinello,PA,Alto
2026-07-14,Giuliana,PA,Alto
2026-07-14,Godrano,PA,Moderato
2026-07-14,Gratteri,PA,Moderato
2026-07-14,Isnello,PA,Moderato
2026-07-14,Isola delle Femmine,PA,Alto
2026-07-14,Lascari,PA,Alto
2026-07-14,Lercara Friddi,PA,Moderato
2026-07-14,Marineo,PA,Moderato
2026-07-14,Mezzojuso,PA,Moderato
2026-07-14,Misilmeri,PA,Alto
2026-07-14,Monreale,PA,Alto
2026-07-14,Montelepre,PA,Moderato
2026-07-14,Montemaggiore Belsito,PA,Moderato
2026-07-14,Palazzo Adriano,PA,Moderato
2026-07-14,Palermo,PA,Alto
2026-07-14,Partinico,PA,Alto
2026-07-14,Petralia Soprana,PA,Alto
2026-07-14,Petralia Sottana,PA,Moderato
2026-07-14,Piana degli Albanesi,PA,Alto
2026-07-14,Polizzi Generosa,PA,Moderato
2026-07-14,Pollina,PA,Alto
2026-07-14,Prizzi,PA,Alto
2026-07-14,Roccamena,PA,Alto
2026-07-14,Roccapalumba,PA,Moderato
2026-07-14,San Cipirello,PA,Alto
2026-07-14,San Giuseppe Jato,PA,Alto
2026-07-14,San Mauro Castelverde,PA,Moderato
2026-07-14,Santa Cristina Gela,PA,Moderato
2026-07-14,Santa Flavia,PA,Alto
2026-07-14,Sciara,PA,Alto
2026-07-14,Sclafani Bagni,PA,Moderato
2026-07-14,Termini Imerese,PA,Alto
2026-07-14,Terrasini,PA,Alto
2026-07-14,Torretta,PA,Moderato
2026-07-14,Trabia,PA,Alto
2026-07-14,Trappeto,PA,Alto
2026-07-14,Valledolmo,PA,Moderato
2026-07-14,Ventimiglia di Sicilia,PA,Alto
2026-07-14,Vicari,PA,Alto
2026-07-14,Villabate,PA,Alto
2026-07-14,Villafrati,PA,Moderato
2026-07-14,Scillato,PA,Moderato
2026-07-14,Blufi,PA,Alto
2026-07-14,Alcara li Fusi,ME,Moderato
2026-07-14,Alì,ME,Alto
2026-07-14,Alì Terme,ME,Alto
2026-07-14,Antillo,ME,Moderato
2026-07-14,Barcellona Pozzo di Gotto,ME,Alto
2026-07-14,Basicò,ME,Moderato
2026-07-14,Brolo,ME,Alto
2026-07-14,Capizzi,ME,Moderato
2026-07-14,Capo d'Orlando,ME,Alto
2026-07-14,Capri Leone,ME,Alto
2026-07-14,Caronia,ME,Moderato
2026-07-14,Casalvecchio Siculo,ME,Alto
2026-07-14,Castel di Lucio,ME,Moderato
2026-07-14,Castell'Umberto,ME,Moderato
2026-07-14,Castelmola,ME,Alto
2026-07-14,Castroreale,ME,Moderato
2026-07-14,Cesarò,ME,Moderato
2026-07-14,Condrò,ME,Alto
2026-07-14,Falcone,ME,Alto
2026-07-14,Ficarra,ME,Moderato
2026-07-14,Fiumedinisi,ME,Moderato
2026-07-14,Floresta,ME,Moderato
2026-07-14,Fondachelli-Fantina,ME,Moderato
2026-07-14,Forza d'Agrò,ME,Alto
2026-07-14,Francavilla di Sicilia,ME,Moderato
2026-07-14,Frazzanò,ME,Moderato
2026-07-14,Furci Siculo,ME,Alto
2026-07-14,Furnari,ME,Alto
2026-07-14,Gaggi,ME,Moderato
2026-07-14,Galati Mamertino,ME,Moderato
2026-07-14,Gallodoro,ME,Alto
2026-07-14,Giardini-Naxos,ME,Alto
2026-07-14,Gioiosa Marea,ME,Alto
2026-07-14,Graniti,ME,Alto
2026-07-14,Gualtieri Sicaminò,ME,Alto
2026-07-14,Itala,ME,Alto
2026-07-14,Leni,ME,Alto
2026-07-14,Letojanni,ME,Alto
2026-07-14,Librizzi,ME,Alto
2026-07-14,Limina,ME,Moderato
2026-07-14,Lipari,ME,Alto
2026-07-14,Longi,ME,Moderato
2026-07-14,Malfa,ME,Alto
2026-07-14,Malvagna,ME,Moderato
2026-07-14,Mandanici,ME,Moderato
2026-07-14,Mazzarrà Sant'Andrea,ME,Alto
2026-07-14,Merì,ME,Alto
2026-07-14,Messina,ME,Alto
2026-07-14,Milazzo,ME,Alto
2026-07-14,Militello Rosmarino,ME,Moderato
2026-07-14,Mirto,ME,Alto
2026-07-14,Mistretta,ME,Moderato
2026-07-14,Moio Alcantara,ME,Moderato
2026-07-14,Monforte San Giorgio,ME,Alto
2026-07-14,Mongiuffi Melia,ME,Alto
2026-07-14,Montagnareale,ME,Alto
2026-07-14,Montalbano Elicona,ME,Moderato
2026-07-14,Motta Camastra,ME,Alto
2026-07-14,Motta d'Affermo,ME,Alto
2026-07-14,Naso,ME,Alto
2026-07-14,Nizza di Sicilia,ME,Alto
2026-07-14,Novara di Sicilia,ME,Moderato
2026-07-14,Oliveri,ME,Alto
2026-07-14,Pace del Mela,ME,Alto
2026-07-14,Pagliara,ME,Alto
2026-07-14,Patti,ME,Alto
2026-07-14,Pettineo,ME,Moderato
2026-07-14,Piraino,ME,Alto
2026-07-14,Raccuja,ME,Moderato
2026-07-14,Reitano,ME,Moderato
2026-07-14,Roccafiorita,ME,Moderato
2026-07-14,Roccalumera,ME,Alto
2026-07-14,Roccavaldina,ME,Alto
2026-07-14,Roccella Valdemone,ME,Moderato
2026-07-14,Rodì Milici,ME,Moderato
2026-07-14,Rometta,ME,Alto
2026-07-14,San Filippo del Mela,ME,Alto
2026-07-14,San Fratello,ME,Moderato
2026-07-14,San Marco d'Alunzio,ME,Moderato
2026-07-14,San Pier Niceto,ME,Alto
2026-07-14,San Piero Patti,ME,Moderato
2026-07-14,San Salvatore di Fitalia,ME,Moderato
2026-07-14,Santa Domenica Vittoria,ME,Moderato
2026-07-14,Sant'Agata di Militello,ME,Alto
2026-07-14,Sant'Alessio Siculo,ME,Alto
2026-07-14,Santa Lucia del Mela,ME,Moderato
2026-07-14,Santa Marina Salina,ME,Alto
2026-07-14,Sant'Angelo di Brolo,ME,Moderato
2026-07-14,Santa Teresa di Riva,ME,Alto
2026-07-14,San Teodoro,ME,Moderato
2026-07-14,Santo Stefano di Camastra,ME,Alto
2026-07-14,Saponara,ME,Alto
2026-07-14,Savoca,ME,Alto
2026-07-14,Scaletta Zanclea,ME,Alto
2026-07-14,Sinagra,ME,Moderato
2026-07-14,Spadafora,ME,Alto
2026-07-14,Taormina,ME,Alto
2026-07-14,Torregrotta,ME,Alto
2026-07-14,Tortorici,ME,Moderato
2026-07-14,Tripi,ME,Moderato
2026-07-14,Tusa,ME,Moderato
2026-07-14,Ucria,ME,Moderato
2026-07-14,Valdina,ME,Alto
2026-07-14,Venetico,ME,Alto
2026-07-14,Villafranca Tirrena,ME,Alto
2026-07-14,Terme Vigliatore,ME,Alto
2026-07-14,Acquedolci,ME,Alto
2026-07-14,Torrenova,ME,Alto
2026-07-14,Agrigento,AG,Alto
2026-07-14,Alessandria della Rocca,AG,Moderato
2026-07-14,Aragona,AG,Alto
2026-07-14,Bivona,AG,Moderato
2026-07-14,Burgio,AG,Moderato
2026-07-14,Calamonaci,AG,Moderato
2026-07-14,Caltabellotta,AG,Moderato
2026-07-14,Camastra,AG,Moderato
2026-07-14,Cammarata,AG,Alto
2026-07-14,Campobello di Licata,AG,Alto
2026-07-14,Canicattì,AG,Alto
2026-07-14,Casteltermini,AG,Moderato
2026-07-14,Castrofilippo,AG,Moderato
2026-07-14,Cattolica Eraclea,AG,Moderato
2026-07-14,Cianciana,AG,Moderato
2026-07-14,Comitini,AG,Alto
2026-07-14,Favara,AG,Moderato
2026-07-14,Grotte,AG,Alto
2026-07-14,Joppolo Giancaxio,AG,Alto
2026-07-14,Licata,AG,Alto
2026-07-14,Lucca Sicula,AG,Moderato
2026-07-14,Menfi,AG,Alto
2026-07-14,Montallegro,AG,Alto
2026-07-14,Montevago,AG,Moderato
2026-07-14,Naro,AG,Moderato
2026-07-14,Palma di Montechiaro,AG,Moderato
2026-07-14,Porto Empedocle,AG,Alto
2026-07-14,Racalmuto,AG,Alto
2026-07-14,Raffadali,AG,Alto
2026-07-14,Ravanusa,AG,Alto
2026-07-14,Realmonte,AG,Moderato
2026-07-14,Ribera,AG,Alto
2026-07-14,Sambuca di Sicilia,AG,Moderato
2026-07-14,San Biagio Platani,AG,Moderato
2026-07-14,San Giovanni Gemini,AG,Alto
2026-07-14,Santa Elisabetta,AG,Alto
2026-07-14,Santa Margherita di Belice,AG,Moderato
2026-07-14,Sant'Angelo Muxaro,AG,Alto
2026-07-14,Santo Stefano Quisquina,AG,Moderato
2026-07-14,Sciacca,AG,Alto
2026-07-14,Siculiana,AG,Alto
2026-07-14,Villafranca Sicula,AG,Moderato
2026-07-14,Acquaviva Platani,CL,Moderato
2026-07-14,Bompensiere,CL,Alto
2026-07-14,Butera,CL,Alto
2026-07-14,Caltanissetta,CL,Alto
2026-07-14,Campofranco,CL,Alto
2026-07-14,Delia,CL,Alto
2026-07-14,Gela,CL,Moderato
2026-07-14,Marianopoli,CL,Moderato
2026-07-14,Mazzarino,CL,Moderato
2026-07-14,Milena,CL,Alto
2026-07-14,Montedoro,CL,Alto
2026-07-14,Mussomeli,CL,Alto
2026-07-14,Niscemi,CL,Moderato
2026-07-14,Resuttano,CL,Alto
2026-07-14,Riesi,CL,Alto
2026-07-14,San Cataldo,CL,Alto
2026-07-14,Santa Caterina Villarmosa,CL,Alto
2026-07-14,Serradifalco,CL,Alto
2026-07-14,Sommatino,CL,Alto
2026-07-14,Sutera,CL,Alto
2026-07-14,Vallelunga Pratameno,CL,Alto
2026-07-14,Villalba,CL,Alto
2026-07-14,Agira,EN,Alto
2026-07-14,Aidone,EN,Alto
2026-07-14,Assoro,EN,Alto
2026-07-14,Barrafranca,EN,Alto
2026-07-14,Calascibetta,EN,Alto
2026-07-14,Catenanuova,EN,Alto
2026-07-14,Centuripe,EN,Alto
2026-07-14,Cerami,EN,Alto
2026-07-14,Enna,EN,Alto
2026-07-14,Gagliano Castelferrato,EN,Moderato
2026-07-14,Leonforte,EN,Alto
2026-07-14,Nicosia,EN,Alto
2026-07-14,Nissoria,EN,Alto
2026-07-14,Piazza Armerina,EN,Moderato
2026-07-14,Pietraperzia,EN,Alto
2026-07-14,Regalbuto,EN,Alto
2026-07-14,Sperlinga,EN,Moderato
2026-07-14,Troina,EN,Moderato
2026-07-14,Valguarnera Caropepe,EN,Alto
2026-07-14,Villarosa,EN,Alto
2026-07-14,Aci Bonaccorsi,CT,Moderato
2026-07-14,Aci Castello,CT,Alto
2026-07-14,Aci Catena,CT,Alto
2026-07-14,Acireale,CT,Alto
2026-07-14,Aci Sant'Antonio,CT,Moderato
2026-07-14,Adrano,CT,Moderato
2026-07-14,Belpasso,CT,Alto
2026-07-14,Biancavilla,CT,Moderato
2026-07-14,Bronte,CT,Moderato
2026-07-14,Calatabiano,CT,Alto
2026-07-14,Caltagirone,CT,Moderato
2026-07-14,Camporotondo Etneo,CT,Alto
2026-07-14,Castel di Iudica,CT,Alto
2026-07-14,Castiglione di Sicilia,CT,Moderato
2026-07-14,Catania,CT,Alto
2026-07-14,Fiumefreddo di Sicilia,CT,Alto
2026-07-14,Giarre,CT,Alto
2026-07-14,Grammichele,CT,Moderato
2026-07-14,Gravina di Catania,CT,Alto
2026-07-14,Licodia Eubea,CT,Moderato
2026-07-14,Linguaglossa,CT,Moderato
2026-07-14,Maletto,CT,Moderato
2026-07-14,Mascali,CT,Moderato
2026-07-14,Mascalucia,CT,Moderato
2026-07-14,Militello in Val di Catania,CT,Alto
2026-07-14,Milo,CT,Moderato
2026-07-14,Mineo,CT,Alto
2026-07-14,Mirabella Imbaccari,CT,Alto
2026-07-14,Misterbianco,CT,Alto
2026-07-14,Motta Sant'Anastasia,CT,Alto
2026-07-14,Nicolosi,CT,Moderato
2026-07-14,Palagonia,CT,Alto
2026-07-14,Paternò,CT,Alto
2026-07-14,Pedara,CT,Moderato
2026-07-14,Piedimonte Etneo,CT,Moderato
2026-07-14,Raddusa,CT,Alto
2026-07-14,Ramacca,CT,Alto
2026-07-14,Randazzo,CT,Moderato
2026-07-14,Riposto,CT,Alto
2026-07-14,San Cono,CT,Alto
2026-07-14,San Giovanni la Punta,CT,Moderato
2026-07-14,San Gregorio di Catania,CT,Moderato
2026-07-14,San Michele di Ganzaria,CT,Moderato
2026-07-14,San Pietro Clarenza,CT,Alto
2026-07-14,Sant'Agata li Battiati,CT,Alto
2026-07-14,Sant'Alfio,CT,Moderato
2026-07-14,Santa Maria di Licodia,CT,Alto
2026-07-14,Santa Venerina,CT,Moderato
2026-07-14,Scordia,CT,Alto
2026-07-14,Trecastagni,CT,Moderato
2026-07-14,Tremestieri Etneo,CT,Moderato
2026-07-14,Valverde,CT,Moderato
2026-07-14,Viagrande,CT,Moderato
2026-07-14,Vizzini,CT,Moderato
2026-07-14,Zafferana Etnea,CT,Moderato
2026-07-14,Mazzarrone,CT,Alto
2026-07-14,Maniace,CT,Alto
2026-07-14,Ragalna,CT,Moderato
2026-07-14,Acate,RG,Alto
2026-07-14,Chiaramonte Gulfi,RG,Alto
2026-07-14,Comiso,RG,Moderato
2026-07-14,Giarratana,RG,Moderato
2026-07-14,Ispica,RG,Alto
2026-07-14,Modica,RG,Alto
2026-07-14,Monterosso Almo,RG,Moderato
2026-07-14,Pozzallo,RG,Alto
2026-07-14,Ragusa,RG,Moderato
2026-07-14,Santa Croce Camerina,RG,Alto
2026-07-14,Scicli,RG,Alto
2026-07-14,Vittoria,RG,Alto
2026-07-14,Augusta,SR,Alto
2026-07-14,Avola,SR,Alto
2026-07-14,Buccheri,SR,Alto
2026-07-14,Buscemi,SR,Alto
2026-07-14,Canicattini Bagni,SR,Alto
2026-07-14,Carlentini,SR,Alto
2026-07-14,Cassaro,SR,Alto
2026-07-14,Ferla,SR,Alto
2026-07-14,Floridia,SR,Alto
2026-07-14,Francofonte,SR,Alto
2026-07-14,Lentini,SR,Alto
2026-07-14,Melilli,SR,Alto
2026-07-14,Noto,SR,Alto
2026-07-14,Pachino,SR,Alto
2026-07-14,Palazzolo Acreide,SR,Moderato
2026-07-14,Rosolini,SR,Alto
2026-07-14,Siracusa,SR,Alto
2026-07-14,Solarino,SR,Alto
2026-07-14,Sortino,SR,Alto
2026-07-14,Portopalo di Capo Passero,SR,Alto
2026-07-14,Priolo Gargallo,SR,Alto
2026-07-15,Alcamo,TP,Alto
2026-07-15,Buseto Palizzolo,TP,Alto
2026-07-15,Calatafimi-Segesta,TP,Alto
2026-07-15,Campobello di Mazara,TP,Alto
2026-07-15,Castellammare del Golfo,TP,Alto
2026-07-15,Castelvetrano,TP,Alto
2026-07-15,Custonaci,TP,Alto
2026-07-15,Erice,TP,Alto
2026-07-15,Favignana,TP,Alto
2026-07-15,Gibellina,TP,Alto
2026-07-15,Marsala,TP,Alto
2026-07-15,Mazara del Vallo,TP,Alto
2026-07-15,Paceco,TP,Alto
2026-07-15,Partanna,TP,Alto
2026-07-15,Poggioreale,TP,Alto
2026-07-15,Salaparuta,TP,Alto
2026-07-15,Salemi,TP,Alto
2026-07-15,Santa Ninfa,TP,Alto
2026-07-15,San Vito Lo Capo,TP,Alto
2026-07-15,Trapani,TP,Alto
2026-07-15,Valderice,TP,Alto
2026-07-15,Vita,TP,Alto
2026-07-15,Petrosino,TP,Alto
2026-07-15,Misiliscemi,TP,Alto
2026-07-15,Alia,PA,Alto
2026-07-15,Alimena,PA,Alto
2026-07-15,Aliminusa,PA,Moderato
2026-07-15,Altavilla Milicia,PA,Alto
2026-07-15,Altofonte,PA,Alto
2026-07-15,Bagheria,PA,Alto
2026-07-15,Balestrate,PA,Alto
2026-07-15,Baucina,PA,Alto
2026-07-15,Belmonte Mezzagno,PA,Alto
2026-07-15,Bisacquino,PA,Alto
2026-07-15,Bolognetta,PA,Alto
2026-07-15,Bompietro,PA,Alto
2026-07-15,Borgetto,PA,Alto
2026-07-15,Caccamo,PA,Alto
2026-07-15,Caltavuturo,PA,Moderato
2026-07-15,Campofelice di Fitalia,PA,Alto
2026-07-15,Campofelice di Roccella,PA,Alto
2026-07-15,Campofiorito,PA,Alto
2026-07-15,Camporeale,PA,Alto
2026-07-15,Capaci,PA,Alto
2026-07-15,Carini,PA,Alto
2026-07-15,Castelbuono,PA,Moderato
2026-07-15,Casteldaccia,PA,Alto
2026-07-15,Castellana Sicula,PA,Alto
2026-07-15,Castronovo di Sicilia,PA,Alto
2026-07-15,Cefalà Diana,PA,Alto
2026-07-15,Cefalù,PA,Alto
2026-07-15,Cerda,PA,Alto
2026-07-15,Chiusa Sclafani,PA,Alto
2026-07-15,Ciminna,PA,Alto
2026-07-15,Cinisi,PA,Alto
2026-07-15,Collesano,PA,Alto
2026-07-15,Contessa Entellina,PA,Alto
2026-07-15,Corleone,PA,Alto
2026-07-15,Ficarazzi,PA,Alto
2026-07-15,Gangi,PA,Alto
2026-07-15,Geraci Siculo,PA,Moderato
2026-07-15,Giardinello,PA,Alto
2026-07-15,Giuliana,PA,Alto
2026-07-15,Godrano,PA,Alto
2026-07-15,Gratteri,PA,Alto
2026-07-15,Isnello,PA,Moderato
2026-07-15,Isola delle Femmine,PA,Alto
2026-07-15,Lascari,PA,Alto
2026-07-15,Lercara Friddi,PA,Alto
2026-07-15,Marineo,PA,Alto
2026-07-15,Mezzojuso,PA,Alto
2026-07-15,Misilmeri,PA,Alto
2026-07-15,Monreale,PA,Alto
2026-07-15,Montelepre,PA,Alto
2026-07-15,Montemaggiore Belsito,PA,Moderato
2026-07-15,Palazzo Adriano,PA,Alto
2026-07-15,Palermo,PA,Alto
2026-07-15,Partinico,PA,Alto
2026-07-15,Petralia Soprana,PA,Alto
2026-07-15,Petralia Sottana,PA,Alto
2026-07-15,Piana degli Albanesi,PA,Alto
2026-07-15,Polizzi Generosa,PA,Moderato
2026-07-15,Pollina,PA,Alto
2026-07-15,Prizzi,PA,Alto
2026-07-15,Roccamena,PA,Alto
2026-07-15,Roccapalumba,PA,Alto
2026-07-15,San Cipirello,PA,Alto
2026-07-15,San Giuseppe Jato,PA,Alto
2026-07-15,San Mauro Castelverde,PA,Moderato
2026-07-15,Santa Cristina Gela,PA,Alto
2026-07-15,Santa Flavia,PA,Alto
2026-07-15,Sciara,PA,Alto
2026-07-15,Sclafani Bagni,PA,Alto
2026-07-15,Termini Imerese,PA,Alto
2026-07-15,Terrasini,PA,Alto
2026-07-15,Torretta,PA,Alto
2026-07-15,Trabia,PA,Alto
2026-07-15,Trappeto,PA,Alto
2026-07-15,Valledolmo,PA,Moderato
2026-07-15,Ventimiglia di Sicilia,PA,Alto
2026-07-15,Vicari,PA,Alto
2026-07-15,Villabate,PA,Alto
2026-07-15,Villafrati,PA,Alto
2026-07-15,Scillato,PA,Moderato
2026-07-15,Blufi,PA,Alto
2026-07-15,Alcara li Fusi,ME,Moderato
2026-07-15,Alì,ME,Alto
2026-07-15,Alì Terme,ME,Alto
2026-07-15,Antillo,ME,Alto
2026-07-15,Barcellona Pozzo di Gotto,ME,Moderato
2026-07-15,Basicò,ME,Moderato
2026-07-15,Brolo,ME,Alto
2026-07-15,Capizzi,ME,Moderato
2026-07-15,Capo d'Orlando,ME,Moderato
2026-07-15,Capri Leone,ME,Alto
2026-07-15,Caronia,ME,Moderato
2026-07-15,Casalvecchio Siculo,ME,Alto
2026-07-15,Castel di Lucio,ME,Moderato
2026-07-15,Castell'Umberto,ME,Moderato
2026-07-15,Castelmola,ME,Moderato
2026-07-15,Castroreale,ME,Moderato
2026-07-15,Cesarò,ME,Moderato
2026-07-15,Condrò,ME,Alto
2026-07-15,Falcone,ME,Alto
2026-07-15,Ficarra,ME,Moderato
2026-07-15,Fiumedinisi,ME,Alto
2026-07-15,Floresta,ME,Moderato
2026-07-15,Fondachelli-Fantina,ME,Moderato
2026-07-15,Forza d'Agrò,ME,Alto
2026-07-15,Francavilla di Sicilia,ME,Alto
2026-07-15,Frazzanò,ME,Moderato
2026-07-15,Furci Siculo,ME,Alto
2026-07-15,Furnari,ME,Alto
2026-07-15,Gaggi,ME,Alto
2026-07-15,Galati Mamertino,ME,Moderato
2026-07-15,Gallodoro,ME,Alto
2026-07-15,Giardini-Naxos,ME,Alto
2026-07-15,Gioiosa Marea,ME,Moderato
2026-07-15,Graniti,ME,Alto
2026-07-15,Gualtieri Sicaminò,ME,Moderato
2026-07-15,Itala,ME,Alto
2026-07-15,Leni,ME,Alto
2026-07-15,Letojanni,ME,Alto
2026-07-15,Librizzi,ME,Moderato
2026-07-15,Limina,ME,Moderato
2026-07-15,Lipari,ME,Alto
2026-07-15,Longi,ME,Moderato
2026-07-15,Malfa,ME,Alto
2026-07-15,Malvagna,ME,Moderato
2026-07-15,Mandanici,ME,Alto
2026-07-15,Mazzarrà Sant'Andrea,ME,Moderato
2026-07-15,Merì,ME,Alto
2026-07-15,Messina,ME,Alto
2026-07-15,Milazzo,ME,Alto
2026-07-15,Militello Rosmarino,ME,Moderato
2026-07-15,Mirto,ME,Moderato
2026-07-15,Mistretta,ME,Moderato
2026-07-15,Moio Alcantara,ME,Moderato
2026-07-15,Monforte San Giorgio,ME,Moderato
2026-07-15,Mongiuffi Melia,ME,Moderato
2026-07-15,Montagnareale,ME,Moderato
2026-07-15,Montalbano Elicona,ME,Moderato
2026-07-15,Motta Camastra,ME,Alto
2026-07-15,Motta d'Affermo,ME,Alto
2026-07-15,Naso,ME,Moderato
2026-07-15,Nizza di Sicilia,ME,Alto
2026-07-15,Novara di Sicilia,ME,Moderato
2026-07-15,Oliveri,ME,Alto
2026-07-15,Pace del Mela,ME,Alto
2026-07-15,Pagliara,ME,Alto
2026-07-15,Patti,ME,Alto
2026-07-15,Pettineo,ME,Moderato
2026-07-15,Piraino,ME,Alto
2026-07-15,Raccuja,ME,Moderato
2026-07-15,Reitano,ME,Moderato
2026-07-15,Roccafiorita,ME,Moderato
2026-07-15,Roccalumera,ME,Alto
2026-07-15,Roccavaldina,ME,Alto
2026-07-15,Roccella Valdemone,ME,Alto
2026-07-15,Rodì Milici,ME,Moderato
2026-07-15,Rometta,ME,Moderato
2026-07-15,San Filippo del Mela,ME,Alto
2026-07-15,San Fratello,ME,Moderato
2026-07-15,San Marco d'Alunzio,ME,Moderato
2026-07-15,San Pier Niceto,ME,Alto
2026-07-15,San Piero Patti,ME,Moderato
2026-07-15,San Salvatore di Fitalia,ME,Moderato
2026-07-15,Santa Domenica Vittoria,ME,Moderato
2026-07-15,Sant'Agata di Militello,ME,Moderato
2026-07-15,Sant'Alessio Siculo,ME,Alto
2026-07-15,Santa Lucia del Mela,ME,Moderato
2026-07-15,Santa Marina Salina,ME,Alto
2026-07-15,Sant'Angelo di Brolo,ME,Alto
2026-07-15,Santa Teresa di Riva,ME,Alto
2026-07-15,San Teodoro,ME,Moderato
2026-07-15,Santo Stefano di Camastra,ME,Alto
2026-07-15,Saponara,ME,Alto
2026-07-15,Savoca,ME,Alto
2026-07-15,Scaletta Zanclea,ME,Alto
2026-07-15,Sinagra,ME,Moderato
2026-07-15,Spadafora,ME,Alto
2026-07-15,Taormina,ME,Alto
2026-07-15,Torregrotta,ME,Alto
2026-07-15,Tortorici,ME,Moderato
2026-07-15,Tripi,ME,Moderato
2026-07-15,Tusa,ME,Moderato
2026-07-15,Ucria,ME,Moderato
2026-07-15,Valdina,ME,Alto
2026-07-15,Venetico,ME,Alto
2026-07-15,Villafranca Tirrena,ME,Alto
2026-07-15,Terme Vigliatore,ME,Alto
2026-07-15,Acquedolci,ME,Alto
2026-07-15,Torrenova,ME,Alto
2026-07-15,Agrigento,AG,Alto
2026-07-15,Alessandria della Rocca,AG,Alto
2026-07-15,Aragona,AG,Alto
2026-07-15,Bivona,AG,Alto
2026-07-15,Burgio,AG,Alto
2026-07-15,Calamonaci,AG,Alto
2026-07-15,Caltabellotta,AG,Alto
2026-07-15,Camastra,AG,Alto
2026-07-15,Cammarata,AG,Alto
2026-07-15,Campobello di Licata,AG,Alto
2026-07-15,Canicattì,AG,Alto
2026-07-15,Casteltermini,AG,Alto
2026-07-15,Castrofilippo,AG,Alto
2026-07-15,Cattolica Eraclea,AG,Alto
2026-07-15,Cianciana,AG,Alto
2026-07-15,Comitini,AG,Alto
2026-07-15,Favara,AG,Alto
2026-07-15,Grotte,AG,Alto
2026-07-15,Joppolo Giancaxio,AG,Alto
2026-07-15,Licata,AG,Alto
2026-07-15,Lucca Sicula,AG,Alto
2026-07-15,Menfi,AG,Alto
2026-07-15,Montallegro,AG,Alto
2026-07-15,Montevago,AG,Alto
2026-07-15,Naro,AG,Alto
2026-07-15,Palma di Montechiaro,AG,Alto
2026-07-15,Porto Empedocle,AG,Alto
2026-07-15,Racalmuto,AG,Alto
2026-07-15,Raffadali,AG,Alto
2026-07-15,Ravanusa,AG,Alto
2026-07-15,Realmonte,AG,Alto
2026-07-15,Ribera,AG,Alto
2026-07-15,Sambuca di Sicilia,AG,Alto
2026-07-15,San Biagio Platani,AG,Alto
2026-07-15,San Giovanni Gemini,AG,Alto
2026-07-15,Santa Elisabetta,AG,Alto
2026-07-15,Santa Margherita di Belice,AG,Alto
2026-07-15,Sant'Angelo Muxaro,AG,Alto
2026-07-15,Santo Stefano Quisquina,AG,Alto
2026-07-15,Sciacca,AG,Alto
2026-07-15,Siculiana,AG,Alto
2026-07-15,Villafranca Sicula,AG,Alto
2026-07-15,Acquaviva Platani,CL,Alto
2026-07-15,Bompensiere,CL,Alto
2026-07-15,Butera,CL,Alto
2026-07-15,Caltanissetta,CL,Alto
2026-07-15,Campofranco,CL,Alto
2026-07-15,Delia,CL,Alto
2026-07-15,Gela,CL,Alto
2026-07-15,Marianopoli,CL,Alto
2026-07-15,Mazzarino,CL,Alto
2026-07-15,Milena,CL,Alto
2026-07-15,Montedoro,CL,Alto
2026-07-15,Mussomeli,CL,Alto
2026-07-15,Niscemi,CL,Alto
2026-07-15,Resuttano,CL,Alto
2026-07-15,Riesi,CL,Alto
2026-07-15,San Cataldo,CL,Alto
2026-07-15,Santa Caterina Villarmosa,CL,Alto
2026-07-15,Serradifalco,CL,Alto
2026-07-15,Sommatino,CL,Alto
2026-07-15,Sutera,CL,Alto
2026-07-15,Vallelunga Pratameno,CL,Alto
2026-07-15,Villalba,CL,Alto
2026-07-15,Agira,EN,Alto
2026-07-15,Aidone,EN,Alto
2026-07-15,Assoro,EN,Alto
2026-07-15,Barrafranca,EN,Alto
2026-07-15,Calascibetta,EN,Alto
2026-07-15,Catenanuova,EN,Alto
2026-07-15,Centuripe,EN,Alto
2026-07-15,Cerami,EN,Moderato
2026-07-15,Enna,EN,Alto
2026-07-15,Gagliano Castelferrato,EN,Alto
2026-07-15,Leonforte,EN,Alto
2026-07-15,Nicosia,EN,Alto
2026-07-15,Nissoria,EN,Alto
2026-07-15,Piazza Armerina,EN,Alto
2026-07-15,Pietraperzia,EN,Alto
2026-07-15,Regalbuto,EN,Alto
2026-07-15,Sperlinga,EN,Alto
2026-07-15,Troina,EN,Alto
2026-07-15,Valguarnera Caropepe,EN,Alto
2026-07-15,Villarosa,EN,Alto
2026-07-15,Aci Bonaccorsi,CT,Alto
2026-07-15,Aci Castello,CT,Alto
2026-07-15,Aci Catena,CT,Alto
2026-07-15,Acireale,CT,Alto
2026-07-15,Aci Sant'Antonio,CT,Moderato
2026-07-15,Adrano,CT,Moderato
2026-07-15,Belpasso,CT,Alto
2026-07-15,Biancavilla,CT,Moderato
2026-07-15,Bronte,CT,Moderato
2026-07-15,Calatabiano,CT,Alto
2026-07-15,Caltagirone,CT,Alto
2026-07-15,Camporotondo Etneo,CT,Alto
2026-07-15,Castel di Iudica,CT,Alto
2026-07-15,Castiglione di Sicilia,CT,Moderato
2026-07-15,Catania,CT,Alto
2026-07-15,Fiumefreddo di Sicilia,CT,Alto
2026-07-15,Giarre,CT,Alto
2026-07-15,Grammichele,CT,Alto
2026-07-15,Gravina di Catania,CT,Alto
2026-07-15,Licodia Eubea,CT,Alto
2026-07-15,Linguaglossa,CT,Moderato
2026-07-15,Maletto,CT,Moderato
2026-07-15,Mascali,CT,Moderato
2026-07-15,Mascalucia,CT,Alto
2026-07-15,Militello in Val di Catania,CT,Alto
2026-07-15,Milo,CT,Moderato
2026-07-15,Mineo,CT,Alto
2026-07-15,Mirabella Imbaccari,CT,Alto
2026-07-15,Misterbianco,CT,Alto
2026-07-15,Motta Sant'Anastasia,CT,Alto
2026-07-15,Nicolosi,CT,Moderato
2026-07-15,Palagonia,CT,Alto
2026-07-15,Paternò,CT,Alto
2026-07-15,Pedara,CT,Moderato
2026-07-15,Piedimonte Etneo,CT,Moderato
2026-07-15,Raddusa,CT,Alto
2026-07-15,Ramacca,CT,Alto
2026-07-15,Randazzo,CT,Moderato
2026-07-15,Riposto,CT,Alto
2026-07-15,San Cono,CT,Alto
2026-07-15,San Giovanni la Punta,CT,Alto
2026-07-15,San Gregorio di Catania,CT,Alto
2026-07-15,San Michele di Ganzaria,CT,Alto
2026-07-15,San Pietro Clarenza,CT,Alto
2026-07-15,Sant'Agata li Battiati,CT,Alto
2026-07-15,Sant'Alfio,CT,Moderato
2026-07-15,Santa Maria di Licodia,CT,Alto
2026-07-15,Santa Venerina,CT,Alto
2026-07-15,Scordia,CT,Alto
2026-07-15,Trecastagni,CT,Moderato
2026-07-15,Tremestieri Etneo,CT,Alto
2026-07-15,Valverde,CT,Alto
2026-07-15,Viagrande,CT,Moderato
2026-07-15,Vizzini,CT,Alto
2026-07-15,Zafferana Etnea,CT,Moderato
2026-07-15,Mazzarrone,CT,Alto
2026-07-15,Maniace,CT,Alto
2026-07-15,Ragalna,CT,Moderato
2026-07-15,Acate,RG,Alto
2026-07-15,Chiaramonte Gulfi,RG,Alto
2026-07-15,Comiso,RG,Alto
2026-07-15,Giarratana,RG,Alto
2026-07-15,Ispica,RG,Alto
2026-07-15,Modica,RG,Alto
2026-07-15,Monterosso Almo,RG,Alto
2026-07-15,Pozzallo,RG,Alto
2026-07-15,Ragusa,RG,Alto
2026-07-15,Santa Croce Camerina,RG,Alto
2026-07-15,Scicli,RG,Alto
2026-07-15,Vittoria,RG,Alto
2026-07-15,Augusta,SR,Alto
2026-07-15,Avola,SR,Alto
2026-07-15,Buccheri,SR,Alto
2026-07-15,Buscemi,SR,Alto
2026-07-15,Canicattini Bagni,SR,Alto
2026-07-15,Carlentini,SR,Alto
2026-07-15,Cassaro,SR,Alto
2026-07-15,Ferla,SR,Alto
2026-07-15,Floridia,SR,Alto
2026-07-15,Francofonte,SR,Alto
2026-07-15,Lentini,SR,Alto
2026-07-15,Melilli,SR,Alto
2026-07-15,Noto,SR,Alto
2026-07-15,Pachino,SR,Alto
2026-07-15,Palazzolo Acreide,SR,Alto
2026-07-15,Rosolini,SR,Alto
2026-07-15,Siracusa,SR,Alto
2026-07-15,Solarino,SR,Alto
2026-07-15,Sortino,SR,Alto
2026-07-15,Portopalo di Capo Passero,SR,Alto
2026-07-15,Priolo Gargallo,SR,Alto
2026-07-16,Alcamo,TP,Alto
2026-07-16,Buseto Palizzolo,TP,Alto
2026-07-16,Calatafimi-Segesta,TP,Alto
2026-07-16,Campobello di Mazara,TP,Alto
2026-07-16,Castellammare del Golfo,TP,Alto
2026-07-16,Castelvetrano,TP,Alto
2026-07-16,Custonaci,TP,Alto
2026-07-16,Erice,TP,Alto
2026-07-16,Favignana,TP,Alto
2026-07-16,Gibellina,TP,Alto
2026-07-16,Marsala,TP,Alto
2026-07-16,Mazara del Vallo,TP,Alto
2026-07-16,Paceco,TP,Alto
2026-07-16,Partanna,TP,Alto
2026-07-16,Poggioreale,TP,Alto
2026-07-16,Salaparuta,TP,Alto
2026-07-16,Salemi,TP,Alto
2026-07-16,Santa Ninfa,TP,Alto
2026-07-16,San Vito Lo Capo,TP,Alto
2026-07-16,Trapani,TP,Alto
2026-07-16,Valderice,TP,Alto
2026-07-16,Vita,TP,Alto
2026-07-16,Petrosino,TP,Alto
2026-07-16,Misiliscemi,TP,Alto
2026-07-16,Alia,PA,Alto
2026-07-16,Alimena,PA,Alto
2026-07-16,Aliminusa,PA,Alto
2026-07-16,Altavilla Milicia,PA,Alto
2026-07-16,Altofonte,PA,Alto
2026-07-16,Bagheria,PA,Alto
2026-07-16,Balestrate,PA,Alto
2026-07-16,Baucina,PA,Alto
2026-07-16,Belmonte Mezzagno,PA,Alto
2026-07-16,Bisacquino,PA,Alto
2026-07-16,Bolognetta,PA,Alto
2026-07-16,Bompietro,PA,Alto
2026-07-16,Borgetto,PA,Alto
2026-07-16,Caccamo,PA,Alto
2026-07-16,Caltavuturo,PA,Moderato
2026-07-16,Campofelice di Fitalia,PA,Alto
2026-07-16,Campofelice di Roccella,PA,Alto
2026-07-16,Campofiorito,PA,Alto
2026-07-16,Camporeale,PA,Alto
2026-07-16,Capaci,PA,Alto
2026-07-16,Carini,PA,Alto
2026-07-16,Castelbuono,PA,Alto
2026-07-16,Casteldaccia,PA,Alto
2026-07-16,Castellana Sicula,PA,Moderato
2026-07-16,Castronovo di Sicilia,PA,Alto
2026-07-16,Cefalà Diana,PA,Alto
2026-07-16,Cefalù,PA,Alto
2026-07-16,Cerda,PA,Alto
2026-07-16,Chiusa Sclafani,PA,Alto
2026-07-16,Ciminna,PA,Alto
2026-07-16,Cinisi,PA,Alto
2026-07-16,Collesano,PA,Alto
2026-07-16,Contessa Entellina,PA,Alto
2026-07-16,Corleone,PA,Alto
2026-07-16,Ficarazzi,PA,Alto
2026-07-16,Gangi,PA,Moderato
2026-07-16,Geraci Siculo,PA,Moderato
2026-07-16,Giardinello,PA,Alto
2026-07-16,Giuliana,PA,Alto
2026-07-16,Godrano,PA,Alto
2026-07-16,Gratteri,PA,Alto
2026-07-16,Isnello,PA,Moderato
2026-07-16,Isola delle Femmine,PA,Alto
2026-07-16,Lascari,PA,Alto
2026-07-16,Lercara Friddi,PA,Alto
2026-07-16,Marineo,PA,Alto
2026-07-16,Mezzojuso,PA,Alto
2026-07-16,Misilmeri,PA,Alto
2026-07-16,Monreale,PA,Alto
2026-07-16,Montelepre,PA,Alto
2026-07-16,Montemaggiore Belsito,PA,Moderato
2026-07-16,Palazzo Adriano,PA,Alto
2026-07-16,Palermo,PA,Alto
2026-07-16,Partinico,PA,Alto
2026-07-16,Petralia Soprana,PA,Alto
2026-07-16,Petralia Sottana,PA,Moderato
2026-07-16,Piana degli Albanesi,PA,Alto
2026-07-16,Polizzi Generosa,PA,Moderato
2026-07-16,Pollina,PA,Alto
2026-07-16,Prizzi,PA,Alto
2026-07-16,Roccamena,PA,Alto
2026-07-16,Roccapalumba,PA,Alto
2026-07-16,San Cipirello,PA,Alto
2026-07-16,San Giuseppe Jato,PA,Alto
2026-07-16,San Mauro Castelverde,PA,Moderato
2026-07-16,Santa Cristina Gela,PA,Alto
2026-07-16,Santa Flavia,PA,Alto
2026-07-16,Sciara,PA,Alto
2026-07-16,Sclafani Bagni,PA,Moderato
2026-07-16,Termini Imerese,PA,Alto
2026-07-16,Terrasini,PA,Alto
2026-07-16,Torretta,PA,Alto
2026-07-16,Trabia,PA,Alto
2026-07-16,Trappeto,PA,Alto
2026-07-16,Valledolmo,PA,Moderato
2026-07-16,Ventimiglia di Sicilia,PA,Alto
2026-07-16,Vicari,PA,Alto
2026-07-16,Villabate,PA,Alto
2026-07-16,Villafrati,PA,Alto
2026-07-16,Scillato,PA,Moderato
2026-07-16,Blufi,PA,Alto
2026-07-16,Alcara li Fusi,ME,Moderato
2026-07-16,Alì,ME,Alto
2026-07-16,Alì Terme,ME,Alto
2026-07-16,Antillo,ME,Moderato
2026-07-16,Barcellona Pozzo di Gotto,ME,Alto
2026-07-16,Basicò,ME,Moderato
2026-07-16,Brolo,ME,Alto
2026-07-16,Capizzi,ME,Moderato
2026-07-16,Capo d'Orlando,ME,Alto
2026-07-16,Capri Leone,ME,Alto
2026-07-16,Caronia,ME,Alto
2026-07-16,Casalvecchio Siculo,ME,Alto
2026-07-16,Castel di Lucio,ME,Moderato
2026-07-16,Castell'Umberto,ME,Alto
2026-07-16,Castelmola,ME,Alto
2026-07-16,Castroreale,ME,Moderato
2026-07-16,Cesarò,ME,Moderato
2026-07-16,Condrò,ME,Alto
2026-07-16,Falcone,ME,Alto
2026-07-16,Ficarra,ME,Alto
2026-07-16,Fiumedinisi,ME,Alto
2026-07-16,Floresta,ME,Moderato
2026-07-16,Fondachelli-Fantina,ME,Moderato
2026-07-16,Forza d'Agrò,ME,Alto
2026-07-16,Francavilla di Sicilia,ME,Moderato
2026-07-16,Frazzanò,ME,Alto
2026-07-16,Furci Siculo,ME,Alto
2026-07-16,Furnari,ME,Alto
2026-07-16,Gaggi,ME,Alto
2026-07-16,Galati Mamertino,ME,Moderato
2026-07-16,Gallodoro,ME,Alto
2026-07-16,Giardini-Naxos,ME,Alto
2026-07-16,Gioiosa Marea,ME,Alto
2026-07-16,Graniti,ME,Alto
2026-07-16,Gualtieri Sicaminò,ME,Alto
2026-07-16,Itala,ME,Alto
2026-07-16,Leni,ME,Alto
2026-07-16,Letojanni,ME,Alto
2026-07-16,Librizzi,ME,Alto
2026-07-16,Limina,ME,Alto
2026-07-16,Lipari,ME,Alto
2026-07-16,Longi,ME,Moderato
2026-07-16,Malfa,ME,Alto
2026-07-16,Malvagna,ME,Alto
2026-07-16,Mandanici,ME,Alto
2026-07-16,Mazzarrà Sant'Andrea,ME,Alto
2026-07-16,Merì,ME,Alto
2026-07-16,Messina,ME,Alto
2026-07-16,Milazzo,ME,Alto
2026-07-16,Militello Rosmarino,ME,Moderato
2026-07-16,Mirto,ME,Alto
2026-07-16,Mistretta,ME,Moderato
2026-07-16,Moio Alcantara,ME,Alto
2026-07-16,Monforte San Giorgio,ME,Moderato
2026-07-16,Mongiuffi Melia,ME,Alto
2026-07-16,Montagnareale,ME,Alto
2026-07-16,Montalbano Elicona,ME,Moderato
2026-07-16,Motta Camastra,ME,Alto
2026-07-16,Motta d'Affermo,ME,Alto
2026-07-16,Naso,ME,Alto
2026-07-16,Nizza di Sicilia,ME,Alto
2026-07-16,Novara di Sicilia,ME,Moderato
2026-07-16,Oliveri,ME,Alto
2026-07-16,Pace del Mela,ME,Alto
2026-07-16,Pagliara,ME,Alto
2026-07-16,Patti,ME,Alto
2026-07-16,Pettineo,ME,Alto
2026-07-16,Piraino,ME,Alto
2026-07-16,Raccuja,ME,Moderato
2026-07-16,Reitano,ME,Alto
2026-07-16,Roccafiorita,ME,Alto
2026-07-16,Roccalumera,ME,Alto
2026-07-16,Roccavaldina,ME,Alto
2026-07-16,Roccella Valdemone,ME,Alto
2026-07-16,Rodì Milici,ME,Moderato
2026-07-16,Rometta,ME,Moderato
2026-07-16,San Filippo del Mela,ME,Alto
2026-07-16,San Fratello,ME,Moderato
2026-07-16,San Marco d'Alunzio,ME,Moderato
2026-07-16,San Pier Niceto,ME,Alto
2026-07-16,San Piero Patti,ME,Alto
2026-07-16,San Salvatore di Fitalia,ME,Alto
2026-07-16,Santa Domenica Vittoria,ME,Alto
2026-07-16,Sant'Agata di Militello,ME,Alto
2026-07-16,Sant'Alessio Siculo,ME,Alto
2026-07-16,Santa Lucia del Mela,ME,Moderato
2026-07-16,Santa Marina Salina,ME,Alto
2026-07-16,Sant'Angelo di Brolo,ME,Moderato
2026-07-16,Santa Teresa di Riva,ME,Alto
2026-07-16,San Teodoro,ME,Moderato
2026-07-16,Santo Stefano di Camastra,ME,Alto
2026-07-16,Saponara,ME,Moderato
2026-07-16,Savoca,ME,Alto
2026-07-16,Scaletta Zanclea,ME,Alto
2026-07-16,Sinagra,ME,Alto
2026-07-16,Spadafora,ME,Alto
2026-07-16,Taormina,ME,Alto
2026-07-16,Torregrotta,ME,Alto
2026-07-16,Tortorici,ME,Moderato
2026-07-16,Tripi,ME,Moderato
2026-07-16,Tusa,ME,Alto
2026-07-16,Ucria,ME,Moderato
2026-07-16,Valdina,ME,Alto
2026-07-16,Venetico,ME,Alto
2026-07-16,Villafranca Tirrena,ME,Alto
2026-07-16,Terme Vigliatore,ME,Alto
2026-07-16,Acquedolci,ME,Alto
2026-07-16,Torrenova,ME,Alto
2026-07-16,Agrigento,AG,Alto
2026-07-16,Alessandria della Rocca,AG,Alto
2026-07-16,Aragona,AG,Alto
2026-07-16,Bivona,AG,Alto
2026-07-16,Burgio,AG,Alto
2026-07-16,Calamonaci,AG,Alto
2026-07-16,Caltabellotta,AG,Alto
2026-07-16,Camastra,AG,Alto
2026-07-16,Cammarata,AG,Alto
2026-07-16,Campobello di Licata,AG,Alto
2026-07-16,Canicattì,AG,Alto
2026-07-16,Casteltermini,AG,Alto
2026-07-16,Castrofilippo,AG,Alto
2026-07-16,Cattolica Eraclea,AG,Alto
2026-07-16,Cianciana,AG,Alto
2026-07-16,Comitini,AG,Alto
2026-07-16,Favara,AG,Alto
2026-07-16,Grotte,AG,Alto
2026-07-16,Joppolo Giancaxio,AG,Alto
2026-07-16,Licata,AG,Alto
2026-07-16,Lucca Sicula,AG,Alto
2026-07-16,Menfi,AG,Alto
2026-07-16,Montallegro,AG,Alto
2026-07-16,Montevago,AG,Alto
2026-07-16,Naro,AG,Alto
2026-07-16,Palma di Montechiaro,AG,Alto
2026-07-16,Porto Empedocle,AG,Alto
2026-07-16,Racalmuto,AG,Alto
2026-07-16,Raffadali,AG,Alto
2026-07-16,Ravanusa,AG,Alto
2026-07-16,Realmonte,AG,Alto
2026-07-16,Ribera,AG,Alto
2026-07-16,Sambuca di Sicilia,AG,Alto
2026-07-16,San Biagio Platani,AG,Alto
2026-07-16,San Giovanni Gemini,AG,Alto
2026-07-16,Santa Elisabetta,AG,Alto
2026-07-16,Santa Margherita di Belice,AG,Alto
2026-07-16,Sant'Angelo Muxaro,AG,Alto
2026-07-16,Santo Stefano Quisquina,AG,Alto
2026-07-16,Sciacca,AG,Alto
2026-07-16,Siculiana,AG,Alto
2026-07-16,Villafranca Sicula,AG,Alto
2026-07-16,Acquaviva Platani,CL,Alto
2026-07-16,Bompensiere,CL,Alto
2026-07-16,Butera,CL,Alto
2026-07-16,Caltanissetta,CL,Alto
2026-07-16,Campofranco,CL,Alto
2026-07-16,Delia,CL,Alto
2026-07-16,Gela,CL,Alto
2026-07-16,Marianopoli,CL,Alto
2026-07-16,Mazzarino,CL,Alto
2026-07-16,Milena,CL,Alto
2026-07-16,Montedoro,CL,Alto
2026-07-16,Mussomeli,CL,Alto
2026-07-16,Niscemi,CL,Alto
2026-07-16,Resuttano,CL,Moderato
2026-07-16,Riesi,CL,Alto
2026-07-16,San Cataldo,CL,Alto
2026-07-16,Santa Caterina Villarmosa,CL,Alto
2026-07-16,Serradifalco,CL,Alto
2026-07-16,Sommatino,CL,Alto
2026-07-16,Sutera,CL,Alto
2026-07-16,Vallelunga Pratameno,CL,Alto
2026-07-16,Villalba,CL,Alto
2026-07-16,Agira,EN,Alto
2026-07-16,Aidone,EN,Alto
2026-07-16,Assoro,EN,Alto
2026-07-16,Barrafranca,EN,Alto
2026-07-16,Calascibetta,EN,Alto
2026-07-16,Catenanuova,EN,Alto
2026-07-16,Centuripe,EN,Alto
2026-07-16,Cerami,EN,Alto
2026-07-16,Enna,EN,Alto
2026-07-16,Gagliano Castelferrato,EN,Alto
2026-07-16,Leonforte,EN,Alto
2026-07-16,Nicosia,EN,Alto
2026-07-16,Nissoria,EN,Alto
2026-07-16,Piazza Armerina,EN,Alto
2026-07-16,Pietraperzia,EN,Alto
2026-07-16,Regalbuto,EN,Alto
2026-07-16,Sperlinga,EN,Moderato
2026-07-16,Troina,EN,Alto
2026-07-16,Valguarnera Caropepe,EN,Alto
2026-07-16,Villarosa,EN,Alto
2026-07-16,Aci Bonaccorsi,CT,Alto
2026-07-16,Aci Castello,CT,Alto
2026-07-16,Aci Catena,CT,Alto
2026-07-16,Acireale,CT,Alto
2026-07-16,Aci Sant'Antonio,CT,Alto
2026-07-16,Adrano,CT,Alto
2026-07-16,Belpasso,CT,Alto
2026-07-16,Biancavilla,CT,Alto
2026-07-16,Bronte,CT,Alto
2026-07-16,Calatabiano,CT,Alto
2026-07-16,Caltagirone,CT,Alto
2026-07-16,Camporotondo Etneo,CT,Alto
2026-07-16,Castel di Iudica,CT,Alto
2026-07-16,Castiglione di Sicilia,CT,Alto
2026-07-16,Catania,CT,Alto
2026-07-16,Fiumefreddo di Sicilia,CT,Alto
2026-07-16,Giarre,CT,Alto
2026-07-16,Grammichele,CT,Alto
2026-07-16,Gravina di Catania,CT,Alto
2026-07-16,Licodia Eubea,CT,Alto
2026-07-16,Linguaglossa,CT,Moderato
2026-07-16,Maletto,CT,Moderato
2026-07-16,Mascali,CT,Alto
2026-07-16,Mascalucia,CT,Alto
2026-07-16,Militello in Val di Catania,CT,Alto
2026-07-16,Milo,CT,Moderato
2026-07-16,Mineo,CT,Alto
2026-07-16,Mirabella Imbaccari,CT,Alto
2026-07-16,Misterbianco,CT,Alto
2026-07-16,Motta Sant'Anastasia,CT,Alto
2026-07-16,Nicolosi,CT,Moderato
2026-07-16,Palagonia,CT,Alto
2026-07-16,Paternò,CT,Alto
2026-07-16,Pedara,CT,Moderato
2026-07-16,Piedimonte Etneo,CT,Moderato
2026-07-16,Raddusa,CT,Alto
2026-07-16,Ramacca,CT,Alto
2026-07-16,Randazzo,CT,Moderato
2026-07-16,Riposto,CT,Alto
2026-07-16,San Cono,CT,Alto
2026-07-16,San Giovanni la Punta,CT,Alto
2026-07-16,San Gregorio di Catania,CT,Alto
2026-07-16,San Michele di Ganzaria,CT,Alto
2026-07-16,San Pietro Clarenza,CT,Alto
2026-07-16,Sant'Agata li Battiati,CT,Alto
2026-07-16,Sant'Alfio,CT,Moderato
2026-07-16,Santa Maria di Licodia,CT,Alto
2026-07-16,Santa Venerina,CT,Alto
2026-07-16,Scordia,CT,Alto
2026-07-16,Trecastagni,CT,Alto
2026-07-16,Tremestieri Etneo,CT,Alto
2026-07-16,Valverde,CT,Alto
2026-07-16,Viagrande,CT,Alto
2026-07-16,Vizzini,CT,Alto
2026-07-16,Zafferana Etnea,CT,Moderato
2026-07-16,Mazzarrone,CT,Alto
2026-07-16,Maniace,CT,Alto
2026-07-16,Ragalna,CT,Moderato
2026-07-16,Acate,RG,Alto
2026-07-16,Chiaramonte Gulfi,RG,Alto
2026-07-16,Comiso,RG,Alto
2026-07-16,Giarratana,RG,Alto
2026-07-16,Ispica,RG,Alto
2026-07-16,Modica,RG,Alto
2026-07-16,Monterosso Almo,RG,Alto
2026-07-16,Pozzallo,RG,Alto
2026-07-16,Ragusa,RG,Alto
2026-07-16,Santa Croce Camerina,RG,Alto
2026-07-16,Scicli,RG,Alto
2026-07-16,Vittoria,RG,Alto
2026-07-16,Augusta,SR,Alto
2026-07-16,Avola,SR,Alto
2026-07-16,Buccheri,SR,Alto
2026-07-16,Buscemi,SR,Alto
2026-07-16,Canicattini Bagni,SR,Alto
2026-07-16,Carlentini,SR,Alto
2026-07-16,Cassaro,SR,Alto
2026-07-16,Ferla,SR,Alto
2026-07-16,Floridia,SR,Alto
2026-07-16,Francofonte,SR,Alto
2026-07-16,Lentini,SR,Alto
2026-07-16,Melilli,SR,Alto
2026-07-16,Noto,SR,Alto
2026-07-16,Pachino,SR,Alto
2026-07-16,Palazzolo Acreide,SR,Alto
2026-07-16,Rosolini,SR,Alto
2026-07-16,Siracusa,SR,Alto
2026-07-16,Solarino,SR,Alto
2026-07-16,Sortino,SR,Alto
2026-07-16,Portopalo di Capo Passero,SR,Alto
2026-07-16,Priolo Gargallo,SR,Alto
2026-07-17,Alcamo,TP,Alto
2026-07-17,Buseto Palizzolo,TP,Alto
2026-07-17,Calatafimi-Segesta,TP,Alto
2026-07-17,Campobello di Mazara,TP,Alto
2026-07-17,Castellammare del Golfo,TP,Alto
2026-07-17,Castelvetrano,TP,Alto
2026-07-17,Custonaci,TP,Alto
2026-07-17,Erice,TP,Alto
2026-07-17,Favignana,TP,Alto
2026-07-17,Gibellina,TP,Alto
2026-07-17,Marsala,TP,Alto
2026-07-17,Mazara del Vallo,TP,Alto
2026-07-17,Paceco,TP,Alto
2026-07-17,Partanna,TP,Alto
2026-07-17,Poggioreale,TP,Alto
2026-07-17,Salaparuta,TP,Alto
2026-07-17,Salemi,TP,Alto
2026-07-17,Santa Ninfa,TP,Alto
2026-07-17,San Vito Lo Capo,TP,Alto
2026-07-17,Trapani,TP,Alto
2026-07-17,Valderice,TP,Alto
2026-07-17,Vita,TP,Alto
2026-07-17,Petrosino,TP,Alto
2026-07-17,Misiliscemi,TP,Alto
2026-07-17,Alia,PA,Alto
2026-07-17,Alimena,PA,Alto
2026-07-17,Aliminusa,PA,Alto
2026-07-17,Altavilla Milicia,PA,Alto
2026-07-17,Altofonte,PA,Alto
2026-07-17,Bagheria,PA,Alto
2026-07-17,Balestrate,PA,Alto
2026-07-17,Baucina,PA,Alto
2026-07-17,Belmonte Mezzagno,PA,Alto
2026-07-17,Bisacquino,PA,Alto
2026-07-17,Bolognetta,PA,Alto
2026-07-17,Bompietro,PA,Alto
2026-07-17,Borgetto,PA,Alto
2026-07-17,Caccamo,PA,Alto
2026-07-17,Caltavuturo,PA,Moderato
2026-07-17,Campofelice di Fitalia,PA,Alto
2026-07-17,Campofelice di Roccella,PA,Alto
2026-07-17,Campofiorito,PA,Alto
2026-07-17,Camporeale,PA,Alto
2026-07-17,Capaci,PA,Alto
2026-07-17,Carini,PA,Alto
2026-07-17,Castelbuono,PA,Alto
2026-07-17,Casteldaccia,PA,Alto
2026-07-17,Castellana Sicula,PA,Moderato
2026-07-17,Castronovo di Sicilia,PA,Alto
2026-07-17,Cefalà Diana,PA,Alto
2026-07-17,Cefalù,PA,Alto
2026-07-17,Cerda,PA,Alto
2026-07-17,Chiusa Sclafani,PA,Alto
2026-07-17,Ciminna,PA,Alto
2026-07-17,Cinisi,PA,Alto
2026-07-17,Collesano,PA,Alto
2026-07-17,Contessa Entellina,PA,Alto
2026-07-17,Corleone,PA,Alto
2026-07-17,Ficarazzi,PA,Alto
2026-07-17,Gangi,PA,Moderato
2026-07-17,Geraci Siculo,PA,Moderato
2026-07-17,Giardinello,PA,Alto
2026-07-17,Giuliana,PA,Alto
2026-07-17,Godrano,PA,Alto
2026-07-17,Gratteri,PA,Alto
2026-07-17,Isnello,PA,Moderato
2026-07-17,Isola delle Femmine,PA,Alto
2026-07-17,Lascari,PA,Alto
2026-07-17,Lercara Friddi,PA,Alto
2026-07-17,Marineo,PA,Alto
2026-07-17,Mezzojuso,PA,Alto
2026-07-17,Misilmeri,PA,Alto
2026-07-17,Monreale,PA,Alto
2026-07-17,Montelepre,PA,Alto
2026-07-17,Montemaggiore Belsito,PA,Moderato
2026-07-17,Palazzo Adriano,PA,Alto
2026-07-17,Palermo,PA,Alto
2026-07-17,Partinico,PA,Alto
2026-07-17,Petralia Soprana,PA,Alto
2026-07-17,Petralia Sottana,PA,Moderato
2026-07-17,Piana degli Albanesi,PA,Alto
2026-07-17,Polizzi Generosa,PA,Moderato
2026-07-17,Pollina,PA,Alto
2026-07-17,Prizzi,PA,Alto
2026-07-17,Roccamena,PA,Alto
2026-07-17,Roccapalumba,PA,Alto
2026-07-17,San Cipirello,PA,Alto
2026-07-17,San Giuseppe Jato,PA,Alto
2026-07-17,San Mauro Castelverde,PA,Moderato
2026-07-17,Santa Cristina Gela,PA,Alto
2026-07-17,Santa Flavia,PA,Alto
2026-07-17,Sciara,PA,Alto
2026-07-17,Sclafani Bagni,PA,Moderato
2026-07-17,Termini Imerese,PA,Alto
2026-07-17,Terrasini,PA,Alto
2026-07-17,Torretta,PA,Alto
2026-07-17,Trabia,PA,Alto
2026-07-17,Trappeto,PA,Alto
2026-07-17,Valledolmo,PA,Moderato
2026-07-17,Ventimiglia di Sicilia,PA,Alto
2026-07-17,Vicari,PA,Alto
2026-07-17,Villabate,PA,Alto
2026-07-17,Villafrati,PA,Alto
2026-07-17,Scillato,PA,Moderato
2026-07-17,Blufi,PA,Alto
2026-07-17,Alcara li Fusi,ME,Moderato
2026-07-17,Alì,ME,Alto
2026-07-17,Alì Terme,ME,Alto
2026-07-17,Antillo,ME,Alto
2026-07-17,Barcellona Pozzo di Gotto,ME,Alto
2026-07-17,Basicò,ME,Alto
2026-07-17,Brolo,ME,Alto
2026-07-17,Capizzi,ME,Moderato
2026-07-17,Capo d'Orlando,ME,Alto
2026-07-17,Capri Leone,ME,Alto
2026-07-17,Caronia,ME,Moderato
2026-07-17,Casalvecchio Siculo,ME,Alto
2026-07-17,Castel di Lucio,ME,Moderato
2026-07-17,Castell'Umberto,ME,Alto
2026-07-17,Castelmola,ME,Alto
2026-07-17,Castroreale,ME,Moderato
2026-07-17,Cesarò,ME,Moderato
2026-07-17,Condrò,ME,Alto
2026-07-17,Falcone,ME,Alto
2026-07-17,Ficarra,ME,Alto
2026-07-17,Fiumedinisi,ME,Alto
2026-07-17,Floresta,ME,Moderato
2026-07-17,Fondachelli-Fantina,ME,Moderato
2026-07-17,Forza d'Agrò,ME,Alto
2026-07-17,Francavilla di Sicilia,ME,Alto
2026-07-17,Frazzanò,ME,Alto
2026-07-17,Furci Siculo,ME,Alto
2026-07-17,Furnari,ME,Alto
2026-07-17,Gaggi,ME,Alto
2026-07-17,Galati Mamertino,ME,Moderato
2026-07-17,Gallodoro,ME,Alto
2026-07-17,Giardini-Naxos,ME,Alto
2026-07-17,Gioiosa Marea,ME,Alto
2026-07-17,Graniti,ME,Alto
2026-07-17,Gualtieri Sicaminò,ME,Alto
2026-07-17,Itala,ME,Alto
2026-07-17,Leni,ME,Alto
2026-07-17,Letojanni,ME,Alto
2026-07-17,Librizzi,ME,Alto
2026-07-17,Limina,ME,Alto
2026-07-17,Lipari,ME,Alto
2026-07-17,Longi,ME,Moderato
2026-07-17,Malfa,ME,Alto
2026-07-17,Malvagna,ME,Alto
2026-07-17,Mandanici,ME,Alto
2026-07-17,Mazzarrà Sant'Andrea,ME,Alto
2026-07-17,Merì,ME,Alto
2026-07-17,Messina,ME,Alto
2026-07-17,Milazzo,ME,Alto
2026-07-17,Militello Rosmarino,ME,Moderato
2026-07-17,Mirto,ME,Alto
2026-07-17,Mistretta,ME,Moderato
2026-07-17,Moio Alcantara,ME,Alto
2026-07-17,Monforte San Giorgio,ME,Alto
2026-07-17,Mongiuffi Melia,ME,Alto
2026-07-17,Montagnareale,ME,Alto
2026-07-17,Montalbano Elicona,ME,Moderato
2026-07-17,Motta Camastra,ME,Alto
2026-07-17,Motta d'Affermo,ME,Alto
2026-07-17,Naso,ME,Alto
2026-07-17,Nizza di Sicilia,ME,Alto
2026-07-17,Novara di Sicilia,ME,Moderato
2026-07-17,Oliveri,ME,Alto
2026-07-17,Pace del Mela,ME,Alto
2026-07-17,Pagliara,ME,Alto
2026-07-17,Patti,ME,Alto
2026-07-17,Pettineo,ME,Alto
2026-07-17,Piraino,ME,Alto
2026-07-17,Raccuja,ME,Moderato
2026-07-17,Reitano,ME,Alto
2026-07-17,Roccafiorita,ME,Alto
2026-07-17,Roccalumera,ME,Alto
2026-07-17,Roccavaldina,ME,Alto
2026-07-17,Roccella Valdemone,ME,Moderato
2026-07-17,Rodì Milici,ME,Moderato
2026-07-17,Rometta,ME,Alto
2026-07-17,San Filippo del Mela,ME,Alto
2026-07-17,San Fratello,ME,Moderato
2026-07-17,San Marco d'Alunzio,ME,Moderato
2026-07-17,San Pier Niceto,ME,Alto
2026-07-17,San Piero Patti,ME,Alto
2026-07-17,San Salvatore di Fitalia,ME,Alto
2026-07-17,Santa Domenica Vittoria,ME,Alto
2026-07-17,Sant'Agata di Militello,ME,Alto
2026-07-17,Sant'Alessio Siculo,ME,Alto
2026-07-17,Santa Lucia del Mela,ME,Alto
2026-07-17,Santa Marina Salina,ME,Alto
2026-07-17,Sant'Angelo di Brolo,ME,Alto
2026-07-17,Santa Teresa di Riva,ME,Alto
2026-07-17,San Teodoro,ME,Moderato
2026-07-17,Santo Stefano di Camastra,ME,Alto
2026-07-17,Saponara,ME,Alto
2026-07-17,Savoca,ME,Alto
2026-07-17,Scaletta Zanclea,ME,Alto
2026-07-17,Sinagra,ME,Alto
2026-07-17,Spadafora,ME,Alto
2026-07-17,Taormina,ME,Alto
2026-07-17,Torregrotta,ME,Alto
2026-07-17,Tortorici,ME,Moderato
2026-07-17,Tripi,ME,Alto
2026-07-17,Tusa,ME,Alto
2026-07-17,Ucria,ME,Moderato
2026-07-17,Valdina,ME,Alto
2026-07-17,Venetico,ME,Alto
2026-07-17,Villafranca Tirrena,ME,Alto
2026-07-17,Terme Vigliatore,ME,Alto
2026-07-17,Acquedolci,ME,Alto
2026-07-17,Torrenova,ME,Alto
2026-07-17,Agrigento,AG,Alto
2026-07-17,Alessandria della Rocca,AG,Alto
2026-07-17,Aragona,AG,Alto
2026-07-17,Bivona,AG,Alto
2026-07-17,Burgio,AG,Alto
2026-07-17,Calamonaci,AG,Alto
2026-07-17,Caltabellotta,AG,Alto
2026-07-17,Camastra,AG,Alto
2026-07-17,Cammarata,AG,Alto
2026-07-17,Campobello di Licata,AG,Alto
2026-07-17,Canicattì,AG,Alto
2026-07-17,Casteltermini,AG,Alto
2026-07-17,Castrofilippo,AG,Alto
2026-07-17,Cattolica Eraclea,AG,Alto
2026-07-17,Cianciana,AG,Alto
2026-07-17,Comitini,AG,Alto
2026-07-17,Favara,AG,Alto
2026-07-17,Grotte,AG,Alto
2026-07-17,Joppolo Giancaxio,AG,Alto
2026-07-17,Licata,AG,Alto
2026-07-17,Lucca Sicula,AG,Alto
2026-07-17,Menfi,AG,Alto
2026-07-17,Montallegro,AG,Alto
2026-07-17,Montevago,AG,Alto
2026-07-17,Naro,AG,Alto
2026-07-17,Palma di Montechiaro,AG,Alto
2026-07-17,Porto Empedocle,AG,Alto
2026-07-17,Racalmuto,AG,Alto
2026-07-17,Raffadali,AG,Alto
2026-07-17,Ravanusa,AG,Alto
2026-07-17,Realmonte,AG,Alto
2026-07-17,Ribera,AG,Alto
2026-07-17,Sambuca di Sicilia,AG,Alto
2026-07-17,San Biagio Platani,AG,Alto
2026-07-17,San Giovanni Gemini,AG,Alto
2026-07-17,Santa Elisabetta,AG,Alto
2026-07-17,Santa Margherita di Belice,AG,Alto
2026-07-17,Sant'Angelo Muxaro,AG,Alto
2026-07-17,Santo Stefano Quisquina,AG,Alto
2026-07-17,Sciacca,AG,Alto
2026-07-17,Siculiana,AG,Alto
2026-07-17,Villafranca Sicula,AG,Alto
2026-07-17,Acquaviva Platani,CL,Alto
2026-07-17,Bompensiere,CL,Alto
2026-07-17,Butera,CL,Alto
2026-07-17,Caltanissetta,CL,Alto
2026-07-17,Campofranco,CL,Alto
2026-07-17,Delia,CL,Alto
2026-07-17,Gela,CL,Alto
2026-07-17,Marianopoli,CL,Alto
2026-07-17,Mazzarino,CL,Alto
2026-07-17,Milena,CL,Alto
2026-07-17,Montedoro,CL,Alto
2026-07-17,Mussomeli,CL,Alto
2026-07-17,Niscemi,CL,Alto
2026-07-17,Resuttano,CL,Alto
2026-07-17,Riesi,CL,Alto
2026-07-17,San Cataldo,CL,Alto
2026-07-17,Santa Caterina Villarmosa,CL,Alto
2026-07-17,Serradifalco,CL,Alto
2026-07-17,Sommatino,CL,Alto
2026-07-17,Sutera,CL,Alto
2026-07-17,Vallelunga Pratameno,CL,Alto
2026-07-17,Villalba,CL,Alto
2026-07-17,Agira,EN,Alto
2026-07-17,Aidone,EN,Alto
2026-07-17,Assoro,EN,Alto
2026-07-17,Barrafranca,EN,Alto
2026-07-17,Calascibetta,EN,Alto
2026-07-17,Catenanuova,EN,Alto
2026-07-17,Centuripe,EN,Alto
2026-07-17,Cerami,EN,Alto
2026-07-17,Enna,EN,Alto
2026-07-17,Gagliano Castelferrato,EN,Alto
2026-07-17,Leonforte,EN,Alto
2026-07-17,Nicosia,EN,Alto
2026-07-17,Nissoria,EN,Alto
2026-07-17,Piazza Armerina,EN,Alto
2026-07-17,Pietraperzia,EN,Alto
2026-07-17,Regalbuto,EN,Alto
2026-07-17,Sperlinga,EN,Moderato
2026-07-17,Troina,EN,Alto
2026-07-17,Valguarnera Caropepe,EN,Alto
2026-07-17,Villarosa,EN,Alto
2026-07-17,Aci Bonaccorsi,CT,Alto
2026-07-17,Aci Castello,CT,Alto
2026-07-17,Aci Catena,CT,Alto
2026-07-17,Acireale,CT,Alto
2026-07-17,Aci Sant'Antonio,CT,Alto
2026-07-17,Adrano,CT,Alto
2026-07-17,Belpasso,CT,Alto
2026-07-17,Biancavilla,CT,Alto
2026-07-17,Bronte,CT,Alto
2026-07-17,Calatabiano,CT,Alto
2026-07-17,Caltagirone,CT,Alto
2026-07-17,Camporotondo Etneo,CT,Alto
2026-07-17,Castel di Iudica,CT,Alto
2026-07-17,Castiglione di Sicilia,CT,Alto
2026-07-17,Catania,CT,Alto
2026-07-17,Fiumefreddo di Sicilia,CT,Alto
2026-07-17,Giarre,CT,Alto
2026-07-17,Grammichele,CT,Alto
2026-07-17,Gravina di Catania,CT,Alto
2026-07-17,Licodia Eubea,CT,Alto
2026-07-17,Linguaglossa,CT,Moderato
2026-07-17,Maletto,CT,Moderato
2026-07-17,Mascali,CT,Alto
2026-07-17,Mascalucia,CT,Alto
2026-07-17,Militello in Val di Catania,CT,Alto
2026-07-17,Milo,CT,Moderato
2026-07-17,Mineo,CT,Alto
2026-07-17,Mirabella Imbaccari,CT,Alto
2026-07-17,Misterbianco,CT,Alto
2026-07-17,Motta Sant'Anastasia,CT,Alto
2026-07-17,Nicolosi,CT,Moderato
2026-07-17,Palagonia,CT,Alto
2026-07-17,Paternò,CT,Alto
2026-07-17,Pedara,CT,Moderato
2026-07-17,Piedimonte Etneo,CT,Moderato
2026-07-17,Raddusa,CT,Alto
2026-07-17,Ramacca,CT,Alto
2026-07-17,Randazzo,CT,Alto
2026-07-17,Riposto,CT,Alto
2026-07-17,San Cono,CT,Alto
2026-07-17,San Giovanni la Punta,CT,Alto
2026-07-17,San Gregorio di Catania,CT,Alto
2026-07-17,San Michele di Ganzaria,CT,Alto
2026-07-17,San Pietro Clarenza,CT,Alto
2026-07-17,Sant'Agata li Battiati,CT,Alto
2026-07-17,Sant'Alfio,CT,Moderato
2026-07-17,Santa Maria di Licodia,CT,Alto
2026-07-17,Santa Venerina,CT,Alto
2026-07-17,Scordia,CT,Alto
2026-07-17,Trecastagni,CT,Moderato
2026-07-17,Tremestieri Etneo,CT,Alto
2026-07-17,Valverde,CT,Alto
2026-07-17,Viagrande,CT,Alto
2026-07-17,Vizzini,CT,Alto
2026-07-17,Zafferana Etnea,CT,Moderato
2026-07-17,Mazzarrone,CT,Alto
2026-07-17,Maniace,CT,Alto
2026-07-17,Ragalna,CT,Moderato
2026-07-17,Acate,RG,Alto
2026-07-17,Chiaramonte Gulfi,RG,Alto
2026-07-17,Comiso,RG,Alto
2026-07-17,Giarratana,RG,Alto
2026-07-17,Ispica,RG,Alto
2026-07-17,Modica,RG,Alto
2026-07-17,Monterosso Almo,RG,Moderato
2026-07-17,Pozzallo,RG,Alto
2026-07-17,Ragusa,RG,Alto
2026-07-17,Santa Croce Camerina,RG,Alto
2026-07-17,Scicli,RG,Alto
2026-07-17,Vittoria,RG,Alto
2026-07-17,Augusta,SR,Alto
2026-07-17,Avola,SR,Alto
2026-07-17,Buccheri,SR,Alto
2026-07-17,Buscemi,SR,Alto
2026-07-17,Canicattini Bagni,SR,Alto
2026-07-17,Carlentini,SR,Alto
2026-07-17,Cassaro,SR,Alto
2026-07-17,Ferla,SR,Alto
2026-07-17,Floridia,SR,Alto
2026-07-17,Francofonte,SR,Alto
2026-07-17,Lentini,SR,Alto
2026-07-17,Melilli,SR,Alto
2026-07-17,Noto,SR,Alto
2026-07-17,Pachino,SR,Alto
2026-07-17,Palazzolo Acreide,SR,Alto
2026-07-17,Rosolini,SR,Alto
2026-07-17,Siracusa,SR,Alto
2026-07-17,Solarino,SR,Alto
2026-07-17,Sortino,SR,Alto
2026-07-17,Portopalo di Capo Passero,SR,Alto
2026-07-17,Priolo Gargallo,SR,Alto
2026-07-18,Alcamo,TP,Alto
2026-07-18,Buseto Palizzolo,TP,Alto
2026-07-18,Calatafimi-Segesta,TP,Alto
2026-07-18,Campobello di Mazara,TP,Alto
2026-07-18,Castellammare del Golfo,TP,Alto
2026-07-18,Castelvetrano,TP,Alto
2026-07-18,Custonaci,TP,Alto
2026-07-18,Erice,TP,Alto
2026-07-18,Favignana,TP,Alto
2026-07-18,Gibellina,TP,Alto
2026-07-18,Marsala,TP,Alto
2026-07-18,Mazara del Vallo,TP,Alto
2026-07-18,Paceco,TP,Alto
2026-07-18,Partanna,TP,Alto
2026-07-18,Poggioreale,TP,Alto
2026-07-18,Salaparuta,TP,Alto
2026-07-18,Salemi,TP,Alto
2026-07-18,Santa Ninfa,TP,Alto
2026-07-18,San Vito Lo Capo,TP,Alto
2026-07-18,Trapani,TP,Alto
2026-07-18,Valderice,TP,Alto
2026-07-18,Vita,TP,Alto
2026-07-18,Petrosino,TP,Alto
2026-07-18,Misiliscemi,TP,Alto
2026-07-18,Alia,PA,Alto
2026-07-18,Alimena,PA,Alto
2026-07-18,Aliminusa,PA,Alto
2026-07-18,Altavilla Milicia,PA,Alto
2026-07-18,Altofonte,PA,Alto
2026-07-18,Bagheria,PA,Alto
2026-07-18,Balestrate,PA,Alto
2026-07-18,Baucina,PA,Alto
2026-07-18,Belmonte Mezzagno,PA,Alto
2026-07-18,Bisacquino,PA,Alto
2026-07-18,Bolognetta,PA,Alto
2026-07-18,Bompietro,PA,Alto
2026-07-18,Borgetto,PA,Alto
2026-07-18,Caccamo,PA,Alto
2026-07-18,Caltavuturo,PA,Moderato
2026-07-18,Campofelice di Fitalia,PA,Alto
2026-07-18,Campofelice di Roccella,PA,Alto
2026-07-18,Campofiorito,PA,Moderato
2026-07-18,Camporeale,PA,Alto
2026-07-18,Capaci,PA,Alto
2026-07-18,Carini,PA,Alto
2026-07-18,Castelbuono,PA,Alto
2026-07-18,Casteldaccia,PA,Alto
2026-07-18,Castellana Sicula,PA,Moderato
2026-07-18,Castronovo di Sicilia,PA,Alto
2026-07-18,Cefalà Diana,PA,Alto
2026-07-18,Cefalù,PA,Alto
2026-07-18,Cerda,PA,Alto
2026-07-18,Chiusa Sclafani,PA,Alto
2026-07-18,Ciminna,PA,Alto
2026-07-18,Cinisi,PA,Alto
2026-07-18,Collesano,PA,Alto
2026-07-18,Contessa Entellina,PA,Alto
2026-07-18,Corleone,PA,Alto
2026-07-18,Ficarazzi,PA,Alto
2026-07-18,Gangi,PA,Moderato
2026-07-18,Geraci Siculo,PA,Moderato
2026-07-18,Giardinello,PA,Alto
2026-07-18,Giuliana,PA,Alto
2026-07-18,Godrano,PA,Alto
2026-07-18,Gratteri,PA,Alto
2026-07-18,Isnello,PA,Moderato
2026-07-18,Isola delle Femmine,PA,Alto
2026-07-18,Lascari,PA,Alto
2026-07-18,Lercara Friddi,PA,Alto
2026-07-18,Marineo,PA,Alto
2026-07-18,Mezzojuso,PA,Alto
2026-07-18,Misilmeri,PA,Alto
2026-07-18,Monreale,PA,Alto
2026-07-18,Montelepre,PA,Alto
2026-07-18,Montemaggiore Belsito,PA,Alto
2026-07-18,Palazzo Adriano,PA,Moderato
2026-07-18,Palermo,PA,Alto
2026-07-18,Partinico,PA,Alto
2026-07-18,Petralia Soprana,PA,Alto
2026-07-18,Petralia Sottana,PA,Moderato
2026-07-18,Piana degli Albanesi,PA,Alto
2026-07-18,Polizzi Generosa,PA,Moderato
2026-07-18,Pollina,PA,Alto
2026-07-18,Prizzi,PA,Alto
2026-07-18,Roccamena,PA,Alto
2026-07-18,Roccapalumba,PA,Alto
2026-07-18,San Cipirello,PA,Alto
2026-07-18,San Giuseppe Jato,PA,Alto
2026-07-18,San Mauro Castelverde,PA,Moderato
2026-07-18,Santa Cristina Gela,PA,Alto
2026-07-18,Santa Flavia,PA,Alto
2026-07-18,Sciara,PA,Alto
2026-07-18,Sclafani Bagni,PA,Alto
2026-07-18,Termini Imerese,PA,Alto
2026-07-18,Terrasini,PA,Alto
2026-07-18,Torretta,PA,Alto
2026-07-18,Trabia,PA,Alto
2026-07-18,Trappeto,PA,Alto
2026-07-18,Valledolmo,PA,Alto
2026-07-18,Ventimiglia di Sicilia,PA,Alto
2026-07-18,Vicari,PA,Alto
2026-07-18,Villabate,PA,Alto
2026-07-18,Villafrati,PA,Alto
2026-07-18,Scillato,PA,Alto
2026-07-18,Blufi,PA,Alto
2026-07-18,Alcara li Fusi,ME,Moderato
2026-07-18,Alì,ME,Moderato
2026-07-18,Alì Terme,ME,Alto
2026-07-18,Antillo,ME,Moderato
2026-07-18,Barcellona Pozzo di Gotto,ME,Alto
2026-07-18,Basicò,ME,Alto
2026-07-18,Brolo,ME,Alto
2026-07-18,Capizzi,ME,Moderato
2026-07-18,Capo d'Orlando,ME,Alto
2026-07-18,Capri Leone,ME,Alto
2026-07-18,Caronia,ME,Moderato
2026-07-18,Casalvecchio Siculo,ME,Moderato
2026-07-18,Castel di Lucio,ME,Moderato
2026-07-18,Castell'Umberto,ME,Moderato
2026-07-18,Castelmola,ME,Alto
2026-07-18,Castroreale,ME,Moderato
2026-07-18,Cesarò,ME,Moderato
2026-07-18,Condrò,ME,Alto
2026-07-18,Falcone,ME,Alto
2026-07-18,Ficarra,ME,Alto
2026-07-18,Fiumedinisi,ME,Moderato
2026-07-18,Floresta,ME,Moderato
2026-07-18,Fondachelli-Fantina,ME,Moderato
2026-07-18,Forza d'Agrò,ME,Alto
2026-07-18,Francavilla di Sicilia,ME,Alto
2026-07-18,Frazzanò,ME,Moderato
2026-07-18,Furci Siculo,ME,Moderato
2026-07-18,Furnari,ME,Alto
2026-07-18,Gaggi,ME,Alto
2026-07-18,Galati Mamertino,ME,Moderato
2026-07-18,Gallodoro,ME,Alto
2026-07-18,Giardini-Naxos,ME,Alto
2026-07-18,Gioiosa Marea,ME,Alto
2026-07-18,Graniti,ME,Alto
2026-07-18,Gualtieri Sicaminò,ME,Alto
2026-07-18,Itala,ME,Alto
2026-07-18,Leni,ME,Alto
2026-07-18,Letojanni,ME,Alto
2026-07-18,Librizzi,ME,Alto
2026-07-18,Limina,ME,Moderato
2026-07-18,Lipari,ME,Alto
2026-07-18,Longi,ME,Moderato
2026-07-18,Malfa,ME,Alto
2026-07-18,Malvagna,ME,Alto
2026-07-18,Mandanici,ME,Moderato
2026-07-18,Mazzarrà Sant'Andrea,ME,Alto
2026-07-18,Merì,ME,Alto
2026-07-18,Messina,ME,Alto
2026-07-18,Milazzo,ME,Alto
2026-07-18,Militello Rosmarino,ME,Moderato
2026-07-18,Mirto,ME,Alto
2026-07-18,Mistretta,ME,Moderato
2026-07-18,Moio Alcantara,ME,Alto
2026-07-18,Monforte San Giorgio,ME,Alto
2026-07-18,Mongiuffi Melia,ME,Alto
2026-07-18,Montagnareale,ME,Alto
2026-07-18,Montalbano Elicona,ME,Moderato
2026-07-18,Motta Camastra,ME,Moderato
2026-07-18,Motta d'Affermo,ME,Alto
2026-07-18,Naso,ME,Alto
2026-07-18,Nizza di Sicilia,ME,Moderato
2026-07-18,Novara di Sicilia,ME,Moderato
2026-07-18,Oliveri,ME,Alto
2026-07-18,Pace del Mela,ME,Alto
2026-07-18,Pagliara,ME,Moderato
2026-07-18,Patti,ME,Alto
2026-07-18,Pettineo,ME,Alto
2026-07-18,Piraino,ME,Alto
2026-07-18,Raccuja,ME,Moderato
2026-07-18,Reitano,ME,Alto
2026-07-18,Roccafiorita,ME,Moderato
2026-07-18,Roccalumera,ME,Alto
2026-07-18,Roccavaldina,ME,Alto
2026-07-18,Roccella Valdemone,ME,Moderato
2026-07-18,Rodì Milici,ME,Moderato
2026-07-18,Rometta,ME,Alto
2026-07-18,San Filippo del Mela,ME,Alto
2026-07-18,San Fratello,ME,Moderato
2026-07-18,San Marco d'Alunzio,ME,Moderato
2026-07-18,San Pier Niceto,ME,Alto
2026-07-18,San Piero Patti,ME,Moderato
2026-07-18,San Salvatore di Fitalia,ME,Moderato
2026-07-18,Santa Domenica Vittoria,ME,Moderato
2026-07-18,Sant'Agata di Militello,ME,Alto
2026-07-18,Sant'Alessio Siculo,ME,Alto
2026-07-18,Santa Lucia del Mela,ME,Moderato
2026-07-18,Santa Marina Salina,ME,Alto
2026-07-18,Sant'Angelo di Brolo,ME,Moderato
2026-07-18,Santa Teresa di Riva,ME,Alto
2026-07-18,San Teodoro,ME,Moderato
2026-07-18,Santo Stefano di Camastra,ME,Alto
2026-07-18,Saponara,ME,Alto
2026-07-18,Savoca,ME,Alto
2026-07-18,Scaletta Zanclea,ME,Alto
2026-07-18,Sinagra,ME,Moderato
2026-07-18,Spadafora,ME,Alto
2026-07-18,Taormina,ME,Alto
2026-07-18,Torregrotta,ME,Alto
2026-07-18,Tortorici,ME,Moderato
2026-07-18,Tripi,ME,Alto
2026-07-18,Tusa,ME,Alto
2026-07-18,Ucria,ME,Moderato
2026-07-18,Valdina,ME,Alto
2026-07-18,Venetico,ME,Alto
2026-07-18,Villafranca Tirrena,ME,Alto
2026-07-18,Terme Vigliatore,ME,Alto
2026-07-18,Acquedolci,ME,Alto
2026-07-18,Torrenova,ME,Alto
2026-07-18,Agrigento,AG,Alto
2026-07-18,Alessandria della Rocca,AG,Alto
2026-07-18,Aragona,AG,Alto
2026-07-18,Bivona,AG,Alto
2026-07-18,Burgio,AG,Alto
2026-07-18,Calamonaci,AG,Alto
2026-07-18,Caltabellotta,AG,Alto
2026-07-18,Camastra,AG,Alto
2026-07-18,Cammarata,AG,Alto
2026-07-18,Campobello di Licata,AG,Alto
2026-07-18,Canicattì,AG,Alto
2026-07-18,Casteltermini,AG,Alto
2026-07-18,Castrofilippo,AG,Alto
2026-07-18,Cattolica Eraclea,AG,Alto
2026-07-18,Cianciana,AG,Alto
2026-07-18,Comitini,AG,Alto
2026-07-18,Favara,AG,Alto
2026-07-18,Grotte,AG,Alto
2026-07-18,Joppolo Giancaxio,AG,Alto
2026-07-18,Licata,AG,Alto
2026-07-18,Lucca Sicula,AG,Alto
2026-07-18,Menfi,AG,Alto
2026-07-18,Montallegro,AG,Alto
2026-07-18,Montevago,AG,Alto
2026-07-18,Naro,AG,Alto
2026-07-18,Palma di Montechiaro,AG,Alto
2026-07-18,Porto Empedocle,AG,Alto
2026-07-18,Racalmuto,AG,Alto
2026-07-18,Raffadali,AG,Alto
2026-07-18,Ravanusa,AG,Alto
2026-07-18,Realmonte,AG,Alto
2026-07-18,Ribera,AG,Alto
2026-07-18,Sambuca di Sicilia,AG,Alto
2026-07-18,San Biagio Platani,AG,Alto
2026-07-18,San Giovanni Gemini,AG,Alto
2026-07-18,Santa Elisabetta,AG,Alto
2026-07-18,Santa Margherita di Belice,AG,Alto
2026-07-18,Sant'Angelo Muxaro,AG,Alto
2026-07-18,Santo Stefano Quisquina,AG,Alto
2026-07-18,Sciacca,AG,Alto
2026-07-18,Siculiana,AG,Alto
2026-07-18,Villafranca Sicula,AG,Alto
2026-07-18,Acquaviva Platani,CL,Alto
2026-07-18,Bompensiere,CL,Alto
2026-07-18,Butera,CL,Alto
2026-07-18,Caltanissetta,CL,Alto
2026-07-18,Campofranco,CL,Alto
2026-07-18,Delia,CL,Alto
2026-07-18,Gela,CL,Alto
2026-07-18,Marianopoli,CL,Alto
2026-07-18,Mazzarino,CL,Alto
2026-07-18,Milena,CL,Alto
2026-07-18,Montedoro,CL,Alto
2026-07-18,Mussomeli,CL,Alto
2026-07-18,Niscemi,CL,Alto
2026-07-18,Resuttano,CL,Moderato
2026-07-18,Riesi,CL,Alto
2026-07-18,San Cataldo,CL,Alto
2026-07-18,Santa Caterina Villarmosa,CL,Alto
2026-07-18,Serradifalco,CL,Alto
2026-07-18,Sommatino,CL,Alto
2026-07-18,Sutera,CL,Alto
2026-07-18,Vallelunga Pratameno,CL,Alto
2026-07-18,Villalba,CL,Alto
2026-07-18,Agira,EN,Alto
2026-07-18,Aidone,EN,Alto
2026-07-18,Assoro,EN,Alto
2026-07-18,Barrafranca,EN,Alto
2026-07-18,Calascibetta,EN,Alto
2026-07-18,Catenanuova,EN,Alto
2026-07-18,Centuripe,EN,Alto
2026-07-18,Cerami,EN,Moderato
2026-07-18,Enna,EN,Alto
2026-07-18,Gagliano Castelferrato,EN,Alto
2026-07-18,Leonforte,EN,Alto
2026-07-18,Nicosia,EN,Alto
2026-07-18,Nissoria,EN,Alto
2026-07-18,Piazza Armerina,EN,Alto
2026-07-18,Pietraperzia,EN,Alto
2026-07-18,Regalbuto,EN,Alto
2026-07-18,Sperlinga,EN,Moderato
2026-07-18,Troina,EN,Alto
2026-07-18,Valguarnera Caropepe,EN,Alto
2026-07-18,Villarosa,EN,Alto
2026-07-18,Aci Bonaccorsi,CT,Alto
2026-07-18,Aci Castello,CT,Alto
2026-07-18,Aci Catena,CT,Alto
2026-07-18,Acireale,CT,Alto
2026-07-18,Aci Sant'Antonio,CT,Alto
2026-07-18,Adrano,CT,Moderato
2026-07-18,Belpasso,CT,Alto
2026-07-18,Biancavilla,CT,Alto
2026-07-18,Bronte,CT,Alto
2026-07-18,Calatabiano,CT,Alto
2026-07-18,Caltagirone,CT,Alto
2026-07-18,Camporotondo Etneo,CT,Alto
2026-07-18,Castel di Iudica,CT,Alto
2026-07-18,Castiglione di Sicilia,CT,Alto
2026-07-18,Catania,CT,Alto
2026-07-18,Fiumefreddo di Sicilia,CT,Alto
2026-07-18,Giarre,CT,Alto
2026-07-18,Grammichele,CT,Alto
2026-07-18,Gravina di Catania,CT,Alto
2026-07-18,Licodia Eubea,CT,Alto
2026-07-18,Linguaglossa,CT,Moderato
2026-07-18,Maletto,CT,Moderato
2026-07-18,Mascali,CT,Alto
2026-07-18,Mascalucia,CT,Alto
2026-07-18,Militello in Val di Catania,CT,Alto
2026-07-18,Milo,CT,Moderato
2026-07-18,Mineo,CT,Alto
2026-07-18,Mirabella Imbaccari,CT,Alto
2026-07-18,Misterbianco,CT,Alto
2026-07-18,Motta Sant'Anastasia,CT,Alto
2026-07-18,Nicolosi,CT,Moderato
2026-07-18,Palagonia,CT,Alto
2026-07-18,Paternò,CT,Alto
2026-07-18,Pedara,CT,Moderato
2026-07-18,Piedimonte Etneo,CT,Alto
2026-07-18,Raddusa,CT,Alto
2026-07-18,Ramacca,CT,Alto
2026-07-18,Randazzo,CT,Moderato
2026-07-18,Riposto,CT,Alto
2026-07-18,San Cono,CT,Alto
2026-07-18,San Giovanni la Punta,CT,Alto
2026-07-18,San Gregorio di Catania,CT,Alto
2026-07-18,San Michele di Ganzaria,CT,Alto
2026-07-18,San Pietro Clarenza,CT,Alto
2026-07-18,Sant'Agata li Battiati,CT,Alto
2026-07-18,Sant'Alfio,CT,Moderato
2026-07-18,Santa Maria di Licodia,CT,Alto
2026-07-18,Santa Venerina,CT,Alto
2026-07-18,Scordia,CT,Alto
2026-07-18,Trecastagni,CT,Alto
2026-07-18,Tremestieri Etneo,CT,Alto
2026-07-18,Valverde,CT,Alto
2026-07-18,Viagrande,CT,Alto
2026-07-18,Vizzini,CT,Alto
2026-07-18,Zafferana Etnea,CT,Moderato
2026-07-18,Mazzarrone,CT,Alto
2026-07-18,Maniace,CT,Moderato
2026-07-18,Ragalna,CT,Moderato
2026-07-18,Acate,RG,Alto
2026-07-18,Chiaramonte Gulfi,RG,Alto
2026-07-18,Comiso,RG,Alto
2026-07-18,Giarratana,RG,Alto
2026-07-18,Ispica,RG,Alto
2026-07-18,Modica,RG,Alto
2026-07-18,Monterosso Almo,RG,Alto
2026-07-18,Pozzallo,RG,Alto
2026-07-18,Ragusa,RG,Alto
2026-07-18,Santa Croce Camerina,RG,Alto
2026-07-18,Scicli,RG,Alto
2026-07-18,Vittoria,RG,Alto
2026-07-18,Augusta,SR,Alto
2026-07-18,Avola,SR,Alto
2026-07-18,Buccheri,SR,Alto
2026-07-18,Buscemi,SR,Alto
2026-07-18,Canicattini Bagni,SR,Alto
2026-07-18,Carlentini,SR,Alto
2026-07-18,Cassaro,SR,Alto
2026-07-18,Ferla,SR,Alto
2026-07-18,Floridia,SR,Alto
2026-07-18,Francofonte,SR,Alto
2026-07-18,Lentini,SR,Alto
2026-07-18,Melilli,SR,Alto
2026-07-18,Noto,SR,Alto
2026-07-18,Pachino,SR,Alto
2026-07-18,Palazzolo Acreide,SR,Alto
2026-07-18,Rosolini,SR,Alto
2026-07-18,Siracusa,SR,Alto
2026-07-18,Solarino,SR,Alto
2026-07-18,Sortino,SR,Alto
2026-07-18,Portopalo di Capo Passero,SR,Alto
2026-07-18,Priolo Gargallo,SR,Alto
2026-07-19,Alcamo,TP,Alto
2026-07-19,Buseto Palizzolo,TP,Alto
2026-07-19,Calatafimi-Segesta,TP,Alto
2026-07-19,Campobello di Mazara,TP,Alto
2026-07-19,Castellammare del Golfo,TP,Alto
2026-07-19,Castelvetrano,TP,Alto
2026-07-19,Custonaci,TP,Alto
2026-07-19,Erice,TP,Alto
2026-07-19,Favignana,TP,Alto
2026-07-19,Gibellina,TP,Alto
2026-07-19,Marsala,TP,Alto
2026-07-19,Mazara del Vallo,TP,Alto
2026-07-19,Paceco,TP,Alto
2026-07-19,Partanna,TP,Alto
2026-07-19,Poggioreale,TP,Alto
2026-07-19,Salaparuta,TP,Alto
2026-07-19,Salemi,TP,Alto
2026-07-19,Santa Ninfa,TP,Alto
2026-07-19,San Vito Lo Capo,TP,Alto
2026-07-19,Trapani,TP,Alto
2026-07-19,Valderice,TP,Alto
2026-07-19,Vita,TP,Alto
2026-07-19,Petrosino,TP,Alto
2026-07-19,Misiliscemi,TP,Alto
2026-07-19,Alia,PA,Alto
2026-07-19,Alimena,PA,Moderato
2026-07-19,Aliminusa,PA,Alto
2026-07-19,Altavilla Milicia,PA,Alto
2026-07-19,Altofonte,PA,Alto
2026-07-19,Bagheria,PA,Alto
2026-07-19,Balestrate,PA,Alto
2026-07-19,Baucina,PA,Alto
2026-07-19,Belmonte Mezzagno,PA,Alto
2026-07-19,Bisacquino,PA,Alto
2026-07-19,Bolognetta,PA,Alto
2026-07-19,Bompietro,PA,Moderato
2026-07-19,Borgetto,PA,Moderato
2026-07-19,Caccamo,PA,Alto
2026-07-19,Caltavuturo,PA,Moderato
2026-07-19,Campofelice di Fitalia,PA,Alto
2026-07-19,Campofelice di Roccella,PA,Alto
2026-07-19,Campofiorito,PA,Moderato
2026-07-19,Camporeale,PA,Alto
2026-07-19,Capaci,PA,Alto
2026-07-19,Carini,PA,Alto
2026-07-19,Castelbuono,PA,Alto
2026-07-19,Casteldaccia,PA,Alto
2026-07-19,Castellana Sicula,PA,Moderato
2026-07-19,Castronovo di Sicilia,PA,Alto
2026-07-19,Cefalà Diana,PA,Alto
2026-07-19,Cefalù,PA,Alto
2026-07-19,Cerda,PA,Alto
2026-07-19,Chiusa Sclafani,PA,Alto
2026-07-19,Ciminna,PA,Alto
2026-07-19,Cinisi,PA,Alto
2026-07-19,Collesano,PA,Alto
2026-07-19,Contessa Entellina,PA,Alto
2026-07-19,Corleone,PA,Moderato
2026-07-19,Ficarazzi,PA,Alto
2026-07-19,Gangi,PA,Moderato
2026-07-19,Geraci Siculo,PA,Moderato
2026-07-19,Giardinello,PA,Alto
2026-07-19,Giuliana,PA,Alto
2026-07-19,Godrano,PA,Alto
2026-07-19,Gratteri,PA,Alto
2026-07-19,Isnello,PA,Moderato
2026-07-19,Isola delle Femmine,PA,Alto
2026-07-19,Lascari,PA,Alto
2026-07-19,Lercara Friddi,PA,Alto
2026-07-19,Marineo,PA,Alto
2026-07-19,Mezzojuso,PA,Alto
2026-07-19,Misilmeri,PA,Alto
2026-07-19,Monreale,PA,Alto
2026-07-19,Montelepre,PA,Alto
2026-07-19,Montemaggiore Belsito,PA,Alto
2026-07-19,Palazzo Adriano,PA,Moderato
2026-07-19,Palermo,PA,Alto
2026-07-19,Partinico,PA,Alto
2026-07-19,Petralia Soprana,PA,Alto
2026-07-19,Petralia Sottana,PA,Moderato
2026-07-19,Piana degli Albanesi,PA,Alto
2026-07-19,Polizzi Generosa,PA,Moderato
2026-07-19,Pollina,PA,Alto
2026-07-19,Prizzi,PA,Moderato
2026-07-19,Roccamena,PA,Alto
2026-07-19,Roccapalumba,PA,Alto
2026-07-19,San Cipirello,PA,Alto
2026-07-19,San Giuseppe Jato,PA,Alto
2026-07-19,San Mauro Castelverde,PA,Moderato
2026-07-19,Santa Cristina Gela,PA,Alto
2026-07-19,Santa Flavia,PA,Alto
2026-07-19,Sciara,PA,Alto
2026-07-19,Sclafani Bagni,PA,Alto
2026-07-19,Termini Imerese,PA,Alto
2026-07-19,Terrasini,PA,Alto
2026-07-19,Torretta,PA,Alto
2026-07-19,Trabia,PA,Alto
2026-07-19,Trappeto,PA,Alto
2026-07-19,Valledolmo,PA,Alto
2026-07-19,Ventimiglia di Sicilia,PA,Alto
2026-07-19,Vicari,PA,Alto
2026-07-19,Villabate,PA,Alto
2026-07-19,Villafrati,PA,Alto
2026-07-19,Scillato,PA,Moderato
2026-07-19,Blufi,PA,Moderato
2026-07-19,Alcara li Fusi,ME,Moderato
2026-07-19,Alì,ME,Alto
2026-07-19,Alì Terme,ME,Alto
2026-07-19,Antillo,ME,Alto
2026-07-19,Barcellona Pozzo di Gotto,ME,Alto
2026-07-19,Basicò,ME,Alto
2026-07-19,Brolo,ME,Alto
2026-07-19,Capizzi,ME,Moderato
2026-07-19,Capo d'Orlando,ME,Alto
2026-07-19,Capri Leone,ME,Alto
2026-07-19,Caronia,ME,Alto
2026-07-19,Casalvecchio Siculo,ME,Alto
2026-07-19,Castel di Lucio,ME,Moderato
2026-07-19,Castell'Umberto,ME,Alto
2026-07-19,Castelmola,ME,Alto
2026-07-19,Castroreale,ME,Moderato
2026-07-19,Cesarò,ME,Moderato
2026-07-19,Condrò,ME,Alto
2026-07-19,Falcone,ME,Alto
2026-07-19,Ficarra,ME,Alto
2026-07-19,Fiumedinisi,ME,Alto
2026-07-19,Floresta,ME,Moderato
2026-07-19,Fondachelli-Fantina,ME,Moderato
2026-07-19,Forza d'Agrò,ME,Alto
2026-07-19,Francavilla di Sicilia,ME,Alto
2026-07-19,Frazzanò,ME,Alto
2026-07-19,Furci Siculo,ME,Alto
2026-07-19,Furnari,ME,Alto
2026-07-19,Gaggi,ME,Alto
2026-07-19,Galati Mamertino,ME,Moderato
2026-07-19,Gallodoro,ME,Alto
2026-07-19,Giardini-Naxos,ME,Alto
2026-07-19,Gioiosa Marea,ME,Alto
2026-07-19,Graniti,ME,Alto
2026-07-19,Gualtieri Sicaminò,ME,Alto
2026-07-19,Itala,ME,Alto
2026-07-19,Leni,ME,Alto
2026-07-19,Letojanni,ME,Alto
2026-07-19,Librizzi,ME,Alto
2026-07-19,Limina,ME,Alto
2026-07-19,Lipari,ME,Alto
2026-07-19,Longi,ME,Moderato
2026-07-19,Malfa,ME,Alto
2026-07-19,Malvagna,ME,Alto
2026-07-19,Mandanici,ME,Alto
2026-07-19,Mazzarrà Sant'Andrea,ME,Alto
2026-07-19,Merì,ME,Alto
2026-07-19,Messina,ME,Alto
2026-07-19,Milazzo,ME,Alto
2026-07-19,Militello Rosmarino,ME,Moderato
2026-07-19,Mirto,ME,Alto
2026-07-19,Mistretta,ME,Moderato
2026-07-19,Moio Alcantara,ME,Alto
2026-07-19,Monforte San Giorgio,ME,Alto
2026-07-19,Mongiuffi Melia,ME,Alto
2026-07-19,Montagnareale,ME,Alto
2026-07-19,Montalbano Elicona,ME,Moderato
2026-07-19,Motta Camastra,ME,Alto
2026-07-19,Motta d'Affermo,ME,Alto
2026-07-19,Naso,ME,Alto
2026-07-19,Nizza di Sicilia,ME,Alto
2026-07-19,Novara di Sicilia,ME,Moderato
2026-07-19,Oliveri,ME,Alto
2026-07-19,Pace del Mela,ME,Alto
2026-07-19,Pagliara,ME,Alto
2026-07-19,Patti,ME,Alto
2026-07-19,Pettineo,ME,Alto
2026-07-19,Piraino,ME,Alto
2026-07-19,Raccuja,ME,Moderato
2026-07-19,Reitano,ME,Alto
2026-07-19,Roccafiorita,ME,Alto
2026-07-19,Roccalumera,ME,Alto
2026-07-19,Roccavaldina,ME,Alto
2026-07-19,Roccella Valdemone,ME,Alto
2026-07-19,Rodì Milici,ME,Alto
2026-07-19,Rometta,ME,Alto
2026-07-19,San Filippo del Mela,ME,Alto
2026-07-19,San Fratello,ME,Moderato
2026-07-19,San Marco d'Alunzio,ME,Alto
2026-07-19,San Pier Niceto,ME,Alto
2026-07-19,San Piero Patti,ME,Alto
2026-07-19,San Salvatore di Fitalia,ME,Alto
2026-07-19,Santa Domenica Vittoria,ME,Alto
2026-07-19,Sant'Agata di Militello,ME,Alto
2026-07-19,Sant'Alessio Siculo,ME,Alto
2026-07-19,Santa Lucia del Mela,ME,Alto
2026-07-19,Santa Marina Salina,ME,Alto
2026-07-19,Sant'Angelo di Brolo,ME,Alto
2026-07-19,Santa Teresa di Riva,ME,Alto
2026-07-19,San Teodoro,ME,Moderato
2026-07-19,Santo Stefano di Camastra,ME,Alto
2026-07-19,Saponara,ME,Alto
2026-07-19,Savoca,ME,Alto
2026-07-19,Scaletta Zanclea,ME,Alto
2026-07-19,Sinagra,ME,Alto
2026-07-19,Spadafora,ME,Alto
2026-07-19,Taormina,ME,Alto
2026-07-19,Torregrotta,ME,Alto
2026-07-19,Tortorici,ME,Moderato
2026-07-19,Tripi,ME,Alto
2026-07-19,Tusa,ME,Alto
2026-07-19,Ucria,ME,Moderato
2026-07-19,Valdina,ME,Alto
2026-07-19,Venetico,ME,Alto
2026-07-19,Villafranca Tirrena,ME,Alto
2026-07-19,Terme Vigliatore,ME,Alto
2026-07-19,Acquedolci,ME,Alto
2026-07-19,Torrenova,ME,Alto
2026-07-19,Agrigento,AG,Alto
2026-07-19,Alessandria della Rocca,AG,Alto
2026-07-19,Aragona,AG,Alto
2026-07-19,Bivona,AG,Alto
2026-07-19,Burgio,AG,Alto
2026-07-19,Calamonaci,AG,Alto
2026-07-19,Caltabellotta,AG,Alto
2026-07-19,Camastra,AG,Alto
2026-07-19,Cammarata,AG,Alto
2026-07-19,Campobello di Licata,AG,Alto
2026-07-19,Canicattì,AG,Alto
2026-07-19,Casteltermini,AG,Alto
2026-07-19,Castrofilippo,AG,Alto
2026-07-19,Cattolica Eraclea,AG,Alto
2026-07-19,Cianciana,AG,Alto
2026-07-19,Comitini,AG,Alto
2026-07-19,Favara,AG,Alto
2026-07-19,Grotte,AG,Alto
2026-07-19,Joppolo Giancaxio,AG,Alto
2026-07-19,Licata,AG,Alto
2026-07-19,Lucca Sicula,AG,Alto
2026-07-19,Menfi,AG,Alto
2026-07-19,Montallegro,AG,Alto
2026-07-19,Montevago,AG,Alto
2026-07-19,Naro,AG,Alto
2026-07-19,Palma di Montechiaro,AG,Alto
2026-07-19,Porto Empedocle,AG,Alto
2026-07-19,Racalmuto,AG,Alto
2026-07-19,Raffadali,AG,Alto
2026-07-19,Ravanusa,AG,Alto
2026-07-19,Realmonte,AG,Alto
2026-07-19,Ribera,AG,Alto
2026-07-19,Sambuca di Sicilia,AG,Alto
2026-07-19,San Biagio Platani,AG,Alto
2026-07-19,San Giovanni Gemini,AG,Alto
2026-07-19,Santa Elisabetta,AG,Alto
2026-07-19,Santa Margherita di Belice,AG,Alto
2026-07-19,Sant'Angelo Muxaro,AG,Alto
2026-07-19,Santo Stefano Quisquina,AG,Alto
2026-07-19,Sciacca,AG,Alto
2026-07-19,Siculiana,AG,Alto
2026-07-19,Villafranca Sicula,AG,Alto
2026-07-19,Acquaviva Platani,CL,Alto
2026-07-19,Bompensiere,CL,Alto
2026-07-19,Butera,CL,Alto
2026-07-19,Caltanissetta,CL,Alto
2026-07-19,Campofranco,CL,Alto
2026-07-19,Delia,CL,Alto
2026-07-19,Gela,CL,Alto
2026-07-19,Marianopoli,CL,Alto
2026-07-19,Mazzarino,CL,Alto
2026-07-19,Milena,CL,Alto
2026-07-19,Montedoro,CL,Alto
2026-07-19,Mussomeli,CL,Alto
2026-07-19,Niscemi,CL,Alto
2026-07-19,Resuttano,CL,Alto
2026-07-19,Riesi,CL,Alto
2026-07-19,San Cataldo,CL,Alto
2026-07-19,Santa Caterina Villarmosa,CL,Alto
2026-07-19,Serradifalco,CL,Alto
2026-07-19,Sommatino,CL,Alto
2026-07-19,Sutera,CL,Alto
2026-07-19,Vallelunga Pratameno,CL,Alto
2026-07-19,Villalba,CL,Alto
2026-07-19,Agira,EN,Alto
2026-07-19,Aidone,EN,Alto
2026-07-19,Assoro,EN,Alto
2026-07-19,Barrafranca,EN,Alto
2026-07-19,Calascibetta,EN,Alto
2026-07-19,Catenanuova,EN,Alto
2026-07-19,Centuripe,EN,Alto
2026-07-19,Cerami,EN,Moderato
2026-07-19,Enna,EN,Alto
2026-07-19,Gagliano Castelferrato,EN,Alto
2026-07-19,Leonforte,EN,Alto
2026-07-19,Nicosia,EN,Alto
2026-07-19,Nissoria,EN,Alto
2026-07-19,Piazza Armerina,EN,Alto
2026-07-19,Pietraperzia,EN,Alto
2026-07-19,Regalbuto,EN,Alto
2026-07-19,Sperlinga,EN,Moderato
2026-07-19,Troina,EN,Alto
2026-07-19,Valguarnera Caropepe,EN,Alto
2026-07-19,Villarosa,EN,Alto
2026-07-19,Aci Bonaccorsi,CT,Alto
2026-07-19,Aci Castello,CT,Alto
2026-07-19,Aci Catena,CT,Alto
2026-07-19,Acireale,CT,Alto
2026-07-19,Aci Sant'Antonio,CT,Alto
2026-07-19,Adrano,CT,Alto
2026-07-19,Belpasso,CT,Alto
2026-07-19,Biancavilla,CT,Alto
2026-07-19,Bronte,CT,Alto
2026-07-19,Calatabiano,CT,Alto
2026-07-19,Caltagirone,CT,Alto
2026-07-19,Camporotondo Etneo,CT,Alto
2026-07-19,Castel di Iudica,CT,Alto
2026-07-19,Castiglione di Sicilia,CT,Alto
2026-07-19,Catania,CT,Alto
2026-07-19,Fiumefreddo di Sicilia,CT,Alto
2026-07-19,Giarre,CT,Alto
2026-07-19,Grammichele,CT,Alto
2026-07-19,Gravina di Catania,CT,Alto
2026-07-19,Licodia Eubea,CT,Alto
2026-07-19,Linguaglossa,CT,Moderato
2026-07-19,Maletto,CT,Moderato
2026-07-19,Mascali,CT,Alto
2026-07-19,Mascalucia,CT,Alto
2026-07-19,Militello in Val di Catania,CT,Alto
2026-07-19,Milo,CT,Moderato
2026-07-19,Mineo,CT,Alto
2026-07-19,Mirabella Imbaccari,CT,Alto
2026-07-19,Misterbianco,CT,Alto
2026-07-19,Motta Sant'Anastasia,CT,Alto
2026-07-19,Nicolosi,CT,Moderato
2026-07-19,Palagonia,CT,Alto
2026-07-19,Paternò,CT,Alto
2026-07-19,Pedara,CT,Alto
2026-07-19,Piedimonte Etneo,CT,Moderato
2026-07-19,Raddusa,CT,Alto
2026-07-19,Ramacca,CT,Alto
2026-07-19,Randazzo,CT,Moderato
2026-07-19,Riposto,CT,Alto
2026-07-19,San Cono,CT,Alto
2026-07-19,San Giovanni la Punta,CT,Alto
2026-07-19,San Gregorio di Catania,CT,Alto
2026-07-19,San Michele di Ganzaria,CT,Alto
2026-07-19,San Pietro Clarenza,CT,Alto
2026-07-19,Sant'Agata li Battiati,CT,Alto
2026-07-19,Sant'Alfio,CT,Moderato
2026-07-19,Santa Maria di Licodia,CT,Alto
2026-07-19,Santa Venerina,CT,Alto
2026-07-19,Scordia,CT,Alto
2026-07-19,Trecastagni,CT,Alto
2026-07-19,Tremestieri Etneo,CT,Alto
2026-07-19,Valverde,CT,Alto
2026-07-19,Viagrande,CT,Alto
2026-07-19,Vizzini,CT,Alto
2026-07-19,Zafferana Etnea,CT,Moderato
2026-07-19,Mazzarrone,CT,Alto
2026-07-19,Maniace,CT,Alto
2026-07-19,Ragalna,CT,Moderato
2026-07-19,Acate,RG,Alto
2026-07-19,Chiaramonte Gulfi,RG,Alto
2026-07-19,Comiso,RG,Alto
2026-07-19,Giarratana,RG,Alto
2026-07-19,Ispica,RG,Alto
2026-07-19,Modica,RG,Alto
2026-07-19,Monterosso Almo,RG,Alto
2026-07-19,Pozzallo,RG,Alto
2026-07-19,Ragusa,RG,Alto
2026-07-19,Santa Croce Camerina,RG,Alto
2026-07-19,Scicli,RG,Alto
2026-07-19,Vittoria,RG,Alto
2026-07-19,Augusta,SR,Alto
2026-07-19,Avola,SR,Alto
2026-07-19,Buccheri,SR,Alto
2026-07-19,Buscemi,SR,Alto
2026-07-19,Canicattini Bagni,SR,Alto
2026-07-19,Carlentini,SR,Alto
2026-07-19,Cassaro,SR,Alto
2026-07-19,Ferla,SR,Alto
2026-07-19,Floridia,SR,Alto
2026-07-19,Francofonte,SR,Alto
2026-07-19,Lentini,SR,Alto
2026-07-19,Melilli,SR,Alto
2026-07-19,Noto,SR,Alto
2026-07-19,Pachino,SR,Alto
2026-07-19,Palazzolo Acreide,SR,Alto
2026-07-19,Rosolini,SR,Alto
2026-07-19,Siracusa,SR,Alto
2026-07-19,Solarino,SR,Alto
2026-07-19,Sortino,SR,Alto
2026-07-19,Portopalo di Capo Passero,SR,Alto
2026-07-19,Priolo Gargallo,SR,Alto
2026-07-20,Alcamo,TP,Alto
2026-07-20,Buseto Palizzolo,TP,Alto
2026-07-20,Calatafimi-Segesta,TP,Alto
2026-07-20,Campobello di Mazara,TP,Alto
2026-07-20,Castellammare del Golfo,TP,Alto
2026-07-20,Castelvetrano,TP,Alto
2026-07-20,Custonaci,TP,Alto
2026-07-20,Erice,TP,Alto
2026-07-20,Favignana,TP,Alto
2026-07-20,Gibellina,TP,Alto
2026-07-20,Marsala,TP,Alto
2026-07-20,Mazara del Vallo,TP,Alto
2026-07-20,Paceco,TP,Alto
2026-07-20,Partanna,TP,Alto
2026-07-20,Poggioreale,TP,Alto
2026-07-20,Salaparuta,TP,Alto
2026-07-20,Salemi,TP,Alto
2026-07-20,Santa Ninfa,TP,Alto
2026-07-20,San Vito Lo Capo,TP,Alto
2026-07-20,Trapani,TP,Alto
2026-07-20,Valderice,TP,Alto
2026-07-20,Vita,TP,Alto
2026-07-20,Petrosino,TP,Alto
2026-07-20,Misiliscemi,TP,Alto
2026-07-20,Alia,PA,Alto
2026-07-20,Alimena,PA,Alto
2026-07-20,Aliminusa,PA,Alto
2026-07-20,Altavilla Milicia,PA,Alto
2026-07-20,Altofonte,PA,Alto
2026-07-20,Bagheria,PA,Alto
2026-07-20,Balestrate,PA,Alto
2026-07-20,Baucina,PA,Alto
2026-07-20,Belmonte Mezzagno,PA,Alto
2026-07-20,Bisacquino,PA,Alto
2026-07-20,Bolognetta,PA,Alto
2026-07-20,Bompietro,PA,Alto
2026-07-20,Borgetto,PA,Alto
2026-07-20,Caccamo,PA,Alto
2026-07-20,Caltavuturo,PA,Moderato
2026-07-20,Campofelice di Fitalia,PA,Alto
2026-07-20,Campofelice di Roccella,PA,Alto
2026-07-20,Campofiorito,PA,Alto
2026-07-20,Camporeale,PA,Alto
2026-07-20,Capaci,PA,Alto
2026-07-20,Carini,PA,Alto
2026-07-20,Castelbuono,PA,Alto
2026-07-20,Casteldaccia,PA,Alto
2026-07-20,Castellana Sicula,PA,Alto
2026-07-20,Castronovo di Sicilia,PA,Alto
2026-07-20,Cefalà Diana,PA,Alto
2026-07-20,Cefalù,PA,Alto
2026-07-20,Cerda,PA,Alto
2026-07-20,Chiusa Sclafani,PA,Alto
2026-07-20,Ciminna,PA,Alto
2026-07-20,Cinisi,PA,Alto
2026-07-20,Collesano,PA,Alto
2026-07-20,Contessa Entellina,PA,Alto
2026-07-20,Corleone,PA,Moderato
2026-07-20,Ficarazzi,PA,Alto
2026-07-20,Gangi,PA,Moderato
2026-07-20,Geraci Siculo,PA,Moderato
2026-07-20,Giardinello,PA,Alto
2026-07-20,Giuliana,PA,Alto
2026-07-20,Godrano,PA,Alto
2026-07-20,Gratteri,PA,Alto
2026-07-20,Isnello,PA,Moderato
2026-07-20,Isola delle Femmine,PA,Alto
2026-07-20,Lascari,PA,Alto
2026-07-20,Lercara Friddi,PA,Alto
2026-07-20,Marineo,PA,Alto
2026-07-20,Mezzojuso,PA,Alto
2026-07-20,Misilmeri,PA,Alto
2026-07-20,Monreale,PA,Alto
2026-07-20,Montelepre,PA,Alto
2026-07-20,Montemaggiore Belsito,PA,Alto
2026-07-20,Palazzo Adriano,PA,Alto
2026-07-20,Palermo,PA,Alto
2026-07-20,Partinico,PA,Alto
2026-07-20,Petralia Soprana,PA,Alto
2026-07-20,Petralia Sottana,PA,Alto
2026-07-20,Piana degli Albanesi,PA,Alto
2026-07-20,Polizzi Generosa,PA,Moderato
2026-07-20,Pollina,PA,Alto
2026-07-20,Prizzi,PA,Moderato
2026-07-20,Roccamena,PA,Alto
2026-07-20,Roccapalumba,PA,Alto
2026-07-20,San Cipirello,PA,Alto
2026-07-20,San Giuseppe Jato,PA,Alto
2026-07-20,San Mauro Castelverde,PA,Moderato
2026-07-20,Santa Cristina Gela,PA,Alto
2026-07-20,Santa Flavia,PA,Alto
2026-07-20,Sciara,PA,Alto
2026-07-20,Sclafani Bagni,PA,Alto
2026-07-20,Termini Imerese,PA,Alto
2026-07-20,Terrasini,PA,Alto
2026-07-20,Torretta,PA,Alto
2026-07-20,Trabia,PA,Alto
2026-07-20,Trappeto,PA,Alto
2026-07-20,Valledolmo,PA,Alto
2026-07-20,Ventimiglia di Sicilia,PA,Alto
2026-07-20,Vicari,PA,Alto
2026-07-20,Villabate,PA,Alto
2026-07-20,Villafrati,PA,Alto
2026-07-20,Scillato,PA,Moderato
2026-07-20,Blufi,PA,Alto
2026-07-20,Alcara li Fusi,ME,Moderato
2026-07-20,Alì,ME,Alto
2026-07-20,Alì Terme,ME,Alto
2026-07-20,Antillo,ME,Alto
2026-07-20,Barcellona Pozzo di Gotto,ME,Alto
2026-07-20,Basicò,ME,Alto
2026-07-20,Brolo,ME,Alto
2026-07-20,Capizzi,ME,Moderato
2026-07-20,Capo d'Orlando,ME,Alto
2026-07-20,Capri Leone,ME,Alto
2026-07-20,Caronia,ME,Moderato
2026-07-20,Casalvecchio Siculo,ME,Alto
2026-07-20,Castel di Lucio,ME,Moderato
2026-07-20,Castell'Umberto,ME,Alto
2026-07-20,Castelmola,ME,Alto
2026-07-20,Castroreale,ME,Moderato
2026-07-20,Cesarò,ME,Moderato
2026-07-20,Condrò,ME,Alto
2026-07-20,Falcone,ME,Alto
2026-07-20,Ficarra,ME,Alto
2026-07-20,Fiumedinisi,ME,Alto
2026-07-20,Floresta,ME,Moderato
2026-07-20,Fondachelli-Fantina,ME,Moderato
2026-07-20,Forza d'Agrò,ME,Alto
2026-07-20,Francavilla di Sicilia,ME,Alto
2026-07-20,Frazzanò,ME,Alto
2026-07-20,Furci Siculo,ME,Alto
2026-07-20,Furnari,ME,Alto
2026-07-20,Gaggi,ME,Alto
2026-07-20,Galati Mamertino,ME,Moderato
2026-07-20,Gallodoro,ME,Alto
2026-07-20,Giardini-Naxos,ME,Alto
2026-07-20,Gioiosa Marea,ME,Alto
2026-07-20,Graniti,ME,Alto
2026-07-20,Gualtieri Sicaminò,ME,Alto
2026-07-20,Itala,ME,Alto
2026-07-20,Leni,ME,Alto
2026-07-20,Letojanni,ME,Alto
2026-07-20,Librizzi,ME,Alto
2026-07-20,Limina,ME,Alto
2026-07-20,Lipari,ME,Alto
2026-07-20,Longi,ME,Moderato
2026-07-20,Malfa,ME,Alto
2026-07-20,Malvagna,ME,Alto
2026-07-20,Mandanici,ME,Alto
2026-07-20,Mazzarrà Sant'Andrea,ME,Alto
2026-07-20,Merì,ME,Alto
2026-07-20,Messina,ME,Alto
2026-07-20,Milazzo,ME,Alto
2026-07-20,Militello Rosmarino,ME,Moderato
2026-07-20,Mirto,ME,Alto
2026-07-20,Mistretta,ME,Moderato
2026-07-20,Moio Alcantara,ME,Alto
2026-07-20,Monforte San Giorgio,ME,Alto
2026-07-20,Mongiuffi Melia,ME,Alto
2026-07-20,Montagnareale,ME,Alto
2026-07-20,Montalbano Elicona,ME,Moderato
2026-07-20,Motta Camastra,ME,Alto
2026-07-20,Motta d'Affermo,ME,Alto
2026-07-20,Naso,ME,Alto
2026-07-20,Nizza di Sicilia,ME,Alto
2026-07-20,Novara di Sicilia,ME,Moderato
2026-07-20,Oliveri,ME,Alto
2026-07-20,Pace del Mela,ME,Alto
2026-07-20,Pagliara,ME,Alto
2026-07-20,Patti,ME,Alto
2026-07-20,Pettineo,ME,Alto
2026-07-20,Piraino,ME,Alto
2026-07-20,Raccuja,ME,Moderato
2026-07-20,Reitano,ME,Alto
2026-07-20,Roccafiorita,ME,Alto
2026-07-20,Roccalumera,ME,Alto
2026-07-20,Roccavaldina,ME,Alto
2026-07-20,Roccella Valdemone,ME,Alto
2026-07-20,Rodì Milici,ME,Moderato
2026-07-20,Rometta,ME,Alto
2026-07-20,San Filippo del Mela,ME,Alto
2026-07-20,San Fratello,ME,Moderato
2026-07-20,San Marco d'Alunzio,ME,Moderato
2026-07-20,San Pier Niceto,ME,Alto
2026-07-20,San Piero Patti,ME,Alto
2026-07-20,San Salvatore di Fitalia,ME,Alto
2026-07-20,Santa Domenica Vittoria,ME,Alto
2026-07-20,Sant'Agata di Militello,ME,Alto
2026-07-20,Sant'Alessio Siculo,ME,Alto
2026-07-20,Santa Lucia del Mela,ME,Moderato
2026-07-20,Santa Marina Salina,ME,Alto
2026-07-20,Sant'Angelo di Brolo,ME,Moderato
2026-07-20,Santa Teresa di Riva,ME,Alto
2026-07-20,San Teodoro,ME,Moderato
2026-07-20,Santo Stefano di Camastra,ME,Alto
2026-07-20,Saponara,ME,Alto
2026-07-20,Savoca,ME,Alto
2026-07-20,Scaletta Zanclea,ME,Alto
2026-07-20,Sinagra,ME,Alto
2026-07-20,Spadafora,ME,Alto
2026-07-20,Taormina,ME,Alto
2026-07-20,Torregrotta,ME,Alto
2026-07-20,Tortorici,ME,Moderato
2026-07-20,Tripi,ME,Alto
2026-07-20,Tusa,ME,Alto
2026-07-20,Ucria,ME,Moderato
2026-07-20,Valdina,ME,Alto
2026-07-20,Venetico,ME,Alto
2026-07-20,Villafranca Tirrena,ME,Alto
2026-07-20,Terme Vigliatore,ME,Alto
2026-07-20,Acquedolci,ME,Alto
2026-07-20,Torrenova,ME,Alto
2026-07-20,Agrigento,AG,Alto
2026-07-20,Alessandria della Rocca,AG,Alto
2026-07-20,Aragona,AG,Alto
2026-07-20,Bivona,AG,Alto
2026-07-20,Burgio,AG,Alto
2026-07-20,Calamonaci,AG,Alto
2026-07-20,Caltabellotta,AG,Alto
2026-07-20,Camastra,AG,Alto
2026-07-20,Cammarata,AG,Alto
2026-07-20,Campobello di Licata,AG,Alto
2026-07-20,Canicattì,AG,Alto
2026-07-20,Casteltermini,AG,Alto
2026-07-20,Castrofilippo,AG,Alto
2026-07-20,Cattolica Eraclea,AG,Alto
2026-07-20,Cianciana,AG,Alto
2026-07-20,Comitini,AG,Alto
2026-07-20,Favara,AG,Alto
2026-07-20,Grotte,AG,Alto
2026-07-20,Joppolo Giancaxio,AG,Alto
2026-07-20,Licata,AG,Alto
2026-07-20,Lucca Sicula,AG,Alto
2026-07-20,Menfi,AG,Alto
2026-07-20,Montallegro,AG,Alto
2026-07-20,Montevago,AG,Alto
2026-07-20,Naro,AG,Alto
2026-07-20,Palma di Montechiaro,AG,Alto
2026-07-20,Porto Empedocle,AG,Alto
2026-07-20,Racalmuto,AG,Alto
2026-07-20,Raffadali,AG,Alto
2026-07-20,Ravanusa,AG,Alto
2026-07-20,Realmonte,AG,Alto
2026-07-20,Ribera,AG,Alto
2026-07-20,Sambuca di Sicilia,AG,Alto
2026-07-20,San Biagio Platani,AG,Alto
2026-07-20,San Giovanni Gemini,AG,Alto
2026-07-20,Santa Elisabetta,AG,Alto
2026-07-20,Santa Margherita di Belice,AG,Alto
2026-07-20,Sant'Angelo Muxaro,AG,Alto
2026-07-20,Santo Stefano Quisquina,AG,Alto
2026-07-20,Sciacca,AG,Alto
2026-07-20,Siculiana,AG,Alto
2026-07-20,Villafranca Sicula,AG,Alto
2026-07-20,Acquaviva Platani,CL,Alto
2026-07-20,Bompensiere,CL,Alto
2026-07-20,Butera,CL,Alto
2026-07-20,Caltanissetta,CL,Alto
2026-07-20,Campofranco,CL,Alto
2026-07-20,Delia,CL,Alto
2026-07-20,Gela,CL,Alto
2026-07-20,Marianopoli,CL,Alto
2026-07-20,Mazzarino,CL,Alto
2026-07-20,Milena,CL,Alto
2026-07-20,Montedoro,CL,Alto
2026-07-20,Mussomeli,CL,Alto
2026-07-20,Niscemi,CL,Alto
2026-07-20,Resuttano,CL,Alto
2026-07-20,Riesi,CL,Alto
2026-07-20,San Cataldo,CL,Alto
2026-07-20,Santa Caterina Villarmosa,CL,Alto
2026-07-20,Serradifalco,CL,Alto
2026-07-20,Sommatino,CL,Alto
2026-07-20,Sutera,CL,Alto
2026-07-20,Vallelunga Pratameno,CL,Alto
2026-07-20,Villalba,CL,Alto
2026-07-20,Agira,EN,Alto
2026-07-20,Aidone,EN,Alto
2026-07-20,Assoro,EN,Alto
2026-07-20,Barrafranca,EN,Alto
2026-07-20,Calascibetta,EN,Alto
2026-07-20,Catenanuova,EN,Alto
2026-07-20,Centuripe,EN,Alto
2026-07-20,Cerami,EN,Moderato
2026-07-20,Enna,EN,Alto
2026-07-20,Gagliano Castelferrato,EN,Alto
2026-07-20,Leonforte,EN,Alto
2026-07-20,Nicosia,EN,Alto
2026-07-20,Nissoria,EN,Alto
2026-07-20,Piazza Armerina,EN,Alto
2026-07-20,Pietraperzia,EN,Alto
2026-07-20,Regalbuto,EN,Alto
2026-07-20,Sperlinga,EN,Moderato
2026-07-20,Troina,EN,Alto
2026-07-20,Valguarnera Caropepe,EN,Alto
2026-07-20,Villarosa,EN,Alto
2026-07-20,Aci Bonaccorsi,CT,Alto
2026-07-20,Aci Castello,CT,Alto
2026-07-20,Aci Catena,CT,Alto
2026-07-20,Acireale,CT,Alto
2026-07-20,Aci Sant'Antonio,CT,Alto
2026-07-20,Adrano,CT,Alto
2026-07-20,Belpasso,CT,Alto
2026-07-20,Biancavilla,CT,Alto
2026-07-20,Bronte,CT,Alto
2026-07-20,Calatabiano,CT,Alto
2026-07-20,Caltagirone,CT,Alto
2026-07-20,Camporotondo Etneo,CT,Alto
2026-07-20,Castel di Iudica,CT,Alto
2026-07-20,Castiglione di Sicilia,CT,Alto
2026-07-20,Catania,CT,Alto
2026-07-20,Fiumefreddo di Sicilia,CT,Alto
2026-07-20,Giarre,CT,Alto
2026-07-20,Grammichele,CT,Alto
2026-07-20,Gravina di Catania,CT,Alto
2026-07-20,Licodia Eubea,CT,Alto
2026-07-20,Linguaglossa,CT,Moderato
2026-07-20,Maletto,CT,Moderato
2026-07-20,Mascali,CT,Alto
2026-07-20,Mascalucia,CT,Alto
2026-07-20,Militello in Val di Catania,CT,Alto
2026-07-20,Milo,CT,Moderato
2026-07-20,Mineo,CT,Alto
2026-07-20,Mirabella Imbaccari,CT,Alto
2026-07-20,Misterbianco,CT,Alto
2026-07-20,Motta Sant'Anastasia,CT,Alto
2026-07-20,Nicolosi,CT,Moderato
2026-07-20,Palagonia,CT,Alto
2026-07-20,Paternò,CT,Alto
2026-07-20,Pedara,CT,Moderato
2026-07-20,Piedimonte Etneo,CT,Moderato
2026-07-20,Raddusa,CT,Alto
2026-07-20,Ramacca,CT,Alto
2026-07-20,Randazzo,CT,Moderato
2026-07-20,Riposto,CT,Alto
2026-07-20,San Cono,CT,Alto
2026-07-20,San Giovanni la Punta,CT,Alto
2026-07-20,San Gregorio di Catania,CT,Alto
2026-07-20,San Michele di Ganzaria,CT,Alto
2026-07-20,San Pietro Clarenza,CT,Alto
2026-07-20,Sant'Agata li Battiati,CT,Alto
2026-07-20,Sant'Alfio,CT,Moderato
2026-07-20,Santa Maria di Licodia,CT,Alto
2026-07-20,Santa Venerina,CT,Alto
2026-07-20,Scordia,CT,Alto
2026-07-20,Trecastagni,CT,Moderato
2026-07-20,Tremestieri Etneo,CT,Alto
2026-07-20,Valverde,CT,Alto
2026-07-20,Viagrande,CT,Alto
2026-07-20,Vizzini,CT,Alto
2026-07-20,Zafferana Etnea,CT,Moderato
2026-07-20,Mazzarrone,CT,Alto
2026-07-20,Maniace,CT,Alto
2026-07-20,Ragalna,CT,Moderato
2026-07-20,Acate,RG,Alto
2026-07-20,Chiaramonte Gulfi,RG,Alto
2026-07-20,Comiso,RG,Alto
2026-07-20,Giarratana,RG,Alto
2026-07-20,Ispica,RG,Alto
2026-07-20,Modica,RG,Alto
2026-07-20,Monterosso Almo,RG,Alto
2026-07-20,Pozzallo,RG,Alto
2026-07-20,Ragusa,RG,Alto
2026-07-20,Santa Croce Camerina,RG,Alto
2026-07-20,Scicli,RG,Alto
2026-07-20,Vittoria,RG,Alto
2026-07-20,Augusta,SR,Alto
2026-07-20,Avola,SR,Alto
2026-07-20,Buccheri,SR,Alto
2026-07-20,Buscemi,SR,Alto
2026-07-20,Canicattini Bagni,SR,Alto
2026-07-20,Carlentini,SR,Alto
2026-07-20,Cassaro,SR,Alto
2026-07-20,Ferla,SR,Alto
2026-07-20,Floridia,SR,Alto
2026-07-20,Francofonte,SR,Alto
2026-07-20,Lentini,SR,Alto
2026-07-20,Melilli,SR,Alto
2026-07-20,Noto,SR,Alto
2026-07-20,Pachino,SR,Alto
2026-07-20,Palazzolo Acreide,SR,Alto
2026-07-20,Rosolini,SR,Alto
2026-07-20,Siracusa,SR,Alto
2026-07-20,Solarino,SR,Alto
2026-07-20,Sortino,SR,Alto
2026-07-20,Portopalo di Capo Passero,SR,Alto
2026-07-20,Priolo Gargallo,SR,Alto
2026-07-21,Alcamo,TP,Alto
2026-07-21,Buseto Palizzolo,TP,Alto
2026-07-21,Calatafimi-Segesta,TP,Alto
2026-07-21,Campobello di Mazara,TP,Alto
2026-07-21,Castellammare del Golfo,TP,Alto
2026-07-21,Castelvetrano,TP,Alto
2026-07-21,Custonaci,TP,Alto
2026-07-21,Erice,TP,Alto
2026-07-21,Favignana,TP,Alto
2026-07-21,Gibellina,TP,Alto
2026-07-21,Marsala,TP,Alto
2026-07-21,Mazara del Vallo,TP,Alto
2026-07-21,Paceco,TP,Alto
2026-07-21,Partanna,TP,Alto
2026-07-21,Poggioreale,TP,Alto
2026-07-21,Salaparuta,TP,Alto
2026-07-21,Salemi,TP,Alto
2026-07-21,Santa Ninfa,TP,Alto
2026-07-21,San Vito Lo Capo,TP,Alto
2026-07-21,Trapani,TP,Alto
2026-07-21,Valderice,TP,Alto
2026-07-21,Vita,TP,Alto
2026-07-21,Petrosino,TP,Alto
2026-07-21,Misiliscemi,TP,Alto
2026-07-21,Alia,PA,Alto
2026-07-21,Alimena,PA,Alto
2026-07-21,Aliminusa,PA,Alto
2026-07-21,Altavilla Milicia,PA,Alto
2026-07-21,Altofonte,PA,Alto
2026-07-21,Bagheria,PA,Alto
2026-07-21,Balestrate,PA,Alto
2026-07-21,Baucina,PA,Alto
2026-07-21,Belmonte Mezzagno,PA,Alto
2026-07-21,Bisacquino,PA,Alto
2026-07-21,Bolognetta,PA,Alto
2026-07-21,Bompietro,PA,Alto
2026-07-21,Borgetto,PA,Alto
2026-07-21,Caccamo,PA,Alto
2026-07-21,Caltavuturo,PA,Alto
2026-07-21,Campofelice di Fitalia,PA,Alto
2026-07-21,Campofelice di Roccella,PA,Alto
2026-07-21,Campofiorito,PA,Alto
2026-07-21,Camporeale,PA,Alto
2026-07-21,Capaci,PA,Alto
2026-07-21,Carini,PA,Alto
2026-07-21,Castelbuono,PA,Alto
2026-07-21,Casteldaccia,PA,Alto
2026-07-21,Castellana Sicula,PA,Alto
2026-07-21,Castronovo di Sicilia,PA,Alto
2026-07-21,Cefalà Diana,PA,Alto
2026-07-21,Cefalù,PA,Alto
2026-07-21,Cerda,PA,Alto
2026-07-21,Chiusa Sclafani,PA,Alto
2026-07-21,Ciminna,PA,Alto
2026-07-21,Cinisi,PA,Alto
2026-07-21,Collesano,PA,Alto
2026-07-21,Contessa Entellina,PA,Alto
2026-07-21,Corleone,PA,Alto
2026-07-21,Ficarazzi,PA,Alto
2026-07-21,Gangi,PA,Alto
2026-07-21,Geraci Siculo,PA,Moderato
2026-07-21,Giardinello,PA,Alto
2026-07-21,Giuliana,PA,Alto
2026-07-21,Godrano,PA,Alto
2026-07-21,Gratteri,PA,Alto
2026-07-21,Isnello,PA,Moderato
2026-07-21,Isola delle Femmine,PA,Alto
2026-07-21,Lascari,PA,Alto
2026-07-21,Lercara Friddi,PA,Alto
2026-07-21,Marineo,PA,Alto
2026-07-21,Mezzojuso,PA,Alto
2026-07-21,Misilmeri,PA,Alto
2026-07-21,Monreale,PA,Alto
2026-07-21,Montelepre,PA,Alto
2026-07-21,Montemaggiore Belsito,PA,Alto
2026-07-21,Palazzo Adriano,PA,Moderato
2026-07-21,Palermo,PA,Alto
2026-07-21,Partinico,PA,Alto
2026-07-21,Petralia Soprana,PA,Alto
2026-07-21,Petralia Sottana,PA,Alto
2026-07-21,Piana degli Albanesi,PA,Alto
2026-07-21,Polizzi Generosa,PA,Alto
2026-07-21,Pollina,PA,Alto
2026-07-21,Prizzi,PA,Alto
2026-07-21,Roccamena,PA,Alto
2026-07-21,Roccapalumba,PA,Alto
2026-07-21,San Cipirello,PA,Alto
2026-07-21,San Giuseppe Jato,PA,Alto
2026-07-21,San Mauro Castelverde,PA,Moderato
2026-07-21,Santa Cristina Gela,PA,Alto
2026-07-21,Santa Flavia,PA,Alto
2026-07-21,Sciara,PA,Alto
2026-07-21,Sclafani Bagni,PA,Alto
2026-07-21,Termini Imerese,PA,Alto
2026-07-21,Terrasini,PA,Alto
2026-07-21,Torretta,PA,Alto
2026-07-21,Trabia,PA,Alto
2026-07-21,Trappeto,PA,Alto
2026-07-21,Valledolmo,PA,Alto
2026-07-21,Ventimiglia di Sicilia,PA,Alto
2026-07-21,Vicari,PA,Alto
2026-07-21,Villabate,PA,Alto
2026-07-21,Villafrati,PA,Alto
2026-07-21,Scillato,PA,Alto
2026-07-21,Blufi,PA,Alto
2026-07-21,Alcara li Fusi,ME,Moderato
2026-07-21,Alì,ME,Alto
2026-07-21,Alì Terme,ME,Alto
2026-07-21,Antillo,ME,Alto
2026-07-21,Barcellona Pozzo di Gotto,ME,Alto
2026-07-21,Basicò,ME,Alto
2026-07-21,Brolo,ME,Alto
2026-07-21,Capizzi,ME,Moderato
2026-07-21,Capo d'Orlando,ME,Alto
2026-07-21,Capri Leone,ME,Alto
2026-07-21,Caronia,ME,Alto
2026-07-21,Casalvecchio Siculo,ME,Alto
2026-07-21,Castel di Lucio,ME,Moderato
2026-07-21,Castell'Umberto,ME,Alto
2026-07-21,Castelmola,ME,Alto
2026-07-21,Castroreale,ME,Moderato
2026-07-21,Cesarò,ME,Moderato
2026-07-21,Condrò,ME,Alto
2026-07-21,Falcone,ME,Alto
2026-07-21,Ficarra,ME,Alto
2026-07-21,Fiumedinisi,ME,Alto
2026-07-21,Floresta,ME,Moderato
2026-07-21,Fondachelli-Fantina,ME,Moderato
2026-07-21,Forza d'Agrò,ME,Alto
2026-07-21,Francavilla di Sicilia,ME,Alto
2026-07-21,Frazzanò,ME,Alto
2026-07-21,Furci Siculo,ME,Alto
2026-07-21,Furnari,ME,Alto
2026-07-21,Gaggi,ME,Alto
2026-07-21,Galati Mamertino,ME,Moderato
2026-07-21,Gallodoro,ME,Alto
2026-07-21,Giardini-Naxos,ME,Alto
2026-07-21,Gioiosa Marea,ME,Alto
2026-07-21,Graniti,ME,Alto
2026-07-21,Gualtieri Sicaminò,ME,Alto
2026-07-21,Itala,ME,Alto
2026-07-21,Leni,ME,Alto
2026-07-21,Letojanni,ME,Alto
2026-07-21,Librizzi,ME,Alto
2026-07-21,Limina,ME,Alto
2026-07-21,Lipari,ME,Alto
2026-07-21,Longi,ME,Moderato
2026-07-21,Malfa,ME,Alto
2026-07-21,Malvagna,ME,Alto
2026-07-21,Mandanici,ME,Alto
2026-07-21,Mazzarrà Sant'Andrea,ME,Alto
2026-07-21,Merì,ME,Alto
2026-07-21,Messina,ME,Alto
2026-07-21,Milazzo,ME,Alto
2026-07-21,Militello Rosmarino,ME,Alto
2026-07-21,Mirto,ME,Alto
2026-07-21,Mistretta,ME,Moderato
2026-07-21,Moio Alcantara,ME,Alto
2026-07-21,Monforte San Giorgio,ME,Alto
2026-07-21,Mongiuffi Melia,ME,Alto
2026-07-21,Montagnareale,ME,Alto
2026-07-21,Montalbano Elicona,ME,Moderato
2026-07-21,Motta Camastra,ME,Alto
2026-07-21,Motta d'Affermo,ME,Alto
2026-07-21,Naso,ME,Alto
2026-07-21,Nizza di Sicilia,ME,Alto
2026-07-21,Novara di Sicilia,ME,Moderato
2026-07-21,Oliveri,ME,Alto
2026-07-21,Pace del Mela,ME,Alto
2026-07-21,Pagliara,ME,Alto
2026-07-21,Patti,ME,Alto
2026-07-21,Pettineo,ME,Alto
2026-07-21,Piraino,ME,Alto
2026-07-21,Raccuja,ME,Moderato
2026-07-21,Reitano,ME,Alto
2026-07-21,Roccafiorita,ME,Alto
2026-07-21,Roccalumera,ME,Alto
2026-07-21,Roccavaldina,ME,Alto
2026-07-21,Roccella Valdemone,ME,Alto
2026-07-21,Rodì Milici,ME,Alto
2026-07-21,Rometta,ME,Alto
2026-07-21,San Filippo del Mela,ME,Alto
2026-07-21,San Fratello,ME,Moderato
2026-07-21,San Marco d'Alunzio,ME,Alto
2026-07-21,San Pier Niceto,ME,Alto
2026-07-21,San Piero Patti,ME,Alto
2026-07-21,San Salvatore di Fitalia,ME,Alto
2026-07-21,Santa Domenica Vittoria,ME,Alto
2026-07-21,Sant'Agata di Militello,ME,Alto
2026-07-21,Sant'Alessio Siculo,ME,Alto
2026-07-21,Santa Lucia del Mela,ME,Alto
2026-07-21,Santa Marina Salina,ME,Alto
2026-07-21,Sant'Angelo di Brolo,ME,Alto
2026-07-21,Santa Teresa di Riva,ME,Alto
2026-07-21,San Teodoro,ME,Moderato
2026-07-21,Santo Stefano di Camastra,ME,Alto
2026-07-21,Saponara,ME,Alto
2026-07-21,Savoca,ME,Alto
2026-07-21,Scaletta Zanclea,ME,Alto
2026-07-21,Sinagra,ME,Alto
2026-07-21,Spadafora,ME,Alto
2026-07-21,Taormina,ME,Alto
2026-07-21,Torregrotta,ME,Alto
2026-07-21,Tortorici,ME,Moderato
2026-07-21,Tripi,ME,Alto
2026-07-21,Tusa,ME,Alto
2026-07-21,Ucria,ME,Moderato
2026-07-21,Valdina,ME,Alto
2026-07-21,Venetico,ME,Alto
2026-07-21,Villafranca Tirrena,ME,Alto
2026-07-21,Terme Vigliatore,ME,Alto
2026-07-21,Acquedolci,ME,Alto
2026-07-21,Torrenova,ME,Alto
2026-07-21,Agrigento,AG,Alto
2026-07-21,Alessandria della Rocca,AG,Alto
2026-07-21,Aragona,AG,Alto
2026-07-21,Bivona,AG,Alto
2026-07-21,Burgio,AG,Alto
2026-07-21,Calamonaci,AG,Alto
2026-07-21,Caltabellotta,AG,Alto
2026-07-21,Camastra,AG,Alto
2026-07-21,Cammarata,AG,Alto
2026-07-21,Campobello di Licata,AG,Alto
2026-07-21,Canicattì,AG,Alto
2026-07-21,Casteltermini,AG,Alto
2026-07-21,Castrofilippo,AG,Alto
2026-07-21,Cattolica Eraclea,AG,Alto
2026-07-21,Cianciana,AG,Alto
2026-07-21,Comitini,AG,Alto
2026-07-21,Favara,AG,Alto
2026-07-21,Grotte,AG,Alto
2026-07-21,Joppolo Giancaxio,AG,Alto
2026-07-21,Licata,AG,Alto
2026-07-21,Lucca Sicula,AG,Alto
2026-07-21,Menfi,AG,Alto
2026-07-21,Montallegro,AG,Alto
2026-07-21,Montevago,AG,Alto
2026-07-21,Naro,AG,Alto
2026-07-21,Palma di Montechiaro,AG,Alto
2026-07-21,Porto Empedocle,AG,Alto
2026-07-21,Racalmuto,AG,Alto
2026-07-21,Raffadali,AG,Alto
2026-07-21,Ravanusa,AG,Alto
2026-07-21,Realmonte,AG,Alto
2026-07-21,Ribera,AG,Alto
2026-07-21,Sambuca di Sicilia,AG,Alto
2026-07-21,San Biagio Platani,AG,Alto
2026-07-21,San Giovanni Gemini,AG,Alto
2026-07-21,Santa Elisabetta,AG,Alto
2026-07-21,Santa Margherita di Belice,AG,Alto
2026-07-21,Sant'Angelo Muxaro,AG,Alto
2026-07-21,Santo Stefano Quisquina,AG,Alto
2026-07-21,Sciacca,AG,Alto
2026-07-21,Siculiana,AG,Alto
2026-07-21,Villafranca Sicula,AG,Alto
2026-07-21,Acquaviva Platani,CL,Alto
2026-07-21,Bompensiere,CL,Alto
2026-07-21,Butera,CL,Alto
2026-07-21,Caltanissetta,CL,Alto
2026-07-21,Campofranco,CL,Alto
2026-07-21,Delia,CL,Alto
2026-07-21,Gela,CL,Alto
2026-07-21,Marianopoli,CL,Alto
2026-07-21,Mazzarino,CL,Alto
2026-07-21,Milena,CL,Alto
2026-07-21,Montedoro,CL,Alto
2026-07-21,Mussomeli,CL,Alto
2026-07-21,Niscemi,CL,Alto
2026-07-21,Resuttano,CL,Alto
2026-07-21,Riesi,CL,Alto
2026-07-21,San Cataldo,CL,Alto
2026-07-21,Santa Caterina Villarmosa,CL,Alto
2026-07-21,Serradifalco,CL,Alto
2026-07-21,Sommatino,CL,Alto
2026-07-21,Sutera,CL,Alto
2026-07-21,Vallelunga Pratameno,CL,Alto
2026-07-21,Villalba,CL,Alto
2026-07-21,Agira,EN,Alto
2026-07-21,Aidone,EN,Alto
2026-07-21,Assoro,EN,Alto
2026-07-21,Barrafranca,EN,Alto
2026-07-21,Calascibetta,EN,Alto
2026-07-21,Catenanuova,EN,Alto
2026-07-21,Centuripe,EN,Alto
2026-07-21,Cerami,EN,Alto
2026-07-21,Enna,EN,Alto
2026-07-21,Gagliano Castelferrato,EN,Alto
2026-07-21,Leonforte,EN,Alto
2026-07-21,Nicosia,EN,Alto
2026-07-21,Nissoria,EN,Alto
2026-07-21,Piazza Armerina,EN,Alto
2026-07-21,Pietraperzia,EN,Alto
2026-07-21,Regalbuto,EN,Alto
2026-07-21,Sperlinga,EN,Moderato
2026-07-21,Troina,EN,Alto
2026-07-21,Valguarnera Caropepe,EN,Alto
2026-07-21,Villarosa,EN,Alto
2026-07-21,Aci Bonaccorsi,CT,Alto
2026-07-21,Aci Castello,CT,Alto
2026-07-21,Aci Catena,CT,Alto
2026-07-21,Acireale,CT,Alto
2026-07-21,Aci Sant'Antonio,CT,Alto
2026-07-21,Adrano,CT,Alto
2026-07-21,Belpasso,CT,Alto
2026-07-21,Biancavilla,CT,Alto
2026-07-21,Bronte,CT,Alto
2026-07-21,Calatabiano,CT,Alto
2026-07-21,Caltagirone,CT,Alto
2026-07-21,Camporotondo Etneo,CT,Alto
2026-07-21,Castel di Iudica,CT,Alto
2026-07-21,Castiglione di Sicilia,CT,Alto
2026-07-21,Catania,CT,Alto
2026-07-21,Fiumefreddo di Sicilia,CT,Alto
2026-07-21,Giarre,CT,Alto
2026-07-21,Grammichele,CT,Alto
2026-07-21,Gravina di Catania,CT,Alto
2026-07-21,Licodia Eubea,CT,Alto
2026-07-21,Linguaglossa,CT,Alto
2026-07-21,Maletto,CT,Moderato
2026-07-21,Mascali,CT,Alto
2026-07-21,Mascalucia,CT,Alto
2026-07-21,Militello in Val di Catania,CT,Alto
2026-07-21,Milo,CT,Moderato
2026-07-21,Mineo,CT,Alto
2026-07-21,Mirabella Imbaccari,CT,Alto
2026-07-21,Misterbianco,CT,Alto
2026-07-21,Motta Sant'Anastasia,CT,Alto
2026-07-21,Nicolosi,CT,Moderato
2026-07-21,Palagonia,CT,Alto
2026-07-21,Paternò,CT,Alto
2026-07-21,Pedara,CT,Alto
2026-07-21,Piedimonte Etneo,CT,Moderato
2026-07-21,Raddusa,CT,Alto
2026-07-21,Ramacca,CT,Alto
2026-07-21,Randazzo,CT,Alto
2026-07-21,Riposto,CT,Alto
2026-07-21,San Cono,CT,Alto
2026-07-21,San Giovanni la Punta,CT,Alto
2026-07-21,San Gregorio di Catania,CT,Alto
2026-07-21,San Michele di Ganzaria,CT,Alto
2026-07-21,San Pietro Clarenza,CT,Alto
2026-07-21,Sant'Agata li Battiati,CT,Alto
2026-07-21,Sant'Alfio,CT,Moderato
2026-07-21,Santa Maria di Licodia,CT,Alto
2026-07-21,Santa Venerina,CT,Alto
2026-07-21,Scordia,CT,Alto
2026-07-21,Trecastagni,CT,Alto
2026-07-21,Tremestieri Etneo,CT,Alto
2026-07-21,Valverde,CT,Alto
2026-07-21,Viagrande,CT,Alto
2026-07-21,Vizzini,CT,Alto
2026-07-21,Zafferana Etnea,CT,Moderato
2026-07-21,Mazzarrone,CT,Alto
2026-07-21,Maniace,CT,Alto
2026-07-21,Ragalna,CT,Moderato
2026-07-21,Acate,RG,Alto
2026-07-21,Chiaramonte Gulfi,RG,Alto
2026-07-21,Comiso,RG,Alto
2026-07-21,Giarratana,RG,Alto
2026-07-21,Ispica,RG,Alto
2026-07-21,Modica,RG,Alto
2026-07-21,Monterosso Almo,RG,Alto
2026-07-21,Pozzallo,RG,Alto
2026-07-21,Ragusa,RG,Alto
2026-07-21,Santa Croce Camerina,RG,Alto
2026-07-21,Scicli,RG,Alto
2026-07-21,Vittoria,RG,Alto
2026-07-21,Augusta,SR,Alto
2026-07-21,Avola,SR,Alto
2026-07-21,Buccheri,SR,Alto
2026-07-21,Buscemi,SR,Alto
2026-07-21,Canicattini Bagni,SR,Alto
2026-07-21,Carlentini,SR,Alto
2026-07-21,Cassaro,SR,Alto
2026-07-21,Ferla,SR,Alto
2026-07-21,Floridia,SR,Alto
2026-07-21,Francofonte,SR,Alto
2026-07-21,Lentini,SR,Alto
2026-07-21,Melilli,SR,Alto
2026-07-21,Noto,SR,Alto
2026-07-21,Pachino,SR,Alto
2026-07-21,Palazzolo Acreide,SR,Alto
2026-07-21,Rosolini,SR,Alto
2026-07-21,Siracusa,SR,Alto
2026-07-21,Solarino,SR,Alto
2026-07-21,Sortino,SR,Alto
2026-07-21,Portopalo di Capo Passero,SR,Alto
2026-07-21,Priolo Gargallo,SR,Alto
2026-07-22,Alcamo,TP,Alto
2026-07-22,Buseto Palizzolo,TP,Alto
2026-07-22,Calatafimi-Segesta,TP,Alto
2026-07-22,Campobello di Mazara,TP,Alto
2026-07-22,Castellammare del Golfo,TP,Alto
2026-07-22,Castelvetrano,TP,Alto
2026-07-22,Custonaci,TP,Alto
2026-07-22,Erice,TP,Alto
2026-07-22,Favignana,TP,Alto
2026-07-22,Gibellina,TP,Alto
2026-07-22,Marsala,TP,Alto
2026-07-22,Mazara del Vallo,TP,Alto
2026-07-22,Paceco,TP,Alto
2026-07-22,Partanna,TP,Alto
2026-07-22,Poggioreale,TP,Alto
2026-07-22,Salaparuta,TP,Alto
2026-07-22,Salemi,TP,Alto
2026-07-22,Santa Ninfa,TP,Alto
2026-07-22,San Vito Lo Capo,TP,Alto
2026-07-22,Trapani,TP,Alto
2026-07-22,Valderice,TP,Alto
2026-07-22,Vita,TP,Alto
2026-07-22,Petrosino,TP,Alto
2026-07-22,Misiliscemi,TP,Alto
2026-07-22,Alia,PA,Alto
2026-07-22,Alimena,PA,Moderato
2026-07-22,Aliminusa,PA,Alto
2026-07-22,Altavilla Milicia,PA,Alto
2026-07-22,Altofonte,PA,Alto
2026-07-22,Bagheria,PA,Alto
2026-07-22,Balestrate,PA,Alto
2026-07-22,Baucina,PA,Alto
2026-07-22,Belmonte Mezzagno,PA,Alto
2026-07-22,Bisacquino,PA,Alto
2026-07-22,Bolognetta,PA,Alto
2026-07-22,Bompietro,PA,Moderato
2026-07-22,Borgetto,PA,Alto
2026-07-22,Caccamo,PA,Alto
2026-07-22,Caltavuturo,PA,Moderato
2026-07-22,Campofelice di Fitalia,PA,Alto
2026-07-22,Campofelice di Roccella,PA,Alto
2026-07-22,Campofiorito,PA,Moderato
2026-07-22,Camporeale,PA,Alto
2026-07-22,Capaci,PA,Alto
2026-07-22,Carini,PA,Alto
2026-07-22,Castelbuono,PA,Alto
2026-07-22,Casteldaccia,PA,Alto
2026-07-22,Castellana Sicula,PA,Moderato
2026-07-22,Castronovo di Sicilia,PA,Alto
2026-07-22,Cefalà Diana,PA,Alto
2026-07-22,Cefalù,PA,Alto
2026-07-22,Cerda,PA,Alto
2026-07-22,Chiusa Sclafani,PA,Alto
2026-07-22,Ciminna,PA,Alto
2026-07-22,Cinisi,PA,Alto
2026-07-22,Collesano,PA,Alto
2026-07-22,Contessa Entellina,PA,Alto
2026-07-22,Corleone,PA,Moderato
2026-07-22,Ficarazzi,PA,Alto
2026-07-22,Gangi,PA,Moderato
2026-07-22,Geraci Siculo,PA,Moderato
2026-07-22,Giardinello,PA,Alto
2026-07-22,Giuliana,PA,Alto
2026-07-22,Godrano,PA,Alto
2026-07-22,Gratteri,PA,Alto
2026-07-22,Isnello,PA,Moderato
2026-07-22,Isola delle Femmine,PA,Alto
2026-07-22,Lascari,PA,Alto
2026-07-22,Lercara Friddi,PA,Alto
2026-07-22,Marineo,PA,Alto
2026-07-22,Mezzojuso,PA,Alto
2026-07-22,Misilmeri,PA,Alto
2026-07-22,Monreale,PA,Alto
2026-07-22,Montelepre,PA,Alto
2026-07-22,Montemaggiore Belsito,PA,Alto
2026-07-22,Palazzo Adriano,PA,Moderato
2026-07-22,Palermo,PA,Alto
2026-07-22,Partinico,PA,Alto
2026-07-22,Petralia Soprana,PA,Alto
2026-07-22,Petralia Sottana,PA,Moderato
2026-07-22,Piana degli Albanesi,PA,Alto
2026-07-22,Polizzi Generosa,PA,Moderato
2026-07-22,Pollina,PA,Alto
2026-07-22,Prizzi,PA,Alto
2026-07-22,Roccamena,PA,Alto
2026-07-22,Roccapalumba,PA,Alto
2026-07-22,San Cipirello,PA,Alto
2026-07-22,San Giuseppe Jato,PA,Alto
2026-07-22,San Mauro Castelverde,PA,Moderato
2026-07-22,Santa Cristina Gela,PA,Alto
2026-07-22,Santa Flavia,PA,Alto
2026-07-22,Sciara,PA,Alto
2026-07-22,Sclafani Bagni,PA,Moderato
2026-07-22,Termini Imerese,PA,Alto
2026-07-22,Terrasini,PA,Alto
2026-07-22,Torretta,PA,Alto
2026-07-22,Trabia,PA,Alto
2026-07-22,Trappeto,PA,Alto
2026-07-22,Valledolmo,PA,Moderato
2026-07-22,Ventimiglia di Sicilia,PA,Alto
2026-07-22,Vicari,PA,Alto
2026-07-22,Villabate,PA,Alto
2026-07-22,Villafrati,PA,Alto
2026-07-22,Scillato,PA,Moderato
2026-07-22,Blufi,PA,Moderato
2026-07-22,Alcara li Fusi,ME,Moderato
2026-07-22,Alì,ME,Alto
2026-07-22,Alì Terme,ME,Alto
2026-07-22,Antillo,ME,Alto
2026-07-22,Barcellona Pozzo di Gotto,ME,Alto
2026-07-22,Basicò,ME,Alto
2026-07-22,Brolo,ME,Alto
2026-07-22,Capizzi,ME,Moderato
2026-07-22,Capo d'Orlando,ME,Alto
2026-07-22,Capri Leone,ME,Alto
2026-07-22,Caronia,ME,Alto
2026-07-22,Casalvecchio Siculo,ME,Alto
2026-07-22,Castel di Lucio,ME,Moderato
2026-07-22,Castell'Umberto,ME,Alto
2026-07-22,Castelmola,ME,Alto
2026-07-22,Castroreale,ME,Alto
2026-07-22,Cesarò,ME,Moderato
2026-07-22,Condrò,ME,Alto
2026-07-22,Falcone,ME,Alto
2026-07-22,Ficarra,ME,Alto
2026-07-22,Fiumedinisi,ME,Moderato
2026-07-22,Floresta,ME,Moderato
2026-07-22,Fondachelli-Fantina,ME,Alto
2026-07-22,Forza d'Agrò,ME,Alto
2026-07-22,Francavilla di Sicilia,ME,Alto
2026-07-22,Frazzanò,ME,Alto
2026-07-22,Furci Siculo,ME,Alto
2026-07-22,Furnari,ME,Alto
2026-07-22,Gaggi,ME,Alto
2026-07-22,Galati Mamertino,ME,Moderato
2026-07-22,Gallodoro,ME,Alto
2026-07-22,Giardini-Naxos,ME,Alto
2026-07-22,Gioiosa Marea,ME,Alto
2026-07-22,Graniti,ME,Alto
2026-07-22,Gualtieri Sicaminò,ME,Alto
2026-07-22,Itala,ME,Alto
2026-07-22,Leni,ME,Alto
2026-07-22,Letojanni,ME,Alto
2026-07-22,Librizzi,ME,Alto
2026-07-22,Limina,ME,Alto
2026-07-22,Lipari,ME,Alto
2026-07-22,Longi,ME,Moderato
2026-07-22,Malfa,ME,Alto
2026-07-22,Malvagna,ME,Alto
2026-07-22,Mandanici,ME,Moderato
2026-07-22,Mazzarrà Sant'Andrea,ME,Alto
2026-07-22,Merì,ME,Alto
2026-07-22,Messina,ME,Alto
2026-07-22,Milazzo,ME,Alto
2026-07-22,Militello Rosmarino,ME,Alto
2026-07-22,Mirto,ME,Alto
2026-07-22,Mistretta,ME,Moderato
2026-07-22,Moio Alcantara,ME,Alto
2026-07-22,Monforte San Giorgio,ME,Alto
2026-07-22,Mongiuffi Melia,ME,Alto
2026-07-22,Montagnareale,ME,Alto
2026-07-22,Montalbano Elicona,ME,Moderato
2026-07-22,Motta Camastra,ME,Alto
2026-07-22,Motta d'Affermo,ME,Alto
2026-07-22,Naso,ME,Alto
2026-07-22,Nizza di Sicilia,ME,Alto
2026-07-22,Novara di Sicilia,ME,Alto
2026-07-22,Oliveri,ME,Alto
2026-07-22,Pace del Mela,ME,Alto
2026-07-22,Pagliara,ME,Alto
2026-07-22,Patti,ME,Alto
2026-07-22,Pettineo,ME,Alto
2026-07-22,Piraino,ME,Alto
2026-07-22,Raccuja,ME,Moderato
2026-07-22,Reitano,ME,Alto
2026-07-22,Roccafiorita,ME,Alto
2026-07-22,Roccalumera,ME,Alto
2026-07-22,Roccavaldina,ME,Alto
2026-07-22,Roccella Valdemone,ME,Moderato
2026-07-22,Rodì Milici,ME,Alto
2026-07-22,Rometta,ME,Alto
2026-07-22,San Filippo del Mela,ME,Alto
2026-07-22,San Fratello,ME,Moderato
2026-07-22,San Marco d'Alunzio,ME,Alto
2026-07-22,San Pier Niceto,ME,Alto
2026-07-22,San Piero Patti,ME,Moderato
2026-07-22,San Salvatore di Fitalia,ME,Alto
2026-07-22,Santa Domenica Vittoria,ME,Alto
2026-07-22,Sant'Agata di Militello,ME,Alto
2026-07-22,Sant'Alessio Siculo,ME,Alto
2026-07-22,Santa Lucia del Mela,ME,Alto
2026-07-22,Santa Marina Salina,ME,Alto
2026-07-22,Sant'Angelo di Brolo,ME,Alto
2026-07-22,Santa Teresa di Riva,ME,Alto
2026-07-22,San Teodoro,ME,Moderato
2026-07-22,Santo Stefano di Camastra,ME,Alto
2026-07-22,Saponara,ME,Alto
2026-07-22,Savoca,ME,Alto
2026-07-22,Scaletta Zanclea,ME,Alto
2026-07-22,Sinagra,ME,Alto
2026-07-22,Spadafora,ME,Alto
2026-07-22,Taormina,ME,Alto
2026-07-22,Torregrotta,ME,Alto
2026-07-22,Tortorici,ME,Moderato
2026-07-22,Tripi,ME,Alto
2026-07-22,Tusa,ME,Alto
2026-07-22,Ucria,ME,Moderato
2026-07-22,Valdina,ME,Alto
2026-07-22,Venetico,ME,Alto
2026-07-22,Villafranca Tirrena,ME,Alto
2026-07-22,Terme Vigliatore,ME,Alto
2026-07-22,Acquedolci,ME,Alto
2026-07-22,Torrenova,ME,Alto
2026-07-22,Agrigento,AG,Alto
2026-07-22,Alessandria della Rocca,AG,Alto
2026-07-22,Aragona,AG,Alto
2026-07-22,Bivona,AG,Alto
2026-07-22,Burgio,AG,Alto
2026-07-22,Calamonaci,AG,Alto
2026-07-22,Caltabellotta,AG,Alto
2026-07-22,Camastra,AG,Alto
2026-07-22,Cammarata,AG,Alto
2026-07-22,Campobello di Licata,AG,Alto
2026-07-22,Canicattì,AG,Alto
2026-07-22,Casteltermini,AG,Alto
2026-07-22,Castrofilippo,AG,Alto
2026-07-22,Cattolica Eraclea,AG,Alto
2026-07-22,Cianciana,AG,Alto
2026-07-22,Comitini,AG,Alto
2026-07-22,Favara,AG,Alto
2026-07-22,Grotte,AG,Alto
2026-07-22,Joppolo Giancaxio,AG,Alto
2026-07-22,Licata,AG,Alto
2026-07-22,Lucca Sicula,AG,Alto
2026-07-22,Menfi,AG,Alto
2026-07-22,Montallegro,AG,Alto
2026-07-22,Montevago,AG,Alto
2026-07-22,Naro,AG,Alto
2026-07-22,Palma di Montechiaro,AG,Alto
2026-07-22,Porto Empedocle,AG,Alto
2026-07-22,Racalmuto,AG,Alto
2026-07-22,Raffadali,AG,Alto
2026-07-22,Ravanusa,AG,Alto
2026-07-22,Realmonte,AG,Alto
2026-07-22,Ribera,AG,Alto
2026-07-22,Sambuca di Sicilia,AG,Alto
2026-07-22,San Biagio Platani,AG,Alto
2026-07-22,San Giovanni Gemini,AG,Alto
2026-07-22,Santa Elisabetta,AG,Alto
2026-07-22,Santa Margherita di Belice,AG,Alto
2026-07-22,Sant'Angelo Muxaro,AG,Alto
2026-07-22,Santo Stefano Quisquina,AG,Alto
2026-07-22,Sciacca,AG,Alto
2026-07-22,Siculiana,AG,Alto
2026-07-22,Villafranca Sicula,AG,Alto
2026-07-22,Acquaviva Platani,CL,Alto
2026-07-22,Bompensiere,CL,Alto
2026-07-22,Butera,CL,Alto
2026-07-22,Caltanissetta,CL,Alto
2026-07-22,Campofranco,CL,Alto
2026-07-22,Delia,CL,Alto
2026-07-22,Gela,CL,Alto
2026-07-22,Marianopoli,CL,Alto
2026-07-22,Mazzarino,CL,Alto
2026-07-22,Milena,CL,Alto
2026-07-22,Montedoro,CL,Alto
2026-07-22,Mussomeli,CL,Alto
2026-07-22,Niscemi,CL,Alto
2026-07-22,Resuttano,CL,Moderato
2026-07-22,Riesi,CL,Alto
2026-07-22,San Cataldo,CL,Alto
2026-07-22,Santa Caterina Villarmosa,CL,Alto
2026-07-22,Serradifalco,CL,Alto
2026-07-22,Sommatino,CL,Alto
2026-07-22,Sutera,CL,Alto
2026-07-22,Vallelunga Pratameno,CL,Alto
2026-07-22,Villalba,CL,Alto
2026-07-22,Agira,EN,Alto
2026-07-22,Aidone,EN,Alto
2026-07-22,Assoro,EN,Alto
2026-07-22,Barrafranca,EN,Alto
2026-07-22,Calascibetta,EN,Alto
2026-07-22,Catenanuova,EN,Alto
2026-07-22,Centuripe,EN,Alto
2026-07-22,Cerami,EN,Moderato
2026-07-22,Enna,EN,Alto
2026-07-22,Gagliano Castelferrato,EN,Alto
2026-07-22,Leonforte,EN,Alto
2026-07-22,Nicosia,EN,Alto
2026-07-22,Nissoria,EN,Alto
2026-07-22,Piazza Armerina,EN,Alto
2026-07-22,Pietraperzia,EN,Alto
2026-07-22,Regalbuto,EN,Alto
2026-07-22,Sperlinga,EN,Moderato
2026-07-22,Troina,EN,Alto
2026-07-22,Valguarnera Caropepe,EN,Alto
2026-07-22,Villarosa,EN,Alto
2026-07-22,Aci Bonaccorsi,CT,Alto
2026-07-22,Aci Castello,CT,Alto
2026-07-22,Aci Catena,CT,Alto
2026-07-22,Acireale,CT,Alto
2026-07-22,Aci Sant'Antonio,CT,Alto
2026-07-22,Adrano,CT,Alto
2026-07-22,Belpasso,CT,Alto
2026-07-22,Biancavilla,CT,Alto
2026-07-22,Bronte,CT,Alto
2026-07-22,Calatabiano,CT,Alto
2026-07-22,Caltagirone,CT,Alto
2026-07-22,Camporotondo Etneo,CT,Alto
2026-07-22,Castel di Iudica,CT,Alto
2026-07-22,Castiglione di Sicilia,CT,Alto
2026-07-22,Catania,CT,Alto
2026-07-22,Fiumefreddo di Sicilia,CT,Alto
2026-07-22,Giarre,CT,Alto
2026-07-22,Grammichele,CT,Alto
2026-07-22,Gravina di Catania,CT,Alto
2026-07-22,Licodia Eubea,CT,Alto
2026-07-22,Linguaglossa,CT,Alto
2026-07-22,Maletto,CT,Moderato
2026-07-22,Mascali,CT,Alto
2026-07-22,Mascalucia,CT,Alto
2026-07-22,Militello in Val di Catania,CT,Alto
2026-07-22,Milo,CT,Alto
2026-07-22,Mineo,CT,Alto
2026-07-22,Mirabella Imbaccari,CT,Alto
2026-07-22,Misterbianco,CT,Alto
2026-07-22,Motta Sant'Anastasia,CT,Alto
2026-07-22,Nicolosi,CT,Moderato
2026-07-22,Palagonia,CT,Alto
2026-07-22,Paternò,CT,Alto
2026-07-22,Pedara,CT,Alto
2026-07-22,Piedimonte Etneo,CT,Alto
2026-07-22,Raddusa,CT,Alto
2026-07-22,Ramacca,CT,Alto
2026-07-22,Randazzo,CT,Moderato
2026-07-22,Riposto,CT,Alto
2026-07-22,San Cono,CT,Alto
2026-07-22,San Giovanni la Punta,CT,Alto
2026-07-22,San Gregorio di Catania,CT,Alto
2026-07-22,San Michele di Ganzaria,CT,Alto
2026-07-22,San Pietro Clarenza,CT,Alto
2026-07-22,Sant'Agata li Battiati,CT,Alto
2026-07-22,Sant'Alfio,CT,Alto
2026-07-22,Santa Maria di Licodia,CT,Alto
2026-07-22,Santa Venerina,CT,Alto
2026-07-22,Scordia,CT,Alto
2026-07-22,Trecastagni,CT,Alto
2026-07-22,Tremestieri Etneo,CT,Alto
2026-07-22,Valverde,CT,Alto
2026-07-22,Viagrande,CT,Alto
2026-07-22,Vizzini,CT,Alto
2026-07-22,Zafferana Etnea,CT,Alto
2026-07-22,Mazzarrone,CT,Alto
2026-07-22,Maniace,CT,Moderato
2026-07-22,Ragalna,CT,Moderato
2026-07-22,Acate,RG,Alto
2026-07-22,Chiaramonte Gulfi,RG,Alto
2026-07-22,Comiso,RG,Alto
2026-07-22,Giarratana,RG,Alto
2026-07-22,Ispica,RG,Alto
2026-07-22,Modica,RG,Alto
2026-07-22,Monterosso Almo,RG,Alto
2026-07-22,Pozzallo,RG,Alto
2026-07-22,Ragusa,RG,Alto
2026-07-22,Santa Croce Camerina,RG,Alto
2026-07-22,Scicli,RG,Alto
2026-07-22,Vittoria,RG,Alto
2026-07-22,Augusta,SR,Alto
2026-07-22,Avola,SR,Alto
2026-07-22,Buccheri,SR,Alto
2026-07-22,Buscemi,SR,Alto
2026-07-22,Canicattini Bagni,SR,Alto
2026-07-22,Carlentini,SR,Alto
2026-07-22,Cassaro,SR,Alto
2026-07-22,Ferla,SR,Alto
2026-07-22,Floridia,SR,Alto
2026-07-22,Francofonte,SR,Alto
2026-07-22,Lentini,SR,Alto
2026-07-22,Melilli,SR,Alto
2026-07-22,Noto,SR,Alto
2026-07-22,Pachino,SR,Alto
2026-07-22,Palazzolo Acreide,SR,Alto
2026-07-22,Rosolini,SR,Alto
2026-07-22,Siracusa,SR,Alto
2026-07-22,Solarino,SR,Alto
2026-07-22,Sortino,SR,Alto
2026-07-22,Portopalo di Capo Passero,SR,Alto
2026-07-22,Priolo Gargallo,SR,Alto
2026-07-23,Alcamo,TP,Alto
2026-07-23,Buseto Palizzolo,TP,Alto
2026-07-23,Calatafimi-Segesta,TP,Alto
2026-07-23,Campobello di Mazara,TP,Alto
2026-07-23,Castellammare del Golfo,TP,Alto
2026-07-23,Castelvetrano,TP,Alto
2026-07-23,Custonaci,TP,Alto
2026-07-23,Erice,TP,Alto
2026-07-23,Favignana,TP,Alto
2026-07-23,Gibellina,TP,Alto
2026-07-23,Marsala,TP,Alto
2026-07-23,Mazara del Vallo,TP,Alto
2026-07-23,Paceco,TP,Alto
2026-07-23,Partanna,TP,Alto
2026-07-23,Poggioreale,TP,Alto
2026-07-23,Salaparuta,TP,Alto
2026-07-23,Salemi,TP,Alto
2026-07-23,Santa Ninfa,TP,Alto
2026-07-23,San Vito Lo Capo,TP,Alto
2026-07-23,Trapani,TP,Alto
2026-07-23,Valderice,TP,Alto
2026-07-23,Vita,TP,Alto
2026-07-23,Petrosino,TP,Alto
2026-07-23,Misiliscemi,TP,Alto
2026-07-23,Alia,PA,Alto
2026-07-23,Alimena,PA,Alto
2026-07-23,Aliminusa,PA,Alto
2026-07-23,Altavilla Milicia,PA,Moderato
2026-07-23,Altofonte,PA,Moderato
2026-07-23,Bagheria,PA,Alto
2026-07-23,Balestrate,PA,Alto
2026-07-23,Baucina,PA,Alto
2026-07-23,Belmonte Mezzagno,PA,Moderato
2026-07-23,Bisacquino,PA,Alto
2026-07-23,Bolognetta,PA,Alto
2026-07-23,Bompietro,PA,Alto
2026-07-23,Borgetto,PA,Moderato
2026-07-23,Caccamo,PA,Alto
2026-07-23,Caltavuturo,PA,Moderato
2026-07-23,Campofelice di Fitalia,PA,Alto
2026-07-23,Campofelice di Roccella,PA,Alto
2026-07-23,Campofiorito,PA,Alto
2026-07-23,Camporeale,PA,Alto
2026-07-23,Capaci,PA,Alto
2026-07-23,Carini,PA,Alto
2026-07-23,Castelbuono,PA,Moderato
2026-07-23,Casteldaccia,PA,Moderato
2026-07-23,Castellana Sicula,PA,Alto
2026-07-23,Castronovo di Sicilia,PA,Alto
2026-07-23,Cefalà Diana,PA,Alto
2026-07-23,Cefalù,PA,Alto
2026-07-23,Cerda,PA,Alto
2026-07-23,Chiusa Sclafani,PA,Alto
2026-07-23,Ciminna,PA,Alto
2026-07-23,Cinisi,PA,Alto
2026-07-23,Collesano,PA,Alto
2026-07-23,Contessa Entellina,PA,Alto
2026-07-23,Corleone,PA,Alto
2026-07-23,Ficarazzi,PA,Alto
2026-07-23,Gangi,PA,Alto
2026-07-23,Geraci Siculo,PA,Moderato
2026-07-23,Giardinello,PA,Alto
2026-07-23,Giuliana,PA,Alto
2026-07-23,Godrano,PA,Alto
2026-07-23,Gratteri,PA,Alto
2026-07-23,Isnello,PA,Moderato
2026-07-23,Isola delle Femmine,PA,Alto
2026-07-23,Lascari,PA,Alto
2026-07-23,Lercara Friddi,PA,Alto
2026-07-23,Marineo,PA,Alto
2026-07-23,Mezzojuso,PA,Alto
2026-07-23,Misilmeri,PA,Alto
2026-07-23,Monreale,PA,Alto
2026-07-23,Montelepre,PA,Alto
2026-07-23,Montemaggiore Belsito,PA,Moderato
2026-07-23,Palazzo Adriano,PA,Alto
2026-07-23,Palermo,PA,Alto
2026-07-23,Partinico,PA,Alto
2026-07-23,Petralia Soprana,PA,Moderato
2026-07-23,Petralia Sottana,PA,Alto
2026-07-23,Piana degli Albanesi,PA,Alto
2026-07-23,Polizzi Generosa,PA,Moderato
2026-07-23,Pollina,PA,Alto
2026-07-23,Prizzi,PA,Alto
2026-07-23,Roccamena,PA,Alto
2026-07-23,Roccapalumba,PA,Alto
2026-07-23,San Cipirello,PA,Alto
2026-07-23,San Giuseppe Jato,PA,Alto
2026-07-23,San Mauro Castelverde,PA,Moderato
2026-07-23,Santa Cristina Gela,PA,Alto
2026-07-23,Santa Flavia,PA,Alto
2026-07-23,Sciara,PA,Alto
2026-07-23,Sclafani Bagni,PA,Alto
2026-07-23,Termini Imerese,PA,Alto
2026-07-23,Terrasini,PA,Alto
2026-07-23,Torretta,PA,Alto
2026-07-23,Trabia,PA,Alto
2026-07-23,Trappeto,PA,Alto
2026-07-23,Valledolmo,PA,Alto
2026-07-23,Ventimiglia di Sicilia,PA,Alto
2026-07-23,Vicari,PA,Alto
2026-07-23,Villabate,PA,Alto
2026-07-23,Villafrati,PA,Alto
2026-07-23,Scillato,PA,Moderato
2026-07-23,Blufi,PA,Moderato
2026-07-23,Alcara li Fusi,ME,Moderato
2026-07-23,Alì,ME,Moderato
2026-07-23,Alì Terme,ME,Moderato
2026-07-23,Antillo,ME,Moderato
2026-07-23,Barcellona Pozzo di Gotto,ME,Alto
2026-07-23,Basicò,ME,Alto
2026-07-23,Brolo,ME,Alto
2026-07-23,Capizzi,ME,Moderato
2026-07-23,Capo d'Orlando,ME,Alto
2026-07-23,Capri Leone,ME,Alto
2026-07-23,Caronia,ME,Moderato
2026-07-23,Casalvecchio Siculo,ME,Moderato
2026-07-23,Castel di Lucio,ME,Moderato
2026-07-23,Castell'Umberto,ME,Moderato
2026-07-23,Castelmola,ME,Moderato
2026-07-23,Castroreale,ME,Moderato
2026-07-23,Cesarò,ME,Moderato
2026-07-23,Condrò,ME,Alto
2026-07-23,Falcone,ME,Alto
2026-07-23,Ficarra,ME,Alto
2026-07-23,Fiumedinisi,ME,Alto
2026-07-23,Floresta,ME,Moderato
2026-07-23,Fondachelli-Fantina,ME,Moderato
2026-07-23,Forza d'Agrò,ME,Alto
2026-07-23,Francavilla di Sicilia,ME,Alto
2026-07-23,Frazzanò,ME,Moderato
2026-07-23,Furci Siculo,ME,Moderato
2026-07-23,Furnari,ME,Alto
2026-07-23,Gaggi,ME,Alto
2026-07-23,Galati Mamertino,ME,Moderato
2026-07-23,Gallodoro,ME,Moderato
2026-07-23,Giardini-Naxos,ME,Alto
2026-07-23,Gioiosa Marea,ME,Alto
2026-07-23,Graniti,ME,Moderato
2026-07-23,Gualtieri Sicaminò,ME,Alto
2026-07-23,Itala,ME,Moderato
2026-07-23,Leni,ME,Alto
2026-07-23,Letojanni,ME,Moderato
2026-07-23,Librizzi,ME,Alto
2026-07-23,Limina,ME,Alto
2026-07-23,Lipari,ME,Alto
2026-07-23,Longi,ME,Moderato
2026-07-23,Malfa,ME,Alto
2026-07-23,Malvagna,ME,Moderato
2026-07-23,Mandanici,ME,Alto
2026-07-23,Mazzarrà Sant'Andrea,ME,Alto
2026-07-23,Merì,ME,Alto
2026-07-23,Messina,ME,Alto
2026-07-23,Milazzo,ME,Alto
2026-07-23,Militello Rosmarino,ME,Moderato
2026-07-23,Mirto,ME,Moderato
2026-07-23,Mistretta,ME,Moderato
2026-07-23,Moio Alcantara,ME,Moderato
2026-07-23,Monforte San Giorgio,ME,Alto
2026-07-23,Mongiuffi Melia,ME,Moderato
2026-07-23,Montagnareale,ME,Alto
2026-07-23,Montalbano Elicona,ME,Moderato
2026-07-23,Motta Camastra,ME,Moderato
2026-07-23,Motta d'Affermo,ME,Alto
2026-07-23,Naso,ME,Alto
2026-07-23,Nizza di Sicilia,ME,Moderato
2026-07-23,Novara di Sicilia,ME,Moderato
2026-07-23,Oliveri,ME,Alto
2026-07-23,Pace del Mela,ME,Alto
2026-07-23,Pagliara,ME,Moderato
2026-07-23,Patti,ME,Alto
2026-07-23,Pettineo,ME,Moderato
2026-07-23,Piraino,ME,Alto
2026-07-23,Raccuja,ME,Moderato
2026-07-23,Reitano,ME,Moderato
2026-07-23,Roccafiorita,ME,Alto
2026-07-23,Roccalumera,ME,Moderato
2026-07-23,Roccavaldina,ME,Alto
2026-07-23,Roccella Valdemone,ME,Alto
2026-07-23,Rodì Milici,ME,Moderato
2026-07-23,Rometta,ME,Moderato
2026-07-23,San Filippo del Mela,ME,Alto
2026-07-23,San Fratello,ME,Moderato
2026-07-23,San Marco d'Alunzio,ME,Moderato
2026-07-23,San Pier Niceto,ME,Alto
2026-07-23,San Piero Patti,ME,Alto
2026-07-23,San Salvatore di Fitalia,ME,Moderato
2026-07-23,Santa Domenica Vittoria,ME,Alto
2026-07-23,Sant'Agata di Militello,ME,Alto
2026-07-23,Sant'Alessio Siculo,ME,Alto
2026-07-23,Santa Lucia del Mela,ME,Moderato
2026-07-23,Santa Marina Salina,ME,Alto
2026-07-23,Sant'Angelo di Brolo,ME,Moderato
2026-07-23,Santa Teresa di Riva,ME,Alto
2026-07-23,San Teodoro,ME,Moderato
2026-07-23,Santo Stefano di Camastra,ME,Alto
2026-07-23,Saponara,ME,Alto
2026-07-23,Savoca,ME,Alto
2026-07-23,Scaletta Zanclea,ME,Moderato
2026-07-23,Sinagra,ME,Moderato
2026-07-23,Spadafora,ME,Alto
2026-07-23,Taormina,ME,Alto
2026-07-23,Torregrotta,ME,Alto
2026-07-23,Tortorici,ME,Moderato
2026-07-23,Tripi,ME,Alto
2026-07-23,Tusa,ME,Alto
2026-07-23,Ucria,ME,Moderato
2026-07-23,Valdina,ME,Alto
2026-07-23,Venetico,ME,Alto
2026-07-23,Villafranca Tirrena,ME,Alto
2026-07-23,Terme Vigliatore,ME,Alto
2026-07-23,Acquedolci,ME,Alto
2026-07-23,Torrenova,ME,Alto
2026-07-23,Agrigento,AG,Alto
2026-07-23,Alessandria della Rocca,AG,Alto
2026-07-23,Aragona,AG,Alto
2026-07-23,Bivona,AG,Alto
2026-07-23,Burgio,AG,Alto
2026-07-23,Calamonaci,AG,Alto
2026-07-23,Caltabellotta,AG,Alto
2026-07-23,Camastra,AG,Alto
2026-07-23,Cammarata,AG,Alto
2026-07-23,Campobello di Licata,AG,Alto
2026-07-23,Canicattì,AG,Alto
2026-07-23,Casteltermini,AG,Alto
2026-07-23,Castrofilippo,AG,Alto
2026-07-23,Cattolica Eraclea,AG,Alto
2026-07-23,Cianciana,AG,Alto
2026-07-23,Comitini,AG,Alto
2026-07-23,Favara,AG,Alto
2026-07-23,Grotte,AG,Alto
2026-07-23,Joppolo Giancaxio,AG,Alto
2026-07-23,Licata,AG,Alto
2026-07-23,Lucca Sicula,AG,Alto
2026-07-23,Menfi,AG,Alto
2026-07-23,Montallegro,AG,Alto
2026-07-23,Montevago,AG,Alto
2026-07-23,Naro,AG,Alto
2026-07-23,Palma di Montechiaro,AG,Alto
2026-07-23,Porto Empedocle,AG,Alto
2026-07-23,Racalmuto,AG,Alto
2026-07-23,Raffadali,AG,Alto
2026-07-23,Ravanusa,AG,Alto
2026-07-23,Realmonte,AG,Alto
2026-07-23,Ribera,AG,Alto
2026-07-23,Sambuca di Sicilia,AG,Alto
2026-07-23,San Biagio Platani,AG,Alto
2026-07-23,San Giovanni Gemini,AG,Alto
2026-07-23,Santa Elisabetta,AG,Alto
2026-07-23,Santa Margherita di Belice,AG,Alto
2026-07-23,Sant'Angelo Muxaro,AG,Alto
2026-07-23,Santo Stefano Quisquina,AG,Alto
2026-07-23,Sciacca,AG,Alto
2026-07-23,Siculiana,AG,Alto
2026-07-23,Villafranca Sicula,AG,Alto
2026-07-23,Acquaviva Platani,CL,Alto
2026-07-23,Bompensiere,CL,Alto
2026-07-23,Butera,CL,Alto
2026-07-23,Caltanissetta,CL,Alto
2026-07-23,Campofranco,CL,Alto
2026-07-23,Delia,CL,Alto
2026-07-23,Gela,CL,Alto
2026-07-23,Marianopoli,CL,Alto
2026-07-23,Mazzarino,CL,Alto
2026-07-23,Milena,CL,Alto
2026-07-23,Montedoro,CL,Alto
2026-07-23,Mussomeli,CL,Alto
2026-07-23,Niscemi,CL,Alto
2026-07-23,Resuttano,CL,Alto
2026-07-23,Riesi,CL,Alto
2026-07-23,San Cataldo,CL,Alto
2026-07-23,Santa Caterina Villarmosa,CL,Alto
2026-07-23,Serradifalco,CL,Alto
2026-07-23,Sommatino,CL,Alto
2026-07-23,Sutera,CL,Alto
2026-07-23,Vallelunga Pratameno,CL,Alto
2026-07-23,Villalba,CL,Alto
2026-07-23,Agira,EN,Alto
2026-07-23,Aidone,EN,Alto
2026-07-23,Assoro,EN,Alto
2026-07-23,Barrafranca,EN,Alto
2026-07-23,Calascibetta,EN,Alto
2026-07-23,Catenanuova,EN,Alto
2026-07-23,Centuripe,EN,Alto
2026-07-23,Cerami,EN,Moderato
2026-07-23,Enna,EN,Alto
2026-07-23,Gagliano Castelferrato,EN,Alto
2026-07-23,Leonforte,EN,Alto
2026-07-23,Nicosia,EN,Alto
2026-07-23,Nissoria,EN,Alto
2026-07-23,Piazza Armerina,EN,Alto
2026-07-23,Pietraperzia,EN,Alto
2026-07-23,Regalbuto,EN,Alto
2026-07-23,Sperlinga,EN,Moderato
2026-07-23,Troina,EN,Alto
2026-07-23,Valguarnera Caropepe,EN,Alto
2026-07-23,Villarosa,EN,Alto
2026-07-23,Aci Bonaccorsi,CT,Alto
2026-07-23,Aci Castello,CT,Alto
2026-07-23,Aci Catena,CT,Alto
2026-07-23,Acireale,CT,Alto
2026-07-23,Aci Sant'Antonio,CT,Alto
2026-07-23,Adrano,CT,Alto
2026-07-23,Belpasso,CT,Alto
2026-07-23,Biancavilla,CT,Alto
2026-07-23,Bronte,CT,Alto
2026-07-23,Calatabiano,CT,Alto
2026-07-23,Caltagirone,CT,Alto
2026-07-23,Camporotondo Etneo,CT,Moderato
2026-07-23,Castel di Iudica,CT,Alto
2026-07-23,Castiglione di Sicilia,CT,Moderato
2026-07-23,Catania,CT,Alto
2026-07-23,Fiumefreddo di Sicilia,CT,Alto
2026-07-23,Giarre,CT,Alto
2026-07-23,Grammichele,CT,Alto
2026-07-23,Gravina di Catania,CT,Alto
2026-07-23,Licodia Eubea,CT,Alto
2026-07-23,Linguaglossa,CT,Moderato
2026-07-23,Maletto,CT,Moderato
2026-07-23,Mascali,CT,Moderato
2026-07-23,Mascalucia,CT,Moderato
2026-07-23,Militello in Val di Catania,CT,Alto
2026-07-23,Milo,CT,Moderato
2026-07-23,Mineo,CT,Alto
2026-07-23,Mirabella Imbaccari,CT,Alto
2026-07-23,Misterbianco,CT,Alto
2026-07-23,Motta Sant'Anastasia,CT,Alto
2026-07-23,Nicolosi,CT,Moderato
2026-07-23,Palagonia,CT,Alto
2026-07-23,Paternò,CT,Alto
2026-07-23,Pedara,CT,Moderato
2026-07-23,Piedimonte Etneo,CT,Moderato
2026-07-23,Raddusa,CT,Alto
2026-07-23,Ramacca,CT,Alto
2026-07-23,Randazzo,CT,Alto
2026-07-23,Riposto,CT,Alto
2026-07-23,San Cono,CT,Alto
2026-07-23,San Giovanni la Punta,CT,Alto
2026-07-23,San Gregorio di Catania,CT,Alto
2026-07-23,San Michele di Ganzaria,CT,Alto
2026-07-23,San Pietro Clarenza,CT,Moderato
2026-07-23,Sant'Agata li Battiati,CT,Alto
2026-07-23,Sant'Alfio,CT,Moderato
2026-07-23,Santa Maria di Licodia,CT,Alto
2026-07-23,Santa Venerina,CT,Moderato
2026-07-23,Scordia,CT,Alto
2026-07-23,Trecastagni,CT,Moderato
2026-07-23,Tremestieri Etneo,CT,Alto
2026-07-23,Valverde,CT,Alto
2026-07-23,Viagrande,CT,Moderato
2026-07-23,Vizzini,CT,Alto
2026-07-23,Zafferana Etnea,CT,Moderato
2026-07-23,Mazzarrone,CT,Alto
2026-07-23,Maniace,CT,Alto
2026-07-23,Ragalna,CT,Moderato
2026-07-23,Acate,RG,Alto
2026-07-23,Chiaramonte Gulfi,RG,Alto
2026-07-23,Comiso,RG,Alto
2026-07-23,Giarratana,RG,Moderato
2026-07-23,Ispica,RG,Alto
2026-07-23,Modica,RG,Alto
2026-07-23,Monterosso Almo,RG,Alto
2026-07-23,Pozzallo,RG,Alto
2026-07-23,Ragusa,RG,Alto
2026-07-23,Santa Croce Camerina,RG,Alto
2026-07-23,Scicli,RG,Alto
2026-07-23,Vittoria,RG,Alto
2026-07-23,Augusta,SR,Alto
2026-07-23,Avola,SR,Alto
2026-07-23,Buccheri,SR,Alto
2026-07-23,Buscemi,SR,Alto
2026-07-23,Canicattini Bagni,SR,Alto
2026-07-23,Carlentini,SR,Alto
2026-07-23,Cassaro,SR,Alto
2026-07-23,Ferla,SR,Alto
2026-07-23,Floridia,SR,Alto
2026-07-23,Francofonte,SR,Alto
2026-07-23,Lentini,SR,Alto
2026-07-23,Melilli,SR,Alto
2026-07-23,Noto,SR,Alto
2026-07-23,Pachino,SR,Alto
2026-07-23,Palazzolo Acreide,SR,Alto
2026-07-23,Rosolini,SR,Alto
2026-07-23,Siracusa,SR,Alto
2026-07-23,Solarino,SR,Alto
2026-07-23,Sortino,SR,Alto
2026-07-23,Portopalo di Capo Passero,SR,Alto
2026-07-23,Priolo Gargallo,SR,Alto
2026-07-24,Alcamo,TP,Alto
2026-07-24,Buseto Palizzolo,TP,Alto
2026-07-24,Calatafimi-Segesta,TP,Alto
2026-07-24,Campobello di Mazara,TP,Alto
2026-07-24,Castellammare del Golfo,TP,Alto
2026-07-24,Castelvetrano,TP,Alto
2026-07-24,Custonaci,TP,Alto
2026-07-24,Erice,TP,Alto
2026-07-24,Favignana,TP,Alto
2026-07-24,Gibellina,TP,Moderato
2026-07-24,Marsala,TP,Alto
2026-07-24,Mazara del Vallo,TP,Alto
2026-07-24,Paceco,TP,Alto
2026-07-24,Partanna,TP,Alto
2026-07-24,Poggioreale,TP,Alto
2026-07-24,Salaparuta,TP,Alto
2026-07-24,Salemi,TP,Moderato
2026-07-24,Santa Ninfa,TP,Alto
2026-07-24,San Vito Lo Capo,TP,Alto
2026-07-24,Trapani,TP,Alto
2026-07-24,Valderice,TP,Alto
2026-07-24,Vita,TP,Alto
2026-07-24,Petrosino,TP,Alto
2026-07-24,Misiliscemi,TP,Alto
2026-07-24,Alia,PA,Moderato
2026-07-24,Alimena,PA,Moderato
2026-07-24,Aliminusa,PA,Moderato
2026-07-24,Altavilla Milicia,PA,Alto
2026-07-24,Altofonte,PA,Moderato
2026-07-24,Bagheria,PA,Alto
2026-07-24,Balestrate,PA,Alto
2026-07-24,Baucina,PA,Moderato
2026-07-24,Belmonte Mezzagno,PA,Moderato
2026-07-24,Bisacquino,PA,Moderato
2026-07-24,Bolognetta,PA,Alto
2026-07-24,Bompietro,PA,Moderato
2026-07-24,Borgetto,PA,Moderato
2026-07-24,Caccamo,PA,Moderato
2026-07-24,Caltavuturo,PA,Moderato
2026-07-24,Campofelice di Fitalia,PA,Moderato
2026-07-24,Campofelice di Roccella,PA,Alto
2026-07-24,Campofiorito,PA,Moderato
2026-07-24,Camporeale,PA,Alto
2026-07-24,Capaci,PA,Alto
2026-07-24,Carini,PA,Alto
2026-07-24,Castelbuono,PA,Alto
2026-07-24,Casteldaccia,PA,Alto
2026-07-24,Castellana Sicula,PA,Moderato
2026-07-24,Castronovo di Sicilia,PA,Moderato
2026-07-24,Cefalà Diana,PA,Moderato
2026-07-24,Cefalù,PA,Moderato
2026-07-24,Cerda,PA,Alto
2026-07-24,Chiusa Sclafani,PA,Moderato
2026-07-24,Ciminna,PA,Moderato
2026-07-24,Cinisi,PA,Alto
2026-07-24,Collesano,PA,Alto
2026-07-24,Contessa Entellina,PA,Moderato
2026-07-24,Corleone,PA,Moderato
2026-07-24,Ficarazzi,PA,Alto
2026-07-24,Gangi,PA,Moderato
2026-07-24,Geraci Siculo,PA,Moderato
2026-07-24,Giardinello,PA,Moderato
2026-07-24,Giuliana,PA,Moderato
2026-07-24,Godrano,PA,Moderato
2026-07-24,Gratteri,PA,Moderato
2026-07-24,Isnello,PA,Basso
2026-07-24,Isola delle Femmine,PA,Alto
2026-07-24,Lascari,PA,Alto
2026-07-24,Lercara Friddi,PA,Moderato
2026-07-24,Marineo,PA,Moderato
2026-07-24,Mezzojuso,PA,Moderato
2026-07-24,Misilmeri,PA,Alto
2026-07-24,Monreale,PA,Alto
2026-07-24,Montelepre,PA,Moderato
2026-07-24,Montemaggiore Belsito,PA,Moderato
2026-07-24,Palazzo Adriano,PA,Basso
2026-07-24,Palermo,PA,Alto
2026-07-24,Partinico,PA,Alto
2026-07-24,Petralia Soprana,PA,Moderato
2026-07-24,Petralia Sottana,PA,Moderato
2026-07-24,Piana degli Albanesi,PA,Moderato
2026-07-24,Polizzi Generosa,PA,Moderato
2026-07-24,Pollina,PA,Alto
2026-07-24,Prizzi,PA,Moderato
2026-07-24,Roccamena,PA,Alto
2026-07-24,Roccapalumba,PA,Moderato
2026-07-24,San Cipirello,PA,Alto
2026-07-24,San Giuseppe Jato,PA,Moderato
2026-07-24,San Mauro Castelverde,PA,Moderato
2026-07-24,Santa Cristina Gela,PA,Moderato
2026-07-24,Santa Flavia,PA,Alto
2026-07-24,Sciara,PA,Alto
2026-07-24,Sclafani Bagni,PA,Moderato
2026-07-24,Termini Imerese,PA,Alto
2026-07-24,Terrasini,PA,Alto
2026-07-24,Torretta,PA,Moderato
2026-07-24,Trabia,PA,Alto
2026-07-24,Trappeto,PA,Alto
2026-07-24,Valledolmo,PA,Moderato
2026-07-24,Ventimiglia di Sicilia,PA,Moderato
2026-07-24,Vicari,PA,Moderato
2026-07-24,Villabate,PA,Alto
2026-07-24,Villafrati,PA,Moderato
2026-07-24,Scillato,PA,Moderato
2026-07-24,Blufi,PA,Moderato
2026-07-24,Alcara li Fusi,ME,Moderato
2026-07-24,Alì,ME,Moderato
2026-07-24,Alì Terme,ME,Alto
2026-07-24,Antillo,ME,Moderato
2026-07-24,Barcellona Pozzo di Gotto,ME,Moderato
2026-07-24,Basicò,ME,Moderato
2026-07-24,Brolo,ME,Alto
2026-07-24,Capizzi,ME,Moderato
2026-07-24,Capo d'Orlando,ME,Alto
2026-07-24,Capri Leone,ME,Alto
2026-07-24,Caronia,ME,Moderato
2026-07-24,Casalvecchio Siculo,ME,Moderato
2026-07-24,Castel di Lucio,ME,Moderato
2026-07-24,Castell'Umberto,ME,Moderato
2026-07-24,Castelmola,ME,Alto
2026-07-24,Castroreale,ME,Moderato
2026-07-24,Cesarò,ME,Basso
2026-07-24,Condrò,ME,Alto
2026-07-24,Falcone,ME,Alto
2026-07-24,Ficarra,ME,Alto
2026-07-24,Fiumedinisi,ME,Moderato
2026-07-24,Floresta,ME,Basso
2026-07-24,Fondachelli-Fantina,ME,Moderato
2026-07-24,Forza d'Agrò,ME,Alto
2026-07-24,Francavilla di Sicilia,ME,Moderato
2026-07-24,Frazzanò,ME,Moderato
2026-07-24,Furci Siculo,ME,Alto
2026-07-24,Furnari,ME,Alto
2026-07-24,Gaggi,ME,Alto
2026-07-24,Galati Mamertino,ME,Moderato
2026-07-24,Gallodoro,ME,Alto
2026-07-24,Giardini-Naxos,ME,Alto
2026-07-24,Gioiosa Marea,ME,Alto
2026-07-24,Graniti,ME,Moderato
2026-07-24,Gualtieri Sicaminò,ME,Alto
2026-07-24,Itala,ME,Alto
2026-07-24,Leni,ME,Moderato
2026-07-24,Letojanni,ME,Alto
2026-07-24,Librizzi,ME,Moderato
2026-07-24,Limina,ME,Moderato
2026-07-24,Lipari,ME,Moderato
2026-07-24,Longi,ME,Basso
2026-07-24,Malfa,ME,Moderato
2026-07-24,Malvagna,ME,Alto
2026-07-24,Mandanici,ME,Moderato
2026-07-24,Mazzarrà Sant'Andrea,ME,Alto
2026-07-24,Merì,ME,Alto
2026-07-24,Messina,ME,Alto
2026-07-24,Milazzo,ME,Alto
2026-07-24,Militello Rosmarino,ME,Moderato
2026-07-24,Mirto,ME,Moderato
2026-07-24,Mistretta,ME,Moderato
2026-07-24,Moio Alcantara,ME,Alto
2026-07-24,Monforte San Giorgio,ME,Moderato
2026-07-24,Mongiuffi Melia,ME,Alto
2026-07-24,Montagnareale,ME,Moderato
2026-07-24,Montalbano Elicona,ME,Moderato
2026-07-24,Motta Camastra,ME,Alto
2026-07-24,Motta d'Affermo,ME,Alto
2026-07-24,Naso,ME,Alto
2026-07-24,Nizza di Sicilia,ME,Moderato
2026-07-24,Novara di Sicilia,ME,Moderato
2026-07-24,Oliveri,ME,Alto
2026-07-24,Pace del Mela,ME,Alto
2026-07-24,Pagliara,ME,Moderato
2026-07-24,Patti,ME,Alto
2026-07-24,Pettineo,ME,Moderato
2026-07-24,Piraino,ME,Alto
2026-07-24,Raccuja,ME,Moderato
2026-07-24,Reitano,ME,Moderato
2026-07-24,Roccafiorita,ME,Moderato
2026-07-24,Roccalumera,ME,Alto
2026-07-24,Roccavaldina,ME,Alto
2026-07-24,Roccella Valdemone,ME,Moderato
2026-07-24,Rodì Milici,ME,Moderato
2026-07-24,Rometta,ME,Moderato
2026-07-24,San Filippo del Mela,ME,Alto
2026-07-24,San Fratello,ME,Moderato
2026-07-24,San Marco d'Alunzio,ME,Moderato
2026-07-24,San Pier Niceto,ME,Alto
2026-07-24,San Piero Patti,ME,Moderato
2026-07-24,San Salvatore di Fitalia,ME,Moderato
2026-07-24,Santa Domenica Vittoria,ME,Moderato
2026-07-24,Sant'Agata di Militello,ME,Moderato
2026-07-24,Sant'Alessio Siculo,ME,Alto
2026-07-24,Santa Lucia del Mela,ME,Moderato
2026-07-24,Santa Marina Salina,ME,Moderato
2026-07-24,Sant'Angelo di Brolo,ME,Moderato
2026-07-24,Santa Teresa di Riva,ME,Alto
2026-07-24,San Teodoro,ME,Moderato
2026-07-24,Santo Stefano di Camastra,ME,Alto
2026-07-24,Saponara,ME,Moderato
2026-07-24,Savoca,ME,Alto
2026-07-24,Scaletta Zanclea,ME,Alto
2026-07-24,Sinagra,ME,Moderato
2026-07-24,Spadafora,ME,Moderato
2026-07-24,Taormina,ME,Alto
2026-07-24,Torregrotta,ME,Alto
2026-07-24,Tortorici,ME,Moderato
2026-07-24,Tripi,ME,Moderato
2026-07-24,Tusa,ME,Moderato
2026-07-24,Ucria,ME,Moderato
2026-07-24,Valdina,ME,Alto
2026-07-24,Venetico,ME,Alto
2026-07-24,Villafranca Tirrena,ME,Moderato
2026-07-24,Terme Vigliatore,ME,Alto
2026-07-24,Acquedolci,ME,Alto
2026-07-24,Torrenova,ME,Alto
2026-07-24,Agrigento,AG,Moderato
2026-07-24,Alessandria della Rocca,AG,Moderato
2026-07-24,Aragona,AG,Alto
2026-07-24,Bivona,AG,Moderato
2026-07-24,Burgio,AG,Moderato
2026-07-24,Calamonaci,AG,Alto
2026-07-24,Caltabellotta,AG,Moderato
2026-07-24,Camastra,AG,Alto
2026-07-24,Cammarata,AG,Moderato
2026-07-24,Campobello di Licata,AG,Alto
2026-07-24,Canicattì,AG,Moderato
2026-07-24,Casteltermini,AG,Alto
2026-07-24,Castrofilippo,AG,Moderato
2026-07-24,Cattolica Eraclea,AG,Alto
2026-07-24,Cianciana,AG,Moderato
2026-07-24,Comitini,AG,Alto
2026-07-24,Favara,AG,Alto
2026-07-24,Grotte,AG,Alto
2026-07-24,Joppolo Giancaxio,AG,Moderato
2026-07-24,Licata,AG,Alto
2026-07-24,Lucca Sicula,AG,Moderato
2026-07-24,Menfi,AG,Alto
2026-07-24,Montallegro,AG,Alto
2026-07-24,Montevago,AG,Alto
2026-07-24,Naro,AG,Alto
2026-07-24,Palma di Montechiaro,AG,Alto
2026-07-24,Porto Empedocle,AG,Moderato
2026-07-24,Racalmuto,AG,Moderato
2026-07-24,Raffadali,AG,Moderato
2026-07-24,Ravanusa,AG,Alto
2026-07-24,Realmonte,AG,Moderato
2026-07-24,Ribera,AG,Alto
2026-07-24,Sambuca di Sicilia,AG,Moderato
2026-07-24,San Biagio Platani,AG,Moderato
2026-07-24,San Giovanni Gemini,AG,Moderato
2026-07-24,Santa Elisabetta,AG,Moderato
2026-07-24,Santa Margherita di Belice,AG,Moderato
2026-07-24,Sant'Angelo Muxaro,AG,Moderato
2026-07-24,Santo Stefano Quisquina,AG,Moderato
2026-07-24,Sciacca,AG,Moderato
2026-07-24,Siculiana,AG,Alto
2026-07-24,Villafranca Sicula,AG,Moderato
2026-07-24,Acquaviva Platani,CL,Moderato
2026-07-24,Bompensiere,CL,Moderato
2026-07-24,Butera,CL,Moderato
2026-07-24,Caltanissetta,CL,Moderato
2026-07-24,Campofranco,CL,Moderato
2026-07-24,Delia,CL,Moderato
2026-07-24,Gela,CL,Alto
2026-07-24,Marianopoli,CL,Moderato
2026-07-24,Mazzarino,CL,Moderato
2026-07-24,Milena,CL,Moderato
2026-07-24,Montedoro,CL,Moderato
2026-07-24,Mussomeli,CL,Moderato
2026-07-24,Niscemi,CL,Alto
2026-07-24,Resuttano,CL,Moderato
2026-07-24,Riesi,CL,Moderato
2026-07-24,San Cataldo,CL,Moderato
2026-07-24,Santa Caterina Villarmosa,CL,Moderato
2026-07-24,Serradifalco,CL,Moderato
2026-07-24,Sommatino,CL,Alto
2026-07-24,Sutera,CL,Moderato
2026-07-24,Vallelunga Pratameno,CL,Moderato
2026-07-24,Villalba,CL,Moderato
2026-07-24,Agira,EN,Moderato
2026-07-24,Aidone,EN,Moderato
2026-07-24,Assoro,EN,Moderato
2026-07-24,Barrafranca,EN,Moderato
2026-07-24,Calascibetta,EN,Moderato
2026-07-24,Catenanuova,EN,Alto
2026-07-24,Centuripe,EN,Alto
2026-07-24,Cerami,EN,Moderato
2026-07-24,Enna,EN,Moderato
2026-07-24,Gagliano Castelferrato,EN,Moderato
2026-07-24,Leonforte,EN,Moderato
2026-07-24,Nicosia,EN,Moderato
2026-07-24,Nissoria,EN,Moderato
2026-07-24,Piazza Armerina,EN,Moderato
2026-07-24,Pietraperzia,EN,Moderato
2026-07-24,Regalbuto,EN,Moderato
2026-07-24,Sperlinga,EN,Moderato
2026-07-24,Troina,EN,Moderato
2026-07-24,Valguarnera Caropepe,EN,Alto
2026-07-24,Villarosa,EN,Moderato
2026-07-24,Aci Bonaccorsi,CT,Moderato
2026-07-24,Aci Castello,CT,Moderato
2026-07-24,Aci Catena,CT,Moderato
2026-07-24,Acireale,CT,Moderato
2026-07-24,Aci Sant'Antonio,CT,Moderato
2026-07-24,Adrano,CT,Moderato
2026-07-24,Belpasso,CT,Alto
2026-07-24,Biancavilla,CT,Moderato
2026-07-24,Bronte,CT,Moderato
2026-07-24,Calatabiano,CT,Alto
2026-07-24,Caltagirone,CT,Alto
2026-07-24,Camporotondo Etneo,CT,Alto
2026-07-24,Castel di Iudica,CT,Alto
2026-07-24,Castiglione di Sicilia,CT,Alto
2026-07-24,Catania,CT,Alto
2026-07-24,Fiumefreddo di Sicilia,CT,Moderato
2026-07-24,Giarre,CT,Moderato
2026-07-24,Grammichele,CT,Alto
2026-07-24,Gravina di Catania,CT,Alto
2026-07-24,Licodia Eubea,CT,Alto
2026-07-24,Linguaglossa,CT,Moderato
2026-07-24,Maletto,CT,Basso
2026-07-24,Mascali,CT,Moderato
2026-07-24,Mascalucia,CT,Moderato
2026-07-24,Militello in Val di Catania,CT,Alto
2026-07-24,Milo,CT,Basso
2026-07-24,Mineo,CT,Alto
2026-07-24,Mirabella Imbaccari,CT,Moderato
2026-07-24,Misterbianco,CT,Alto
2026-07-24,Motta Sant'Anastasia,CT,Alto
2026-07-24,Nicolosi,CT,Basso
2026-07-24,Palagonia,CT,Alto
2026-07-24,Paternò,CT,Alto
2026-07-24,Pedara,CT,Moderato
2026-07-24,Piedimonte Etneo,CT,Moderato
2026-07-24,Raddusa,CT,Moderato
2026-07-24,Ramacca,CT,Alto
2026-07-24,Randazzo,CT,Moderato
2026-07-24,Riposto,CT,Moderato
2026-07-24,San Cono,CT,Moderato
2026-07-24,San Giovanni la Punta,CT,Moderato
2026-07-24,San Gregorio di Catania,CT,Moderato
2026-07-24,San Michele di Ganzaria,CT,Alto
2026-07-24,San Pietro Clarenza,CT,Alto
2026-07-24,Sant'Agata li Battiati,CT,Alto
2026-07-24,Sant'Alfio,CT,Basso
2026-07-24,Santa Maria di Licodia,CT,Alto
2026-07-24,Santa Venerina,CT,Moderato
2026-07-24,Scordia,CT,Alto
2026-07-24,Trecastagni,CT,Moderato
2026-07-24,Tremestieri Etneo,CT,Alto
2026-07-24,Valverde,CT,Moderato
2026-07-24,Viagrande,CT,Moderato
2026-07-24,Vizzini,CT,Alto
2026-07-24,Zafferana Etnea,CT,Basso
2026-07-24,Mazzarrone,CT,Alto
2026-07-24,Maniace,CT,Alto
2026-07-24,Ragalna,CT,Moderato
2026-07-24,Acate,RG,Alto
2026-07-24,Chiaramonte Gulfi,RG,Alto
2026-07-24,Comiso,RG,Alto
2026-07-24,Giarratana,RG,Alto
2026-07-24,Ispica,RG,Alto
2026-07-24,Modica,RG,Alto
2026-07-24,Monterosso Almo,RG,Alto
2026-07-24,Pozzallo,RG,Alto
2026-07-24,Ragusa,RG,Alto
2026-07-24,Santa Croce Camerina,RG,Alto
2026-07-24,Scicli,RG,Alto
2026-07-24,Vittoria,RG,Alto
2026-07-24,Augusta,SR,Alto
2026-07-24,Avola,SR,Alto
2026-07-24,Buccheri,SR,Alto
2026-07-24,Buscemi,SR,Alto
2026-07-24,Canicattini Bagni,SR,Alto
2026-07-24,Carlentini,SR,Alto
2026-07-24,Cassaro,SR,Alto
2026-07-24,Ferla,SR,Alto
2026-07-24,Floridia,SR,Alto
2026-07-24,Francofonte,SR,Alto
2026-07-24,Lentini,SR,Alto
2026-07-24,Melilli,SR,Alto
2026-07-24,Noto,SR,Alto
2026-07-24,Pachino,SR,Alto
2026-07-24,Palazzolo Acreide,SR,Alto
2026-07-24,Rosolini,SR,Alto
2026-07-24,Siracusa,SR,Alto
2026-07-24,Solarino,SR,Alto
2026-07-24,Sortino,SR,Alto
2026-07-24,Portopalo di Capo Passero,SR,Alto
2026-07-24,Priolo Gargallo,SR,Alto
2026-07-25,Alcamo,TP,Moderato
2026-07-25,Buseto Palizzolo,TP,Alto
2026-07-25,Calatafimi-Segesta,TP,Alto
2026-07-25,Campobello di Mazara,TP,Alto
2026-07-25,Castellammare del Golfo,TP,Alto
2026-07-25,Castelvetrano,TP,Alto
2026-07-25,Custonaci,TP,Moderato
2026-07-25,Erice,TP,Alto
2026-07-25,Favignana,TP,Alto
2026-07-25,Gibellina,TP,Alto
2026-07-25,Marsala,TP,Alto
2026-07-25,Mazara del Vallo,TP,Alto
2026-07-25,Paceco,TP,Alto
2026-07-25,Partanna,TP,Alto
2026-07-25,Poggioreale,TP,Alto
2026-07-25,Salaparuta,TP,Alto
2026-07-25,Salemi,TP,Moderato
2026-07-25,Santa Ninfa,TP,Alto
2026-07-25,San Vito Lo Capo,TP,Alto
2026-07-25,Trapani,TP,Alto
2026-07-25,Valderice,TP,Alto
2026-07-25,Vita,TP,Alto
2026-07-25,Petrosino,TP,Alto
2026-07-25,Misiliscemi,TP,Alto
2026-07-25,Alia,PA,Moderato
2026-07-25,Alimena,PA,Moderato
2026-07-25,Aliminusa,PA,Moderato
2026-07-25,Altavilla Milicia,PA,Moderato
2026-07-25,Altofonte,PA,Moderato
2026-07-25,Bagheria,PA,Moderato
2026-07-25,Balestrate,PA,Moderato
2026-07-25,Baucina,PA,Moderato
2026-07-25,Belmonte Mezzagno,PA,Moderato
2026-07-25,Bisacquino,PA,Moderato
2026-07-25,Bolognetta,PA,Moderato
2026-07-25,Bompietro,PA,Moderato
2026-07-25,Borgetto,PA,Moderato
2026-07-25,Caccamo,PA,Moderato
2026-07-25,Caltavuturo,PA,Basso
2026-07-25,Campofelice di Fitalia,PA,Moderato
2026-07-25,Campofelice di Roccella,PA,Moderato
2026-07-25,Campofiorito,PA,Moderato
2026-07-25,Camporeale,PA,Alto
2026-07-25,Capaci,PA,Moderato
2026-07-25,Carini,PA,Moderato
2026-07-25,Castelbuono,PA,Moderato
2026-07-25,Casteldaccia,PA,Moderato
2026-07-25,Castellana Sicula,PA,Moderato
2026-07-25,Castronovo di Sicilia,PA,Moderato
2026-07-25,Cefalà Diana,PA,Moderato
2026-07-25,Cefalù,PA,Moderato
2026-07-25,Cerda,PA,Moderato
2026-07-25,Chiusa Sclafani,PA,Moderato
2026-07-25,Ciminna,PA,Moderato
2026-07-25,Cinisi,PA,Moderato
2026-07-25,Collesano,PA,Moderato
2026-07-25,Contessa Entellina,PA,Moderato
2026-07-25,Corleone,PA,Moderato
2026-07-25,Ficarazzi,PA,Moderato
2026-07-25,Gangi,PA,Moderato
2026-07-25,Geraci Siculo,PA,Basso
2026-07-25,Giardinello,PA,Moderato
2026-07-25,Giuliana,PA,Moderato
2026-07-25,Godrano,PA,Moderato
2026-07-25,Gratteri,PA,Moderato
2026-07-25,Isnello,PA,Basso
2026-07-25,Isola delle Femmine,PA,Moderato
2026-07-25,Lascari,PA,Moderato
2026-07-25,Lercara Friddi,PA,Moderato
2026-07-25,Marineo,PA,Moderato
2026-07-25,Mezzojuso,PA,Moderato
2026-07-25,Misilmeri,PA,Moderato
2026-07-25,Monreale,PA,Alto
2026-07-25,Montelepre,PA,Moderato
2026-07-25,Montemaggiore Belsito,PA,Moderato
2026-07-25,Palazzo Adriano,PA,Moderato
2026-07-25,Palermo,PA,Moderato
2026-07-25,Partinico,PA,Moderato
2026-07-25,Petralia Soprana,PA,Moderato
2026-07-25,Petralia Sottana,PA,Moderato
2026-07-25,Piana degli Albanesi,PA,Alto
2026-07-25,Polizzi Generosa,PA,Basso
2026-07-25,Pollina,PA,Moderato
2026-07-25,Prizzi,PA,Moderato
2026-07-25,Roccamena,PA,Alto
2026-07-25,Roccapalumba,PA,Moderato
2026-07-25,San Cipirello,PA,Moderato
2026-07-25,San Giuseppe Jato,PA,Moderato
2026-07-25,San Mauro Castelverde,PA,Basso
2026-07-25,Santa Cristina Gela,PA,Moderato
2026-07-25,Santa Flavia,PA,Moderato
2026-07-25,Sciara,PA,Moderato
2026-07-25,Sclafani Bagni,PA,Moderato
2026-07-25,Termini Imerese,PA,Moderato
2026-07-25,Terrasini,PA,Moderato
2026-07-25,Torretta,PA,Moderato
2026-07-25,Trabia,PA,Moderato
2026-07-25,Trappeto,PA,Moderato
2026-07-25,Valledolmo,PA,Moderato
2026-07-25,Ventimiglia di Sicilia,PA,Moderato
2026-07-25,Vicari,PA,Moderato
2026-07-25,Villabate,PA,Moderato
2026-07-25,Villafrati,PA,Moderato
2026-07-25,Scillato,PA,Moderato
2026-07-25,Blufi,PA,Moderato
2026-07-25,Alcara li Fusi,ME,Basso
2026-07-25,Alì,ME,Moderato
2026-07-25,Alì Terme,ME,Moderato
2026-07-25,Antillo,ME,Moderato
2026-07-25,Barcellona Pozzo di Gotto,ME,Moderato
2026-07-25,Basicò,ME,Moderato
2026-07-25,Brolo,ME,Moderato
2026-07-25,Capizzi,ME,Moderato
2026-07-25,Capo d'Orlando,ME,Moderato
2026-07-25,Capri Leone,ME,Moderato
2026-07-25,Caronia,ME,Moderato
2026-07-25,Casalvecchio Siculo,ME,Moderato
2026-07-25,Castel di Lucio,ME,Basso
2026-07-25,Castell'Umberto,ME,Moderato
2026-07-25,Castelmola,ME,Moderato
2026-07-25,Castroreale,ME,Basso
2026-07-25,Cesarò,ME,Basso
2026-07-25,Condrò,ME,Moderato
2026-07-25,Falcone,ME,Moderato
2026-07-25,Ficarra,ME,Moderato
2026-07-25,Fiumedinisi,ME,Moderato
2026-07-25,Floresta,ME,Basso
2026-07-25,Fondachelli-Fantina,ME,Basso
2026-07-25,Forza d'Agrò,ME,Moderato
2026-07-25,Francavilla di Sicilia,ME,Moderato
2026-07-25,Frazzanò,ME,Moderato
2026-07-25,Furci Siculo,ME,Moderato
2026-07-25,Furnari,ME,Moderato
2026-07-25,Gaggi,ME,Moderato
2026-07-25,Galati Mamertino,ME,Basso
2026-07-25,Gallodoro,ME,Moderato
2026-07-25,Giardini-Naxos,ME,Moderato
2026-07-25,Gioiosa Marea,ME,Moderato
2026-07-25,Graniti,ME,Moderato
2026-07-25,Gualtieri Sicaminò,ME,Moderato
2026-07-25,Itala,ME,Moderato
2026-07-25,Leni,ME,Moderato
2026-07-25,Letojanni,ME,Moderato
2026-07-25,Librizzi,ME,Moderato
2026-07-25,Limina,ME,Moderato
2026-07-25,Lipari,ME,Moderato
2026-07-25,Longi,ME,Basso
2026-07-25,Malfa,ME,Moderato
2026-07-25,Malvagna,ME,Moderato
2026-07-25,Mandanici,ME,Moderato
2026-07-25,Mazzarrà Sant'Andrea,ME,Moderato
2026-07-25,Merì,ME,Moderato
2026-07-25,Messina,ME,Moderato
2026-07-25,Milazzo,ME,Moderato
2026-07-25,Militello Rosmarino,ME,Basso
2026-07-25,Mirto,ME,Moderato
2026-07-25,Mistretta,ME,Basso
2026-07-25,Moio Alcantara,ME,Moderato
2026-07-25,Monforte San Giorgio,ME,Moderato
2026-07-25,Mongiuffi Melia,ME,Moderato
2026-07-25,Montagnareale,ME,Moderato
2026-07-25,Montalbano Elicona,ME,Basso
2026-07-25,Motta Camastra,ME,Moderato
2026-07-25,Motta d'Affermo,ME,Moderato
2026-07-25,Naso,ME,Moderato
2026-07-25,Nizza di Sicilia,ME,Moderato
2026-07-25,Novara di Sicilia,ME,Basso
2026-07-25,Oliveri,ME,Moderato
2026-07-25,Pace del Mela,ME,Moderato
2026-07-25,Pagliara,ME,Moderato
2026-07-25,Patti,ME,Moderato
2026-07-25,Pettineo,ME,Moderato
2026-07-25,Piraino,ME,Moderato
2026-07-25,Raccuja,ME,Basso
2026-07-25,Reitano,ME,Moderato
2026-07-25,Roccafiorita,ME,Moderato
2026-07-25,Roccalumera,ME,Moderato
2026-07-25,Roccavaldina,ME,Moderato
2026-07-25,Roccella Valdemone,ME,Moderato
2026-07-25,Rodì Milici,ME,Moderato
2026-07-25,Rometta,ME,Moderato
2026-07-25,San Filippo del Mela,ME,Moderato
2026-07-25,San Fratello,ME,Basso
2026-07-25,San Marco d'Alunzio,ME,Moderato
2026-07-25,San Pier Niceto,ME,Moderato
2026-07-25,San Piero Patti,ME,Basso
2026-07-25,San Salvatore di Fitalia,ME,Moderato
2026-07-25,Santa Domenica Vittoria,ME,Moderato
2026-07-25,Sant'Agata di Militello,ME,Moderato
2026-07-25,Sant'Alessio Siculo,ME,Moderato
2026-07-25,Santa Lucia del Mela,ME,Moderato
2026-07-25,Santa Marina Salina,ME,Moderato
2026-07-25,Sant'Angelo di Brolo,ME,Moderato
2026-07-25,Santa Teresa di Riva,ME,Moderato
2026-07-25,San Teodoro,ME,Moderato
2026-07-25,Santo Stefano di Camastra,ME,Moderato
2026-07-25,Saponara,ME,Moderato
2026-07-25,Savoca,ME,Moderato
2026-07-25,Scaletta Zanclea,ME,Moderato
2026-07-25,Sinagra,ME,Moderato
2026-07-25,Spadafora,ME,Moderato
2026-07-25,Taormina,ME,Moderato
2026-07-25,Torregrotta,ME,Moderato
2026-07-25,Tortorici,ME,Basso
2026-07-25,Tripi,ME,Moderato
2026-07-25,Tusa,ME,Moderato
2026-07-25,Ucria,ME,Basso
2026-07-25,Valdina,ME,Moderato
2026-07-25,Venetico,ME,Moderato
2026-07-25,Villafranca Tirrena,ME,Moderato
2026-07-25,Terme Vigliatore,ME,Moderato
2026-07-25,Acquedolci,ME,Moderato
2026-07-25,Torrenova,ME,Moderato
2026-07-25,Agrigento,AG,Moderato
2026-07-25,Alessandria della Rocca,AG,Moderato
2026-07-25,Aragona,AG,Moderato
2026-07-25,Bivona,AG,Moderato
2026-07-25,Burgio,AG,Moderato
2026-07-25,Calamonaci,AG,Alto
2026-07-25,Caltabellotta,AG,Moderato
2026-07-25,Camastra,AG,Moderato
2026-07-25,Cammarata,AG,Alto
2026-07-25,Campobello di Licata,AG,Moderato
2026-07-25,Canicattì,AG,Moderato
2026-07-25,Casteltermini,AG,Moderato
2026-07-25,Castrofilippo,AG,Moderato
2026-07-25,Cattolica Eraclea,AG,Alto
2026-07-25,Cianciana,AG,Alto
2026-07-25,Comitini,AG,Moderato
2026-07-25,Favara,AG,Moderato
2026-07-25,Grotte,AG,Moderato
2026-07-25,Joppolo Giancaxio,AG,Moderato
2026-07-25,Licata,AG,Alto
2026-07-25,Lucca Sicula,AG,Moderato
2026-07-25,Menfi,AG,Alto
2026-07-25,Montallegro,AG,Alto
2026-07-25,Montevago,AG,Alto
2026-07-25,Naro,AG,Moderato
2026-07-25,Palma di Montechiaro,AG,Moderato
2026-07-25,Porto Empedocle,AG,Moderato
2026-07-25,Racalmuto,AG,Moderato
2026-07-25,Raffadali,AG,Moderato
2026-07-25,Ravanusa,AG,Moderato
2026-07-25,Realmonte,AG,Alto
2026-07-25,Ribera,AG,Alto
2026-07-25,Sambuca di Sicilia,AG,Moderato
2026-07-25,San Biagio Platani,AG,Moderato
2026-07-25,San Giovanni Gemini,AG,Moderato
2026-07-25,Santa Elisabetta,AG,Moderato
2026-07-25,Santa Margherita di Belice,AG,Moderato
2026-07-25,Sant'Angelo Muxaro,AG,Alto
2026-07-25,Santo Stefano Quisquina,AG,Moderato
2026-07-25,Sciacca,AG,Alto
2026-07-25,Siculiana,AG,Alto
2026-07-25,Villafranca Sicula,AG,Moderato
2026-07-25,Acquaviva Platani,CL,Moderato
2026-07-25,Bompensiere,CL,Moderato
2026-07-25,Butera,CL,Moderato
2026-07-25,Caltanissetta,CL,Moderato
2026-07-25,Campofranco,CL,Moderato
2026-07-25,Delia,CL,Moderato
2026-07-25,Gela,CL,Alto
2026-07-25,Marianopoli,CL,Moderato
2026-07-25,Mazzarino,CL,Moderato
2026-07-25,Milena,CL,Moderato
2026-07-25,Montedoro,CL,Moderato
2026-07-25,Mussomeli,CL,Moderato
2026-07-25,Niscemi,CL,Moderato
2026-07-25,Resuttano,CL,Alto
2026-07-25,Riesi,CL,Moderato
2026-07-25,San Cataldo,CL,Alto
2026-07-25,Santa Caterina Villarmosa,CL,Moderato
2026-07-25,Serradifalco,CL,Moderato
2026-07-25,Sommatino,CL,Moderato
2026-07-25,Sutera,CL,Moderato
2026-07-25,Vallelunga Pratameno,CL,Moderato
2026-07-25,Villalba,CL,Alto
2026-07-25,Agira,EN,Alto
2026-07-25,Aidone,EN,Alto
2026-07-25,Assoro,EN,Alto
2026-07-25,Barrafranca,EN,Moderato
2026-07-25,Calascibetta,EN,Moderato
2026-07-25,Catenanuova,EN,Alto
2026-07-25,Centuripe,EN,Moderato
2026-07-25,Cerami,EN,Moderato
2026-07-25,Enna,EN,Moderato
2026-07-25,Gagliano Castelferrato,EN,Moderato
2026-07-25,Leonforte,EN,Alto
2026-07-25,Nicosia,EN,Moderato
2026-07-25,Nissoria,EN,Moderato
2026-07-25,Piazza Armerina,EN,Moderato
2026-07-25,Pietraperzia,EN,Moderato
2026-07-25,Regalbuto,EN,Moderato
2026-07-25,Sperlinga,EN,Moderato
2026-07-25,Troina,EN,Moderato
2026-07-25,Valguarnera Caropepe,EN,Alto
2026-07-25,Villarosa,EN,Alto
2026-07-25,Aci Bonaccorsi,CT,Moderato
2026-07-25,Aci Castello,CT,Moderato
2026-07-25,Aci Catena,CT,Moderato
2026-07-25,Acireale,CT,Moderato
2026-07-25,Aci Sant'Antonio,CT,Moderato
2026-07-25,Adrano,CT,Moderato
2026-07-25,Belpasso,CT,Moderato
2026-07-25,Biancavilla,CT,Moderato
2026-07-25,Bronte,CT,Moderato
2026-07-25,Calatabiano,CT,Moderato
2026-07-25,Caltagirone,CT,Moderato
2026-07-25,Camporotondo Etneo,CT,Moderato
2026-07-25,Castel di Iudica,CT,Alto
2026-07-25,Castiglione di Sicilia,CT,Moderato
2026-07-25,Catania,CT,Moderato
2026-07-25,Fiumefreddo di Sicilia,CT,Moderato
2026-07-25,Giarre,CT,Moderato
2026-07-25,Grammichele,CT,Moderato
2026-07-25,Gravina di Catania,CT,Moderato
2026-07-25,Licodia Eubea,CT,Moderato
2026-07-25,Linguaglossa,CT,Moderato
2026-07-25,Maletto,CT,Moderato
2026-07-25,Mascali,CT,Moderato
2026-07-25,Mascalucia,CT,Moderato
2026-07-25,Militello in Val di Catania,CT,Alto
2026-07-25,Milo,CT,Basso
2026-07-25,Mineo,CT,Alto
2026-07-25,Mirabella Imbaccari,CT,Moderato
2026-07-25,Misterbianco,CT,Moderato
2026-07-25,Motta Sant'Anastasia,CT,Moderato
2026-07-25,Nicolosi,CT,Basso
2026-07-25,Palagonia,CT,Alto
2026-07-25,Paternò,CT,Moderato
2026-07-25,Pedara,CT,Moderato
2026-07-25,Piedimonte Etneo,CT,Moderato
2026-07-25,Raddusa,CT,Alto
2026-07-25,Ramacca,CT,Alto
2026-07-25,Randazzo,CT,Moderato
2026-07-25,Riposto,CT,Moderato
2026-07-25,San Cono,CT,Moderato
2026-07-25,San Giovanni la Punta,CT,Moderato
2026-07-25,San Gregorio di Catania,CT,Moderato
2026-07-25,San Michele di Ganzaria,CT,Moderato
2026-07-25,San Pietro Clarenza,CT,Moderato
2026-07-25,Sant'Agata li Battiati,CT,Moderato
2026-07-25,Sant'Alfio,CT,Basso
2026-07-25,Santa Maria di Licodia,CT,Moderato
2026-07-25,Santa Venerina,CT,Moderato
2026-07-25,Scordia,CT,Alto
2026-07-25,Trecastagni,CT,Moderato
2026-07-25,Tremestieri Etneo,CT,Moderato
2026-07-25,Valverde,CT,Moderato
2026-07-25,Viagrande,CT,Moderato
2026-07-25,Vizzini,CT,Moderato
2026-07-25,Zafferana Etnea,CT,Basso
2026-07-25,Mazzarrone,CT,Moderato
2026-07-25,Maniace,CT,Moderato
2026-07-25,Ragalna,CT,Basso
2026-07-25,Acate,RG,Moderato
2026-07-25,Chiaramonte Gulfi,RG,Moderato
2026-07-25,Comiso,RG,Moderato
2026-07-25,Giarratana,RG,Moderato
2026-07-25,Ispica,RG,Moderato
2026-07-25,Modica,RG,Moderato
2026-07-25,Monterosso Almo,RG,Moderato
2026-07-25,Pozzallo,RG,Moderato
2026-07-25,Ragusa,RG,Moderato
2026-07-25,Santa Croce Camerina,RG,Alto
2026-07-25,Scicli,RG,Moderato
2026-07-25,Vittoria,RG,Moderato
2026-07-25,Augusta,SR,Moderato
2026-07-25,Avola,SR,Moderato
2026-07-25,Buccheri,SR,Alto
2026-07-25,Buscemi,SR,Moderato
2026-07-25,Canicattini Bagni,SR,Moderato
2026-07-25,Carlentini,SR,Alto
2026-07-25,Cassaro,SR,Moderato
2026-07-25,Ferla,SR,Moderato
2026-07-25,Floridia,SR,Alto
2026-07-25,Francofonte,SR,Alto
2026-07-25,Lentini,SR,Alto
2026-07-25,Melilli,SR,Alto
2026-07-25,Noto,SR,Moderato
2026-07-25,Pachino,SR,Moderato
2026-07-25,Palazzolo Acreide,SR,Moderato
2026-07-25,Rosolini,SR,Moderato
2026-07-25,Siracusa,SR,Moderato
2026-07-25,Solarino,SR,Moderato
2026-07-25,Sortino,SR,Moderato
2026-07-25,Portopalo di Capo Passero,SR,Moderato
2026-07-25,Priolo Gargallo,SR,Alto
2026-07-26,Alcamo,TP,Moderato
2026-07-26,Buseto Palizzolo,TP,Moderato
2026-07-26,Calatafimi-Segesta,TP,Moderato
2026-07-26,Campobello di Mazara,TP,Alto
2026-07-26,Castellammare del Golfo,TP,Moderato
2026-07-26,Castelvetrano,TP,Alto
2026-07-26,Custonaci,TP,Moderato
2026-07-26,Erice,TP,Alto
2026-07-26,Favignana,TP,Alto
2026-07-26,Gibellina,TP,Moderato
2026-07-26,Marsala,TP,Alto
2026-07-26,Mazara del Vallo,TP,Alto
2026-07-26,Paceco,TP,Alto
2026-07-26,Partanna,TP,Moderato
2026-07-26,Poggioreale,TP,Moderato
2026-07-26,Salaparuta,TP,Moderato
2026-07-26,Salemi,TP,Moderato
2026-07-26,Santa Ninfa,TP,Moderato
2026-07-26,San Vito Lo Capo,TP,Alto
2026-07-26,Trapani,TP,Alto
2026-07-26,Valderice,TP,Alto
2026-07-26,Vita,TP,Moderato
2026-07-26,Petrosino,TP,Alto
2026-07-26,Misiliscemi,TP,Alto
2026-07-26,Alia,PA,Moderato
2026-07-26,Alimena,PA,Moderato
2026-07-26,Aliminusa,PA,Moderato
2026-07-26,Altavilla Milicia,PA,Alto
2026-07-26,Altofonte,PA,Moderato
2026-07-26,Bagheria,PA,Alto
2026-07-26,Balestrate,PA,Alto
2026-07-26,Baucina,PA,Moderato
2026-07-26,Belmonte Mezzagno,PA,Moderato
2026-07-26,Bisacquino,PA,Moderato
2026-07-26,Bolognetta,PA,Alto
2026-07-26,Bompietro,PA,Moderato
2026-07-26,Borgetto,PA,Moderato
2026-07-26,Caccamo,PA,Moderato
2026-07-26,Caltavuturo,PA,Moderato
2026-07-26,Campofelice di Fitalia,PA,Alto
2026-07-26,Campofelice di Roccella,PA,Alto
2026-07-26,Campofiorito,PA,Moderato
2026-07-26,Camporeale,PA,Moderato
2026-07-26,Capaci,PA,Alto
2026-07-26,Carini,PA,Alto
2026-07-26,Castelbuono,PA,Alto
2026-07-26,Casteldaccia,PA,Alto
2026-07-26,Castellana Sicula,PA,Moderato
2026-07-26,Castronovo di Sicilia,PA,Moderato
2026-07-26,Cefalà Diana,PA,Alto
2026-07-26,Cefalù,PA,Alto
2026-07-26,Cerda,PA,Alto
2026-07-26,Chiusa Sclafani,PA,Moderato
2026-07-26,Ciminna,PA,Moderato
2026-07-26,Cinisi,PA,Alto
2026-07-26,Collesano,PA,Moderato
2026-07-26,Contessa Entellina,PA,Moderato
2026-07-26,Corleone,PA,Moderato
2026-07-26,Ficarazzi,PA,Alto
2026-07-26,Gangi,PA,Moderato
2026-07-26,Geraci Siculo,PA,Moderato
2026-07-26,Giardinello,PA,Moderato
2026-07-26,Giuliana,PA,Moderato
2026-07-26,Godrano,PA,Moderato
2026-07-26,Gratteri,PA,Alto
2026-07-26,Isnello,PA,Moderato
2026-07-26,Isola delle Femmine,PA,Alto
2026-07-26,Lascari,PA,Alto
2026-07-26,Lercara Friddi,PA,Moderato
2026-07-26,Marineo,PA,Alto
2026-07-26,Mezzojuso,PA,Moderato
2026-07-26,Misilmeri,PA,Alto
2026-07-26,Monreale,PA,Alto
2026-07-26,Montelepre,PA,Moderato
2026-07-26,Montemaggiore Belsito,PA,Moderato
2026-07-26,Palazzo Adriano,PA,Moderato
2026-07-26,Palermo,PA,Alto
2026-07-26,Partinico,PA,Moderato
2026-07-26,Petralia Soprana,PA,Moderato
2026-07-26,Petralia Sottana,PA,Moderato
2026-07-26,Piana degli Albanesi,PA,Moderato
2026-07-26,Polizzi Generosa,PA,Moderato
2026-07-26,Pollina,PA,Alto
2026-07-26,Prizzi,PA,Moderato
2026-07-26,Roccamena,PA,Alto
2026-07-26,Roccapalumba,PA,Moderato
2026-07-26,San Cipirello,PA,Alto
2026-07-26,San Giuseppe Jato,PA,Moderato
2026-07-26,San Mauro Castelverde,PA,Alto
2026-07-26,Santa Cristina Gela,PA,Moderato
2026-07-26,Santa Flavia,PA,Alto
2026-07-26,Sciara,PA,Moderato
2026-07-26,Sclafani Bagni,PA,Moderato
2026-07-26,Termini Imerese,PA,Alto
2026-07-26,Terrasini,PA,Moderato
2026-07-26,Torretta,PA,Alto
2026-07-26,Trabia,PA,Alto
2026-07-26,Trappeto,PA,Alto
2026-07-26,Valledolmo,PA,Moderato
2026-07-26,Ventimiglia di Sicilia,PA,Alto
2026-07-26,Vicari,PA,Moderato
2026-07-26,Villabate,PA,Alto
2026-07-26,Villafrati,PA,Alto
2026-07-26,Scillato,PA,Moderato
2026-07-26,Blufi,PA,Moderato
2026-07-26,Alcara li Fusi,ME,Moderato
2026-07-26,Alì,ME,Alto
2026-07-26,Alì Terme,ME,Alto
2026-07-26,Antillo,ME,Moderato
2026-07-26,Barcellona Pozzo di Gotto,ME,Alto
2026-07-26,Basicò,ME,Moderato
2026-07-26,Brolo,ME,Moderato
2026-07-26,Capizzi,ME,Moderato
2026-07-26,Capo d'Orlando,ME,Moderato
2026-07-26,Capri Leone,ME,Alto
2026-07-26,Caronia,ME,Moderato
2026-07-26,Casalvecchio Siculo,ME,Alto
2026-07-26,Castel di Lucio,ME,Moderato
2026-07-26,Castell'Umberto,ME,Moderato
2026-07-26,Castelmola,ME,Alto
2026-07-26,Castroreale,ME,Alto
2026-07-26,Cesarò,ME,Moderato
2026-07-26,Condrò,ME,Alto
2026-07-26,Falcone,ME,Alto
2026-07-26,Ficarra,ME,Moderato
2026-07-26,Fiumedinisi,ME,Alto
2026-07-26,Floresta,ME,Moderato
2026-07-26,Fondachelli-Fantina,ME,Alto
2026-07-26,Forza d'Agrò,ME,Alto
2026-07-26,Francavilla di Sicilia,ME,Alto
2026-07-26,Frazzanò,ME,Moderato
2026-07-26,Furci Siculo,ME,Alto
2026-07-26,Furnari,ME,Alto
2026-07-26,Gaggi,ME,Alto
2026-07-26,Galati Mamertino,ME,Moderato
2026-07-26,Gallodoro,ME,Alto
2026-07-26,Giardini-Naxos,ME,Alto
2026-07-26,Gioiosa Marea,ME,Alto
2026-07-26,Graniti,ME,Alto
2026-07-26,Gualtieri Sicaminò,ME,Alto
2026-07-26,Itala,ME,Alto
2026-07-26,Leni,ME,Alto
2026-07-26,Letojanni,ME,Alto
2026-07-26,Librizzi,ME,Alto
2026-07-26,Limina,ME,Moderato
2026-07-26,Lipari,ME,Alto
2026-07-26,Longi,ME,Moderato
2026-07-26,Malfa,ME,Alto
2026-07-26,Malvagna,ME,Alto
2026-07-26,Mandanici,ME,Alto
2026-07-26,Mazzarrà Sant'Andrea,ME,Moderato
2026-07-26,Merì,ME,Alto
2026-07-26,Messina,ME,Alto
2026-07-26,Milazzo,ME,Alto
2026-07-26,Militello Rosmarino,ME,Moderato
2026-07-26,Mirto,ME,Moderato
2026-07-26,Mistretta,ME,Moderato
2026-07-26,Moio Alcantara,ME,Moderato
2026-07-26,Monforte San Giorgio,ME,Alto
2026-07-26,Mongiuffi Melia,ME,Alto
2026-07-26,Montagnareale,ME,Alto
2026-07-26,Montalbano Elicona,ME,Moderato
2026-07-26,Motta Camastra,ME,Moderato
2026-07-26,Motta d'Affermo,ME,Alto
2026-07-26,Naso,ME,Moderato
2026-07-26,Nizza di Sicilia,ME,Alto
2026-07-26,Novara di Sicilia,ME,Alto
2026-07-26,Oliveri,ME,Alto
2026-07-26,Pace del Mela,ME,Alto
2026-07-26,Pagliara,ME,Alto
2026-07-26,Patti,ME,Alto
2026-07-26,Pettineo,ME,Alto
2026-07-26,Piraino,ME,Moderato
2026-07-26,Raccuja,ME,Moderato
2026-07-26,Reitano,ME,Alto
2026-07-26,Roccafiorita,ME,Moderato
2026-07-26,Roccalumera,ME,Alto
2026-07-26,Roccavaldina,ME,Alto
2026-07-26,Roccella Valdemone,ME,Alto
2026-07-26,Rodì Milici,ME,Alto
2026-07-26,Rometta,ME,Alto
2026-07-26,San Filippo del Mela,ME,Alto
2026-07-26,San Fratello,ME,Moderato
2026-07-26,San Marco d'Alunzio,ME,Moderato
2026-07-26,San Pier Niceto,ME,Alto
2026-07-26,San Piero Patti,ME,Moderato
2026-07-26,San Salvatore di Fitalia,ME,Moderato
2026-07-26,Santa Domenica Vittoria,ME,Moderato
2026-07-26,Sant'Agata di Militello,ME,Moderato
2026-07-26,Sant'Alessio Siculo,ME,Alto
2026-07-26,Santa Lucia del Mela,ME,Moderato
2026-07-26,Santa Marina Salina,ME,Alto
2026-07-26,Sant'Angelo di Brolo,ME,Alto
2026-07-26,Santa Teresa di Riva,ME,Alto
2026-07-26,San Teodoro,ME,Moderato
2026-07-26,Santo Stefano di Camastra,ME,Alto
2026-07-26,Saponara,ME,Alto
2026-07-26,Savoca,ME,Alto
2026-07-26,Scaletta Zanclea,ME,Alto
2026-07-26,Sinagra,ME,Moderato
2026-07-26,Spadafora,ME,Alto
2026-07-26,Taormina,ME,Alto
2026-07-26,Torregrotta,ME,Alto
2026-07-26,Tortorici,ME,Moderato
2026-07-26,Tripi,ME,Moderato
2026-07-26,Tusa,ME,Alto
2026-07-26,Ucria,ME,Moderato
2026-07-26,Valdina,ME,Alto
2026-07-26,Venetico,ME,Alto
2026-07-26,Villafranca Tirrena,ME,Alto
2026-07-26,Terme Vigliatore,ME,Alto
2026-07-26,Acquedolci,ME,Alto
2026-07-26,Torrenova,ME,Alto
2026-07-26,Agrigento,AG,Alto
2026-07-26,Alessandria della Rocca,AG,Moderato
2026-07-26,Aragona,AG,Moderato
2026-07-26,Bivona,AG,Moderato
2026-07-26,Burgio,AG,Moderato
2026-07-26,Calamonaci,AG,Alto
2026-07-26,Caltabellotta,AG,Moderato
2026-07-26,Camastra,AG,Alto
2026-07-26,Cammarata,AG,Moderato
2026-07-26,Campobello di Licata,AG,Alto
2026-07-26,Canicattì,AG,Moderato
2026-07-26,Casteltermini,AG,Moderato
2026-07-26,Castrofilippo,AG,Moderato
2026-07-26,Cattolica Eraclea,AG,Alto
2026-07-26,Cianciana,AG,Alto
2026-07-26,Comitini,AG,Moderato
2026-07-26,Favara,AG,Moderato
2026-07-26,Grotte,AG,Moderato
2026-07-26,Joppolo Giancaxio,AG,Moderato
2026-07-26,Licata,AG,Alto
2026-07-26,Lucca Sicula,AG,Moderato
2026-07-26,Menfi,AG,Alto
2026-07-26,Montallegro,AG,Alto
2026-07-26,Montevago,AG,Moderato
2026-07-26,Naro,AG,Moderato
2026-07-26,Palma di Montechiaro,AG,Alto
2026-07-26,Porto Empedocle,AG,Alto
2026-07-26,Racalmuto,AG,Moderato
2026-07-26,Raffadali,AG,Moderato
2026-07-26,Ravanusa,AG,Alto
2026-07-26,Realmonte,AG,Alto
2026-07-26,Ribera,AG,Alto
2026-07-26,Sambuca di Sicilia,AG,Moderato
2026-07-26,San Biagio Platani,AG,Moderato
2026-07-26,San Giovanni Gemini,AG,Moderato
2026-07-26,Santa Elisabetta,AG,Moderato
2026-07-26,Santa Margherita di Belice,AG,Moderato
2026-07-26,Sant'Angelo Muxaro,AG,Moderato
2026-07-26,Santo Stefano Quisquina,AG,Moderato
2026-07-26,Sciacca,AG,Alto
2026-07-26,Siculiana,AG,Alto
2026-07-26,Villafranca Sicula,AG,Moderato
2026-07-26,Acquaviva Platani,CL,Moderato
2026-07-26,Bompensiere,CL,Moderato
2026-07-26,Butera,CL,Alto
2026-07-26,Caltanissetta,CL,Moderato
2026-07-26,Campofranco,CL,Moderato
2026-07-26,Delia,CL,Moderato
2026-07-26,Gela,CL,Alto
2026-07-26,Marianopoli,CL,Moderato
2026-07-26,Mazzarino,CL,Moderato
2026-07-26,Milena,CL,Moderato
2026-07-26,Montedoro,CL,Moderato
2026-07-26,Mussomeli,CL,Moderato
2026-07-26,Niscemi,CL,Alto
2026-07-26,Resuttano,CL,Alto
2026-07-26,Riesi,CL,Alto
2026-07-26,San Cataldo,CL,Moderato
2026-07-26,Santa Caterina Villarmosa,CL,Moderato
2026-07-26,Serradifalco,CL,Moderato
2026-07-26,Sommatino,CL,Moderato
2026-07-26,Sutera,CL,Moderato
2026-07-26,Vallelunga Pratameno,CL,Moderato
2026-07-26,Villalba,CL,Moderato
2026-07-26,Agira,EN,Moderato
2026-07-26,Aidone,EN,Moderato
2026-07-26,Assoro,EN,Alto
2026-07-26,Barrafranca,EN,Moderato
2026-07-26,Calascibetta,EN,Moderato
2026-07-26,Catenanuova,EN,Alto
2026-07-26,Centuripe,EN,Alto
2026-07-26,Cerami,EN,Moderato
2026-07-26,Enna,EN,Moderato
2026-07-26,Gagliano Castelferrato,EN,Moderato
2026-07-26,Leonforte,EN,Moderato
2026-07-26,Nicosia,EN,Moderato
2026-07-26,Nissoria,EN,Moderato
2026-07-26,Piazza Armerina,EN,Moderato
2026-07-26,Pietraperzia,EN,Moderato
2026-07-26,Regalbuto,EN,Moderato
2026-07-26,Sperlinga,EN,Moderato
2026-07-26,Troina,EN,Moderato
2026-07-26,Valguarnera Caropepe,EN,Moderato
2026-07-26,Villarosa,EN,Moderato
2026-07-26,Aci Bonaccorsi,CT,Alto
2026-07-26,Aci Castello,CT,Alto
2026-07-26,Aci Catena,CT,Alto
2026-07-26,Acireale,CT,Alto
2026-07-26,Aci Sant'Antonio,CT,Alto
2026-07-26,Adrano,CT,Moderato
2026-07-26,Belpasso,CT,Moderato
2026-07-26,Biancavilla,CT,Moderato
2026-07-26,Bronte,CT,Moderato
2026-07-26,Calatabiano,CT,Alto
2026-07-26,Caltagirone,CT,Moderato
2026-07-26,Camporotondo Etneo,CT,Moderato
2026-07-26,Castel di Iudica,CT,Alto
2026-07-26,Castiglione di Sicilia,CT,Moderato
2026-07-26,Catania,CT,Alto
2026-07-26,Fiumefreddo di Sicilia,CT,Alto
2026-07-26,Giarre,CT,Alto
2026-07-26,Grammichele,CT,Moderato
2026-07-26,Gravina di Catania,CT,Alto
2026-07-26,Licodia Eubea,CT,Moderato
2026-07-26,Linguaglossa,CT,Moderato
2026-07-26,Maletto,CT,Moderato
2026-07-26,Mascali,CT,Alto
2026-07-26,Mascalucia,CT,Moderato
2026-07-26,Militello in Val di Catania,CT,Moderato
2026-07-26,Milo,CT,Moderato
2026-07-26,Mineo,CT,Alto
2026-07-26,Mirabella Imbaccari,CT,Moderato
2026-07-26,Misterbianco,CT,Alto
2026-07-26,Motta Sant'Anastasia,CT,Alto
2026-07-26,Nicolosi,CT,Moderato
2026-07-26,Palagonia,CT,Alto
2026-07-26,Paternò,CT,Alto
2026-07-26,Pedara,CT,Moderato
2026-07-26,Piedimonte Etneo,CT,Moderato
2026-07-26,Raddusa,CT,Alto
2026-07-26,Ramacca,CT,Moderato
2026-07-26,Randazzo,CT,Moderato
2026-07-26,Riposto,CT,Alto
2026-07-26,San Cono,CT,Moderato
2026-07-26,San Giovanni la Punta,CT,Alto
2026-07-26,San Gregorio di Catania,CT,Alto
2026-07-26,San Michele di Ganzaria,CT,Moderato
2026-07-26,San Pietro Clarenza,CT,Moderato
2026-07-26,Sant'Agata li Battiati,CT,Alto
2026-07-26,Sant'Alfio,CT,Moderato
2026-07-26,Santa Maria di Licodia,CT,Moderato
2026-07-26,Santa Venerina,CT,Alto
2026-07-26,Scordia,CT,Alto
2026-07-26,Trecastagni,CT,Moderato
2026-07-26,Tremestieri Etneo,CT,Moderato
2026-07-26,Valverde,CT,Alto
2026-07-26,Viagrande,CT,Alto
2026-07-26,Vizzini,CT,Moderato
2026-07-26,Zafferana Etnea,CT,Moderato
2026-07-26,Mazzarrone,CT,Alto
2026-07-26,Maniace,CT,Moderato
2026-07-26,Ragalna,CT,Moderato
2026-07-26,Acate,RG,Alto
2026-07-26,Chiaramonte Gulfi,RG,Moderato
2026-07-26,Comiso,RG,Alto
2026-07-26,Giarratana,RG,Moderato
2026-07-26,Ispica,RG,Alto
2026-07-26,Modica,RG,Moderato
2026-07-26,Monterosso Almo,RG,Moderato
2026-07-26,Pozzallo,RG,Alto
2026-07-26,Ragusa,RG,Moderato
2026-07-26,Santa Croce Camerina,RG,Alto
2026-07-26,Scicli,RG,Alto
2026-07-26,Vittoria,RG,Alto
2026-07-26,Augusta,SR,Alto
2026-07-26,Avola,SR,Alto
2026-07-26,Buccheri,SR,Moderato
2026-07-26,Buscemi,SR,Moderato
2026-07-26,Canicattini Bagni,SR,Alto
2026-07-26,Carlentini,SR,Alto
2026-07-26,Cassaro,SR,Alto
2026-07-26,Ferla,SR,Moderato
2026-07-26,Floridia,SR,Alto
2026-07-26,Francofonte,SR,Alto
2026-07-26,Lentini,SR,Alto
2026-07-26,Melilli,SR,Alto
2026-07-26,Noto,SR,Alto
2026-07-26,Pachino,SR,Alto
2026-07-26,Palazzolo Acreide,SR,Moderato
2026-07-26,Rosolini,SR,Alto
2026-07-26,Siracusa,SR,Alto
2026-07-26,Solarino,SR,Alto
2026-07-26,Sortino,SR,Alto
2026-07-26,Portopalo di Capo Passero,SR,Alto
2026-07-26,Priolo Gargallo,SR,Alto
2026-07-27,Alcamo,TP,Alto
2026-07-27,Buseto Palizzolo,TP,Alto
2026-07-27,Calatafimi-Segesta,TP,Alto
2026-07-27,Campobello di Mazara,TP,Alto
2026-07-27,Castellammare del Golfo,TP,Alto
2026-07-27,Castelvetrano,TP,Alto
2026-07-27,Custonaci,TP,Alto
2026-07-27,Erice,TP,Alto
2026-07-27,Favignana,TP,Alto
2026-07-27,Gibellina,TP,Alto
2026-07-27,Marsala,TP,Alto
2026-07-27,Mazara del Vallo,TP,Alto
2026-07-27,Paceco,TP,Alto
2026-07-27,Partanna,TP,Alto
2026-07-27,Poggioreale,TP,Alto
2026-07-27,Salaparuta,TP,Alto
2026-07-27,Salemi,TP,Alto
2026-07-27,Santa Ninfa,TP,Alto
2026-07-27,San Vito Lo Capo,TP,Alto
2026-07-27,Trapani,TP,Alto
2026-07-27,Valderice,TP,Alto
2026-07-27,Vita,TP,Alto
2026-07-27,Petrosino,TP,Alto
2026-07-27,Misiliscemi,TP,Alto
2026-07-27,Alia,PA,Alto
2026-07-27,Alimena,PA,Alto
2026-07-27,Aliminusa,PA,Alto
2026-07-27,Altavilla Milicia,PA,Alto
2026-07-27,Altofonte,PA,Moderato
2026-07-27,Bagheria,PA,Alto
2026-07-27,Balestrate,PA,Alto
2026-07-27,Baucina,PA,Alto
2026-07-27,Belmonte Mezzagno,PA,Moderato
2026-07-27,Bisacquino,PA,Alto
2026-07-27,Bolognetta,PA,Alto
2026-07-27,Bompietro,PA,Moderato
2026-07-27,Borgetto,PA,Alto
2026-07-27,Caccamo,PA,Alto
2026-07-27,Caltavuturo,PA,Alto
2026-07-27,Campofelice di Fitalia,PA,Alto
2026-07-27,Campofelice di Roccella,PA,Alto
2026-07-27,Campofiorito,PA,Alto
2026-07-27,Camporeale,PA,Alto
2026-07-27,Capaci,PA,Alto
2026-07-27,Carini,PA,Alto
2026-07-27,Castelbuono,PA,Alto
2026-07-27,Casteldaccia,PA,Alto
2026-07-27,Castellana Sicula,PA,Moderato
2026-07-27,Castronovo di Sicilia,PA,Alto
2026-07-27,Cefalà Diana,PA,Alto
2026-07-27,Cefalù,PA,Moderato
2026-07-27,Cerda,PA,Alto
2026-07-27,Chiusa Sclafani,PA,Alto
2026-07-27,Ciminna,PA,Alto
2026-07-27,Cinisi,PA,Alto
2026-07-27,Collesano,PA,Alto
2026-07-27,Contessa Entellina,PA,Alto
2026-07-27,Corleone,PA,Alto
2026-07-27,Ficarazzi,PA,Alto
2026-07-27,Gangi,PA,Moderato
2026-07-27,Geraci Siculo,PA,Alto
2026-07-27,Giardinello,PA,Alto
2026-07-27,Giuliana,PA,Alto
2026-07-27,Godrano,PA,Alto
2026-07-27,Gratteri,PA,Moderato
2026-07-27,Isnello,PA,Moderato
2026-07-27,Isola delle Femmine,PA,Alto
2026-07-27,Lascari,PA,Alto
2026-07-27,Lercara Friddi,PA,Alto
2026-07-27,Marineo,PA,Alto
2026-07-27,Mezzojuso,PA,Alto
2026-07-27,Misilmeri,PA,Alto
2026-07-27,Monreale,PA,Alto
2026-07-27,Montelepre,PA,Alto
2026-07-27,Montemaggiore Belsito,PA,Alto
2026-07-27,Palazzo Adriano,PA,Moderato
2026-07-27,Palermo,PA,Alto
2026-07-27,Partinico,PA,Alto
2026-07-27,Petralia Soprana,PA,Moderato
2026-07-27,Petralia Sottana,PA,Alto
2026-07-27,Piana degli Albanesi,PA,Alto
2026-07-27,Polizzi Generosa,PA,Alto
2026-07-27,Pollina,PA,Alto
2026-07-27,Prizzi,PA,Alto
2026-07-27,Roccamena,PA,Alto
2026-07-27,Roccapalumba,PA,Alto
2026-07-27,San Cipirello,PA,Alto
2026-07-27,San Giuseppe Jato,PA,Alto
2026-07-27,San Mauro Castelverde,PA,Moderato
2026-07-27,Santa Cristina Gela,PA,Alto
2026-07-27,Santa Flavia,PA,Alto
2026-07-27,Sciara,PA,Alto
2026-07-27,Sclafani Bagni,PA,Alto
2026-07-27,Termini Imerese,PA,Alto
2026-07-27,Terrasini,PA,Alto
2026-07-27,Torretta,PA,Alto
2026-07-27,Trabia,PA,Alto
2026-07-27,Trappeto,PA,Alto
2026-07-27,Valledolmo,PA,Alto
2026-07-27,Ventimiglia di Sicilia,PA,Moderato
2026-07-27,Vicari,PA,Alto
2026-07-27,Villabate,PA,Alto
2026-07-27,Villafrati,PA,Alto
2026-07-27,Scillato,PA,Alto
2026-07-27,Blufi,PA,Alto
2026-07-27,Alcara li Fusi,ME,Moderato
2026-07-27,Alì,ME,Alto
2026-07-27,Alì Terme,ME,Alto
2026-07-27,Antillo,ME,Alto
2026-07-27,Barcellona Pozzo di Gotto,ME,Alto
2026-07-27,Basicò,ME,Moderato
2026-07-27,Brolo,ME,Alto
2026-07-27,Capizzi,ME,Moderato
2026-07-27,Capo d'Orlando,ME,Alto
2026-07-27,Capri Leone,ME,Alto
2026-07-27,Caronia,ME,Moderato
2026-07-27,Casalvecchio Siculo,ME,Alto
2026-07-27,Castel di Lucio,ME,Alto
2026-07-27,Castell'Umberto,ME,Moderato
2026-07-27,Castelmola,ME,Alto
2026-07-27,Castroreale,ME,Moderato
2026-07-27,Cesarò,ME,Moderato
2026-07-27,Condrò,ME,Alto
2026-07-27,Falcone,ME,Alto
2026-07-27,Ficarra,ME,Alto
2026-07-27,Fiumedinisi,ME,Alto
2026-07-27,Floresta,ME,Moderato
2026-07-27,Fondachelli-Fantina,ME,Moderato
2026-07-27,Forza d'Agrò,ME,Alto
2026-07-27,Francavilla di Sicilia,ME,Alto
2026-07-27,Frazzanò,ME,Moderato
2026-07-27,Furci Siculo,ME,Alto
2026-07-27,Furnari,ME,Alto
2026-07-27,Gaggi,ME,Alto
2026-07-27,Galati Mamertino,ME,Moderato
2026-07-27,Gallodoro,ME,Alto
2026-07-27,Giardini-Naxos,ME,Alto
2026-07-27,Gioiosa Marea,ME,Alto
2026-07-27,Graniti,ME,Alto
2026-07-27,Gualtieri Sicaminò,ME,Alto
2026-07-27,Itala,ME,Alto
2026-07-27,Leni,ME,Alto
2026-07-27,Letojanni,ME,Alto
2026-07-27,Librizzi,ME,Alto
2026-07-27,Limina,ME,Alto
2026-07-27,Lipari,ME,Alto
2026-07-27,Longi,ME,Moderato
2026-07-27,Malfa,ME,Alto
2026-07-27,Malvagna,ME,Alto
2026-07-27,Mandanici,ME,Alto
2026-07-27,Mazzarrà Sant'Andrea,ME,Alto
2026-07-27,Merì,ME,Alto
2026-07-27,Messina,ME,Alto
2026-07-27,Milazzo,ME,Alto
2026-07-27,Militello Rosmarino,ME,Moderato
2026-07-27,Mirto,ME,Moderato
2026-07-27,Mistretta,ME,Alto
2026-07-27,Moio Alcantara,ME,Alto
2026-07-27,Monforte San Giorgio,ME,Alto
2026-07-27,Mongiuffi Melia,ME,Alto
2026-07-27,Montagnareale,ME,Alto
2026-07-27,Montalbano Elicona,ME,Moderato
2026-07-27,Motta Camastra,ME,Alto
2026-07-27,Motta d'Affermo,ME,Alto
2026-07-27,Naso,ME,Alto
2026-07-27,Nizza di Sicilia,ME,Alto
2026-07-27,Novara di Sicilia,ME,Moderato
2026-07-27,Oliveri,ME,Alto
2026-07-27,Pace del Mela,ME,Alto
2026-07-27,Pagliara,ME,Alto
2026-07-27,Patti,ME,Alto
2026-07-27,Pettineo,ME,Alto
2026-07-27,Piraino,ME,Alto
2026-07-27,Raccuja,ME,Moderato
2026-07-27,Reitano,ME,Alto
2026-07-27,Roccafiorita,ME,Alto
2026-07-27,Roccalumera,ME,Alto
2026-07-27,Roccavaldina,ME,Alto
2026-07-27,Roccella Valdemone,ME,Moderato
2026-07-27,Rodì Milici,ME,Moderato
2026-07-27,Rometta,ME,Alto
2026-07-27,San Filippo del Mela,ME,Alto
2026-07-27,San Fratello,ME,Moderato
2026-07-27,San Marco d'Alunzio,ME,Moderato
2026-07-27,San Pier Niceto,ME,Alto
2026-07-27,San Piero Patti,ME,Moderato
2026-07-27,San Salvatore di Fitalia,ME,Moderato
2026-07-27,Santa Domenica Vittoria,ME,Moderato
2026-07-27,Sant'Agata di Militello,ME,Alto
2026-07-27,Sant'Alessio Siculo,ME,Alto
2026-07-27,Santa Lucia del Mela,ME,Alto
2026-07-27,Santa Marina Salina,ME,Alto
2026-07-27,Sant'Angelo di Brolo,ME,Moderato
2026-07-27,Santa Teresa di Riva,ME,Alto
2026-07-27,San Teodoro,ME,Moderato
2026-07-27,Santo Stefano di Camastra,ME,Alto
2026-07-27,Saponara,ME,Alto
2026-07-27,Savoca,ME,Alto
2026-07-27,Scaletta Zanclea,ME,Alto
2026-07-27,Sinagra,ME,Moderato
2026-07-27,Spadafora,ME,Alto
2026-07-27,Taormina,ME,Alto
2026-07-27,Torregrotta,ME,Alto
2026-07-27,Tortorici,ME,Moderato
2026-07-27,Tripi,ME,Moderato
2026-07-27,Tusa,ME,Alto
2026-07-27,Ucria,ME,Moderato
2026-07-27,Valdina,ME,Alto
2026-07-27,Venetico,ME,Alto
2026-07-27,Villafranca Tirrena,ME,Alto
2026-07-27,Terme Vigliatore,ME,Alto
2026-07-27,Acquedolci,ME,Alto
2026-07-27,Torrenova,ME,Alto
2026-07-27,Agrigento,AG,Alto
2026-07-27,Alessandria della Rocca,AG,Alto
2026-07-27,Aragona,AG,Alto
2026-07-27,Bivona,AG,Alto
2026-07-27,Burgio,AG,Alto
2026-07-27,Calamonaci,AG,Alto
2026-07-27,Caltabellotta,AG,Alto
2026-07-27,Camastra,AG,Alto
2026-07-27,Cammarata,AG,Alto
2026-07-27,Campobello di Licata,AG,Alto
2026-07-27,Canicattì,AG,Alto
2026-07-27,Casteltermini,AG,Alto
2026-07-27,Castrofilippo,AG,Alto
2026-07-27,Cattolica Eraclea,AG,Alto
2026-07-27,Cianciana,AG,Alto
2026-07-27,Comitini,AG,Alto
2026-07-27,Favara,AG,Alto
2026-07-27,Grotte,AG,Alto
2026-07-27,Joppolo Giancaxio,AG,Alto
2026-07-27,Licata,AG,Alto
2026-07-27,Lucca Sicula,AG,Alto
2026-07-27,Menfi,AG,Alto
2026-07-27,Montallegro,AG,Alto
2026-07-27,Montevago,AG,Alto
2026-07-27,Naro,AG,Alto
2026-07-27,Palma di Montechiaro,AG,Alto
2026-07-27,Porto Empedocle,AG,Alto
2026-07-27,Racalmuto,AG,Alto
2026-07-27,Raffadali,AG,Alto
2026-07-27,Ravanusa,AG,Alto
2026-07-27,Realmonte,AG,Alto
2026-07-27,Ribera,AG,Alto
2026-07-27,Sambuca di Sicilia,AG,Alto
2026-07-27,San Biagio Platani,AG,Alto
2026-07-27,San Giovanni Gemini,AG,Alto
2026-07-27,Santa Elisabetta,AG,Alto
2026-07-27,Santa Margherita di Belice,AG,Alto
2026-07-27,Sant'Angelo Muxaro,AG,Alto
2026-07-27,Santo Stefano Quisquina,AG,Moderato
2026-07-27,Sciacca,AG,Alto
2026-07-27,Siculiana,AG,Alto
2026-07-27,Villafranca Sicula,AG,Alto
2026-07-27,Acquaviva Platani,CL,Alto
2026-07-27,Bompensiere,CL,Alto
2026-07-27,Butera,CL,Alto
2026-07-27,Caltanissetta,CL,Alto
2026-07-27,Campofranco,CL,Alto
2026-07-27,Delia,CL,Alto
2026-07-27,Gela,CL,Alto
2026-07-27,Marianopoli,CL,Alto
2026-07-27,Mazzarino,CL,Alto
2026-07-27,Milena,CL,Alto
2026-07-27,Montedoro,CL,Alto
2026-07-27,Mussomeli,CL,Alto
2026-07-27,Niscemi,CL,Alto
2026-07-27,Resuttano,CL,Alto
2026-07-27,Riesi,CL,Alto
2026-07-27,San Cataldo,CL,Alto
2026-07-27,Santa Caterina Villarmosa,CL,Alto
2026-07-27,Serradifalco,CL,Alto
2026-07-27,Sommatino,CL,Alto
2026-07-27,Sutera,CL,Alto
2026-07-27,Vallelunga Pratameno,CL,Alto
2026-07-27,Villalba,CL,Alto
2026-07-27,Agira,EN,Alto
2026-07-27,Aidone,EN,Alto
2026-07-27,Assoro,EN,Alto
2026-07-27,Barrafranca,EN,Alto
2026-07-27,Calascibetta,EN,Moderato
2026-07-27,Catenanuova,EN,Alto
2026-07-27,Centuripe,EN,Alto
2026-07-27,Cerami,EN,Moderato
2026-07-27,Enna,EN,Moderato
2026-07-27,Gagliano Castelferrato,EN,Moderato
2026-07-27,Leonforte,EN,Alto
2026-07-27,Nicosia,EN,Alto
2026-07-27,Nissoria,EN,Alto
2026-07-27,Piazza Armerina,EN,Moderato
2026-07-27,Pietraperzia,EN,Alto
2026-07-27,Regalbuto,EN,Alto
2026-07-27,Sperlinga,EN,Moderato
2026-07-27,Troina,EN,Alto
2026-07-27,Valguarnera Caropepe,EN,Alto
2026-07-27,Villarosa,EN,Alto
2026-07-27,Aci Bonaccorsi,CT,Alto
2026-07-27,Aci Castello,CT,Alto
2026-07-27,Aci Catena,CT,Alto
2026-07-27,Acireale,CT,Alto
2026-07-27,Aci Sant'Antonio,CT,Alto
2026-07-27,Adrano,CT,Moderato
2026-07-27,Belpasso,CT,Alto
2026-07-27,Biancavilla,CT,Alto
2026-07-27,Bronte,CT,Moderato
2026-07-27,Calatabiano,CT,Alto
2026-07-27,Caltagirone,CT,Alto
2026-07-27,Camporotondo Etneo,CT,Alto
2026-07-27,Castel di Iudica,CT,Alto
2026-07-27,Castiglione di Sicilia,CT,Alto
2026-07-27,Catania,CT,Alto
2026-07-27,Fiumefreddo di Sicilia,CT,Alto
2026-07-27,Giarre,CT,Alto
2026-07-27,Grammichele,CT,Alto
2026-07-27,Gravina di Catania,CT,Alto
2026-07-27,Licodia Eubea,CT,Moderato
2026-07-27,Linguaglossa,CT,Moderato
2026-07-27,Maletto,CT,Moderato
2026-07-27,Mascali,CT,Alto
2026-07-27,Mascalucia,CT,Alto
2026-07-27,Militello in Val di Catania,CT,Alto
2026-07-27,Milo,CT,Moderato
2026-07-27,Mineo,CT,Alto
2026-07-27,Mirabella Imbaccari,CT,Moderato
2026-07-27,Misterbianco,CT,Alto
2026-07-27,Motta Sant'Anastasia,CT,Alto
2026-07-27,Nicolosi,CT,Moderato
2026-07-27,Palagonia,CT,Alto
2026-07-27,Paternò,CT,Alto
2026-07-27,Pedara,CT,Alto
2026-07-27,Piedimonte Etneo,CT,Moderato
2026-07-27,Raddusa,CT,Alto
2026-07-27,Ramacca,CT,Alto
2026-07-27,Randazzo,CT,Moderato
2026-07-27,Riposto,CT,Alto
2026-07-27,San Cono,CT,Moderato
2026-07-27,San Giovanni la Punta,CT,Alto
2026-07-27,San Gregorio di Catania,CT,Alto
2026-07-27,San Michele di Ganzaria,CT,Moderato
2026-07-27,San Pietro Clarenza,CT,Alto
2026-07-27,Sant'Agata li Battiati,CT,Alto
2026-07-27,Sant'Alfio,CT,Moderato
2026-07-27,Santa Maria di Licodia,CT,Alto
2026-07-27,Santa Venerina,CT,Alto
2026-07-27,Scordia,CT,Alto
2026-07-27,Trecastagni,CT,Alto
2026-07-27,Tremestieri Etneo,CT,Alto
2026-07-27,Valverde,CT,Alto
2026-07-27,Viagrande,CT,Alto
2026-07-27,Vizzini,CT,Moderato
2026-07-27,Zafferana Etnea,CT,Moderato
2026-07-27,Mazzarrone,CT,Alto
2026-07-27,Maniace,CT,Moderato
2026-07-27,Ragalna,CT,Moderato
2026-07-27,Acate,RG,Alto
2026-07-27,Chiaramonte Gulfi,RG,Alto
2026-07-27,Comiso,RG,Alto
2026-07-27,Giarratana,RG,Moderato
2026-07-27,Ispica,RG,Alto
2026-07-27,Modica,RG,Alto
2026-07-27,Monterosso Almo,RG,Moderato
2026-07-27,Pozzallo,RG,Alto
2026-07-27,Ragusa,RG,Moderato
2026-07-27,Santa Croce Camerina,RG,Alto
2026-07-27,Scicli,RG,Alto
2026-07-27,Vittoria,RG,Alto
2026-07-27,Augusta,SR,Alto
2026-07-27,Avola,SR,Alto
2026-07-27,Buccheri,SR,Alto
2026-07-27,Buscemi,SR,Moderato
2026-07-27,Canicattini Bagni,SR,Alto
2026-07-27,Carlentini,SR,Alto
2026-07-27,Cassaro,SR,Moderato
2026-07-27,Ferla,SR,Moderato
2026-07-27,Floridia,SR,Alto
2026-07-27,Francofonte,SR,Alto
2026-07-27,Lentini,SR,Alto
2026-07-27,Melilli,SR,Alto
2026-07-27,Noto,SR,Alto
2026-07-27,Pachino,SR,Alto
2026-07-27,Palazzolo Acreide,SR,Moderato
2026-07-27,Rosolini,SR,Alto
2026-07-27,Siracusa,SR,Alto
2026-07-27,Solarino,SR,Alto
2026-07-27,Sortino,SR,Alto
2026-07-27,Portopalo di Capo Passero,SR,Alto
2026-07-27,Priolo Gargallo,SR,Alto
2026-07-28,Alcamo,TP,Alto
2026-07-28,Buseto Palizzolo,TP,Alto
2026-07-28,Calatafimi-Segesta,TP,Alto
2026-07-28,Campobello di Mazara,TP,Alto
2026-07-28,Castellammare del Golfo,TP,Alto
2026-07-28,Castelvetrano,TP,Alto
2026-07-28,Custonaci,TP,Alto
2026-07-28,Erice,TP,Alto
2026-07-28,Favignana,TP,Alto
2026-07-28,Gibellina,TP,Alto
2026-07-28,Marsala,TP,Alto
2026-07-28,Mazara del Vallo,TP,Alto
2026-07-28,Paceco,TP,Alto
2026-07-28,Partanna,TP,Alto
2026-07-28,Poggioreale,TP,Alto
2026-07-28,Salaparuta,TP,Alto
2026-07-28,Salemi,TP,Alto
2026-07-28,Santa Ninfa,TP,Alto
2026-07-28,San Vito Lo Capo,TP,Alto
2026-07-28,Trapani,TP,Alto
2026-07-28,Valderice,TP,Alto
2026-07-28,Vita,TP,Alto
2026-07-28,Petrosino,TP,Alto
2026-07-28,Misiliscemi,TP,Alto
2026-07-28,Alia,PA,Alto
2026-07-28,Alimena,PA,Alto
2026-07-28,Aliminusa,PA,Alto
2026-07-28,Altavilla Milicia,PA,Alto
2026-07-28,Altofonte,PA,Moderato
2026-07-28,Bagheria,PA,Alto
2026-07-28,Balestrate,PA,Alto
2026-07-28,Baucina,PA,Alto
2026-07-28,Belmonte Mezzagno,PA,Moderato
2026-07-28,Bisacquino,PA,Alto
2026-07-28,Bolognetta,PA,Alto
2026-07-28,Bompietro,PA,Moderato
2026-07-28,Borgetto,PA,Alto
2026-07-28,Caccamo,PA,Alto
2026-07-28,Caltavuturo,PA,Alto
2026-07-28,Campofelice di Fitalia,PA,Alto
2026-07-28,Campofelice di Roccella,PA,Alto
2026-07-28,Campofiorito,PA,Alto
2026-07-28,Camporeale,PA,Alto
2026-07-28,Capaci,PA,Alto
2026-07-28,Carini,PA,Alto
2026-07-28,Castelbuono,PA,Alto
2026-07-28,Casteldaccia,PA,Alto
2026-07-28,Castellana Sicula,PA,Moderato
2026-07-28,Castronovo di Sicilia,PA,Alto
2026-07-28,Cefalà Diana,PA,Alto
2026-07-28,Cefalù,PA,Moderato
2026-07-28,Cerda,PA,Alto
2026-07-28,Chiusa Sclafani,PA,Alto
2026-07-28,Ciminna,PA,Alto
2026-07-28,Cinisi,PA,Alto
2026-07-28,Collesano,PA,Alto
2026-07-28,Contessa Entellina,PA,Alto
2026-07-28,Corleone,PA,Alto
2026-07-28,Ficarazzi,PA,Alto
2026-07-28,Gangi,PA,Moderato
2026-07-28,Geraci Siculo,PA,Alto
2026-07-28,Giardinello,PA,Alto
2026-07-28,Giuliana,PA,Alto
2026-07-28,Godrano,PA,Alto
2026-07-28,Gratteri,PA,Moderato
2026-07-28,Isnello,PA,Moderato
2026-07-28,Isola delle Femmine,PA,Alto
2026-07-28,Lascari,PA,Alto
2026-07-28,Lercara Friddi,PA,Alto
2026-07-28,Marineo,PA,Alto
2026-07-28,Mezzojuso,PA,Alto
2026-07-28,Misilmeri,PA,Alto
2026-07-28,Monreale,PA,Alto
2026-07-28,Montelepre,PA,Alto
2026-07-28,Montemaggiore Belsito,PA,Alto
2026-07-28,Palazzo Adriano,PA,Moderato
2026-07-28,Palermo,PA,Alto
2026-07-28,Partinico,PA,Alto
2026-07-28,Petralia Soprana,PA,Moderato
2026-07-28,Petralia Sottana,PA,Alto
2026-07-28,Piana degli Albanesi,PA,Alto
2026-07-28,Polizzi Generosa,PA,Alto
2026-07-28,Pollina,PA,Alto
2026-07-28,Prizzi,PA,Alto
2026-07-28,Roccamena,PA,Alto
2026-07-28,Roccapalumba,PA,Alto
2026-07-28,San Cipirello,PA,Alto
2026-07-28,San Giuseppe Jato,PA,Alto
2026-07-28,San Mauro Castelverde,PA,Moderato
2026-07-28,Santa Cristina Gela,PA,Alto
2026-07-28,Santa Flavia,PA,Alto
2026-07-28,Sciara,PA,Alto
2026-07-28,Sclafani Bagni,PA,Alto
2026-07-28,Termini Imerese,PA,Alto
2026-07-28,Terrasini,PA,Alto
2026-07-28,Torretta,PA,Alto
2026-07-28,Trabia,PA,Alto
2026-07-28,Trappeto,PA,Alto
2026-07-28,Valledolmo,PA,Alto
2026-07-28,Ventimiglia di Sicilia,PA,Moderato
2026-07-28,Vicari,PA,Alto
2026-07-28,Villabate,PA,Alto
2026-07-28,Villafrati,PA,Alto
2026-07-28,Scillato,PA,Alto
2026-07-28,Blufi,PA,Alto
2026-07-28,Alcara li Fusi,ME,Moderato
2026-07-28,Alì,ME,Alto
2026-07-28,Alì Terme,ME,Alto
2026-07-28,Antillo,ME,Alto
2026-07-28,Barcellona Pozzo di Gotto,ME,Alto
2026-07-28,Basicò,ME,Moderato
2026-07-28,Brolo,ME,Alto
2026-07-28,Capizzi,ME,Moderato
2026-07-28,Capo d'Orlando,ME,Alto
2026-07-28,Capri Leone,ME,Alto
2026-07-28,Caronia,ME,Moderato
2026-07-28,Casalvecchio Siculo,ME,Alto
2026-07-28,Castel di Lucio,ME,Alto
2026-07-28,Castell'Umberto,ME,Moderato
2026-07-28,Castelmola,ME,Alto
2026-07-28,Castroreale,ME,Moderato
2026-07-28,Cesarò,ME,Moderato
2026-07-28,Condrò,ME,Alto
2026-07-28,Falcone,ME,Alto
2026-07-28,Ficarra,ME,Alto
2026-07-28,Fiumedinisi,ME,Alto
2026-07-28,Floresta,ME,Moderato
2026-07-28,Fondachelli-Fantina,ME,Moderato
2026-07-28,Forza d'Agrò,ME,Alto
2026-07-28,Francavilla di Sicilia,ME,Alto
2026-07-28,Frazzanò,ME,Moderato
2026-07-28,Furci Siculo,ME,Alto
2026-07-28,Furnari,ME,Alto
2026-07-28,Gaggi,ME,Alto
2026-07-28,Galati Mamertino,ME,Moderato
2026-07-28,Gallodoro,ME,Alto
2026-07-28,Giardini-Naxos,ME,Alto
2026-07-28,Gioiosa Marea,ME,Alto
2026-07-28,Graniti,ME,Alto
2026-07-28,Gualtieri Sicaminò,ME,Alto
2026-07-28,Itala,ME,Alto
2026-07-28,Leni,ME,Alto
2026-07-28,Letojanni,ME,Alto
2026-07-28,Librizzi,ME,Alto
2026-07-28,Limina,ME,Alto
2026-07-28,Lipari,ME,Alto
2026-07-28,Longi,ME,Moderato
2026-07-28,Malfa,ME,Alto
2026-07-28,Malvagna,ME,Alto
2026-07-28,Mandanici,ME,Alto
2026-07-28,Mazzarrà Sant'Andrea,ME,Alto
2026-07-28,Merì,ME,Alto
2026-07-28,Messina,ME,Alto
2026-07-28,Milazzo,ME,Alto
2026-07-28,Militello Rosmarino,ME,Moderato
2026-07-28,Mirto,ME,Moderato
2026-07-28,Mistretta,ME,Alto
2026-07-28,Moio Alcantara,ME,Alto
2026-07-28,Monforte San Giorgio,ME,Alto
2026-07-28,Mongiuffi Melia,ME,Alto
2026-07-28,Montagnareale,ME,Alto
2026-07-28,Montalbano Elicona,ME,Moderato
2026-07-28,Motta Camastra,ME,Alto
2026-07-28,Motta d'Affermo,ME,Alto
2026-07-28,Naso,ME,Alto
2026-07-28,Nizza di Sicilia,ME,Alto
2026-07-28,Novara di Sicilia,ME,Moderato
2026-07-28,Oliveri,ME,Alto
2026-07-28,Pace del Mela,ME,Alto
2026-07-28,Pagliara,ME,Alto
2026-07-28,Patti,ME,Alto
2026-07-28,Pettineo,ME,Alto
2026-07-28,Piraino,ME,Alto
2026-07-28,Raccuja,ME,Moderato
2026-07-28,Reitano,ME,Alto
2026-07-28,Roccafiorita,ME,Alto
2026-07-28,Roccalumera,ME,Alto
2026-07-28,Roccavaldina,ME,Alto
2026-07-28,Roccella Valdemone,ME,Moderato
2026-07-28,Rodì Milici,ME,Moderato
2026-07-28,Rometta,ME,Alto
2026-07-28,San Filippo del Mela,ME,Alto
2026-07-28,San Fratello,ME,Moderato
2026-07-28,San Marco d'Alunzio,ME,Moderato
2026-07-28,San Pier Niceto,ME,Alto
2026-07-28,San Piero Patti,ME,Moderato
2026-07-28,San Salvatore di Fitalia,ME,Moderato
2026-07-28,Santa Domenica Vittoria,ME,Moderato
2026-07-28,Sant'Agata di Militello,ME,Alto
2026-07-28,Sant'Alessio Siculo,ME,Alto
2026-07-28,Santa Lucia del Mela,ME,Alto
2026-07-28,Santa Marina Salina,ME,Alto
2026-07-28,Sant'Angelo di Brolo,ME,Moderato
2026-07-28,Santa Teresa di Riva,ME,Alto
2026-07-28,San Teodoro,ME,Moderato
2026-07-28,Santo Stefano di Camastra,ME,Alto
2026-07-28,Saponara,ME,Alto
2026-07-28,Savoca,ME,Alto
2026-07-28,Scaletta Zanclea,ME,Alto
2026-07-28,Sinagra,ME,Moderato
2026-07-28,Spadafora,ME,Alto
2026-07-28,Taormina,ME,Alto
2026-07-28,Torregrotta,ME,Alto
2026-07-28,Tortorici,ME,Moderato
2026-07-28,Tripi,ME,Moderato
2026-07-28,Tusa,ME,Alto
2026-07-28,Ucria,ME,Moderato
2026-07-28,Valdina,ME,Alto
2026-07-28,Venetico,ME,Alto
2026-07-28,Villafranca Tirrena,ME,Alto
2026-07-28,Terme Vigliatore,ME,Alto
2026-07-28,Acquedolci,ME,Alto
2026-07-28,Torrenova,ME,Alto
2026-07-28,Agrigento,AG,Alto
2026-07-28,Alessandria della Rocca,AG,Alto
2026-07-28,Aragona,AG,Alto
2026-07-28,Bivona,AG,Alto
2026-07-28,Burgio,AG,Alto
2026-07-28,Calamonaci,AG,Alto
2026-07-28,Caltabellotta,AG,Alto
2026-07-28,Camastra,AG,Alto
2026-07-28,Cammarata,AG,Alto
2026-07-28,Campobello di Licata,AG,Alto
2026-07-28,Canicattì,AG,Alto
2026-07-28,Casteltermini,AG,Alto
2026-07-28,Castrofilippo,AG,Alto
2026-07-28,Cattolica Eraclea,AG,Alto
2026-07-28,Cianciana,AG,Alto
2026-07-28,Comitini,AG,Alto
2026-07-28,Favara,AG,Alto
2026-07-28,Grotte,AG,Alto
2026-07-28,Joppolo Giancaxio,AG,Alto
2026-07-28,Licata,AG,Alto
2026-07-28,Lucca Sicula,AG,Alto
2026-07-28,Menfi,AG,Alto
2026-07-28,Montallegro,AG,Alto
2026-07-28,Montevago,AG,Alto
2026-07-28,Naro,AG,Alto
2026-07-28,Palma di Montechiaro,AG,Alto
2026-07-28,Porto Empedocle,AG,Alto
2026-07-28,Racalmuto,AG,Alto
2026-07-28,Raffadali,AG,Alto
2026-07-28,Ravanusa,AG,Alto
2026-07-28,Realmonte,AG,Alto
2026-07-28,Ribera,AG,Alto
2026-07-28,Sambuca di Sicilia,AG,Alto
2026-07-28,San Biagio Platani,AG,Alto
2026-07-28,San Giovanni Gemini,AG,Alto
2026-07-28,Santa Elisabetta,AG,Alto
2026-07-28,Santa Margherita di Belice,AG,Alto
2026-07-28,Sant'Angelo Muxaro,AG,Alto
2026-07-28,Santo Stefano Quisquina,AG,Moderato
2026-07-28,Sciacca,AG,Alto
2026-07-28,Siculiana,AG,Alto
2026-07-28,Villafranca Sicula,AG,Alto
2026-07-28,Acquaviva Platani,CL,Alto
2026-07-28,Bompensiere,CL,Alto
2026-07-28,Butera,CL,Alto
2026-07-28,Caltanissetta,CL,Alto
2026-07-28,Campofranco,CL,Alto
2026-07-28,Delia,CL,Alto
2026-07-28,Gela,CL,Alto
2026-07-28,Marianopoli,CL,Alto
2026-07-28,Mazzarino,CL,Alto
2026-07-28,Milena,CL,Alto
2026-07-28,Montedoro,CL,Alto
2026-07-28,Mussomeli,CL,Alto
2026-07-28,Niscemi,CL,Alto
2026-07-28,Resuttano,CL,Alto
2026-07-28,Riesi,CL,Alto
2026-07-28,San Cataldo,CL,Alto
2026-07-28,Santa Caterina Villarmosa,CL,Alto
2026-07-28,Serradifalco,CL,Alto
2026-07-28,Sommatino,CL,Alto
2026-07-28,Sutera,CL,Alto
2026-07-28,Vallelunga Pratameno,CL,Alto
2026-07-28,Villalba,CL,Alto
2026-07-28,Agira,EN,Alto
2026-07-28,Aidone,EN,Alto
2026-07-28,Assoro,EN,Alto
2026-07-28,Barrafranca,EN,Alto
2026-07-28,Calascibetta,EN,Moderato
2026-07-28,Catenanuova,EN,Alto
2026-07-28,Centuripe,EN,Alto
2026-07-28,Cerami,EN,Moderato
2026-07-28,Enna,EN,Moderato
2026-07-28,Gagliano Castelferrato,EN,Moderato
2026-07-28,Leonforte,EN,Alto
2026-07-28,Nicosia,EN,Alto
2026-07-28,Nissoria,EN,Alto
2026-07-28,Piazza Armerina,EN,Moderato
2026-07-28,Pietraperzia,EN,Alto
2026-07-28,Regalbuto,EN,Alto
2026-07-28,Sperlinga,EN,Moderato
2026-07-28,Troina,EN,Alto
2026-07-28,Valguarnera Caropepe,EN,Alto
2026-07-28,Villarosa,EN,Alto
2026-07-28,Aci Bonaccorsi,CT,Alto
2026-07-28,Aci Castello,CT,Alto
2026-07-28,Aci Catena,CT,Alto
2026-07-28,Acireale,CT,Alto
2026-07-28,Aci Sant'Antonio,CT,Alto
2026-07-28,Adrano,CT,Moderato
2026-07-28,Belpasso,CT,Alto
2026-07-28,Biancavilla,CT,Alto
2026-07-28,Bronte,CT,Moderato
2026-07-28,Calatabiano,CT,Alto
2026-07-28,Caltagirone,CT,Alto
2026-07-28,Camporotondo Etneo,CT,Alto
2026-07-28,Castel di Iudica,CT,Alto
2026-07-28,Castiglione di Sicilia,CT,Alto
2026-07-28,Catania,CT,Alto
2026-07-28,Fiumefreddo di Sicilia,CT,Alto
2026-07-28,Giarre,CT,Alto
2026-07-28,Grammichele,CT,Alto
2026-07-28,Gravina di Catania,CT,Alto
2026-07-28,Licodia Eubea,CT,Moderato
2026-07-28,Linguaglossa,CT,Moderato
2026-07-28,Maletto,CT,Moderato
2026-07-28,Mascali,CT,Alto
2026-07-28,Mascalucia,CT,Alto
2026-07-28,Militello in Val di Catania,CT,Alto
2026-07-28,Milo,CT,Moderato
2026-07-28,Mineo,CT,Alto
2026-07-28,Mirabella Imbaccari,CT,Moderato
2026-07-28,Misterbianco,CT,Alto
2026-07-28,Motta Sant'Anastasia,CT,Alto
2026-07-28,Nicolosi,CT,Moderato
2026-07-28,Palagonia,CT,Alto
2026-07-28,Paternò,CT,Alto
2026-07-28,Pedara,CT,Alto
2026-07-28,Piedimonte Etneo,CT,Moderato
2026-07-28,Raddusa,CT,Alto
2026-07-28,Ramacca,CT,Alto
2026-07-28,Randazzo,CT,Moderato
2026-07-28,Riposto,CT,Alto
2026-07-28,San Cono,CT,Moderato
2026-07-28,San Giovanni la Punta,CT,Alto
2026-07-28,San Gregorio di Catania,CT,Alto
2026-07-28,San Michele di Ganzaria,CT,Moderato
2026-07-28,San Pietro Clarenza,CT,Alto
2026-07-28,Sant'Agata li Battiati,CT,Alto
2026-07-28,Sant'Alfio,CT,Moderato
2026-07-28,Santa Maria di Licodia,CT,Alto
2026-07-28,Santa Venerina,CT,Alto
2026-07-28,Scordia,CT,Alto
2026-07-28,Trecastagni,CT,Alto
2026-07-28,Tremestieri Etneo,CT,Alto
2026-07-28,Valverde,CT,Alto
2026-07-28,Viagrande,CT,Alto
2026-07-28,Vizzini,CT,Moderato
2026-07-28,Zafferana Etnea,CT,Moderato
2026-07-28,Mazzarrone,CT,Alto
2026-07-28,Maniace,CT,Moderato
2026-07-28,Ragalna,CT,Moderato
2026-07-28,Acate,RG,Alto
2026-07-28,Chiaramonte Gulfi,RG,Alto
2026-07-28,Comiso,RG,Alto
2026-07-28,Giarratana,RG,Moderato
2026-07-28,Ispica,RG,Alto
2026-07-28,Modica,RG,Alto
2026-07-28,Monterosso Almo,RG,Moderato
2026-07-28,Pozzallo,RG,Alto
2026-07-28,Ragusa,RG,Moderato
2026-07-28,Santa Croce Camerina,RG,Alto
2026-07-28,Scicli,RG,Alto
2026-07-28,Vittoria,RG,Alto
2026-07-28,Augusta,SR,Alto
2026-07-28,Avola,SR,Alto
2026-07-28,Buccheri,SR,Alto
2026-07-28,Buscemi,SR,Moderato
2026-07-28,Canicattini Bagni,SR,Alto
2026-07-28,Carlentini,SR,Alto
2026-07-28,Cassaro,SR,Moderato
2026-07-28,Ferla,SR,Moderato
2026-07-28,Floridia,SR,Alto
2026-07-28,Francofonte,SR,Alto
2026-07-28,Lentini,SR,Alto
2026-07-28,Melilli,SR,Alto
2026-07-28,Noto,SR,Alto
2026-07-28,Pachino,SR,Alto
2026-07-28,Palazzolo Acreide,SR,Moderato
2026-07-28,Rosolini,SR,Alto
2026-07-28,Siracusa,SR,Alto
2026-07-28,Solarino,SR,Alto
2026-07-28,Sortino,SR,Alto
2026-07-28,Portopalo di Capo Passero,SR,Alto
2026-07-28,Priolo Gargallo,SR,Alto
2026-07-29,Alcamo,TP,Alto
2026-07-29,Buseto Palizzolo,TP,Alto
2026-07-29,Calatafimi-Segesta,TP,Alto
2026-07-29,Campobello di Mazara,TP,Alto
2026-07-29,Castellammare del Golfo,TP,Alto
2026-07-29,Castelvetrano,TP,Alto
2026-07-29,Custonaci,TP,Alto
2026-07-29,Erice,TP,Alto
2026-07-29,Favignana,TP,Alto
2026-07-29,Gibellina,TP,Alto
2026-07-29,Marsala,TP,Alto
2026-07-29,Mazara del Vallo,TP,Alto
2026-07-29,Paceco,TP,Alto
2026-07-29,Partanna,TP,Alto
2026-07-29,Poggioreale,TP,Alto
2026-07-29,Salaparuta,TP,Alto
2026-07-29,Salemi,TP,Alto
2026-07-29,Santa Ninfa,TP,Alto
2026-07-29,San Vito Lo Capo,TP,Alto
2026-07-29,Trapani,TP,Alto
2026-07-29,Valderice,TP,Alto
2026-07-29,Vita,TP,Alto
2026-07-29,Petrosino,TP,Alto
2026-07-29,Misiliscemi,TP,Alto
2026-07-29,Alia,PA,Moderato
2026-07-29,Alimena,PA,Moderato
2026-07-29,Aliminusa,PA,Moderato
2026-07-29,Altavilla Milicia,PA,Alto
2026-07-29,Altofonte,PA,Alto
2026-07-29,Bagheria,PA,Alto
2026-07-29,Balestrate,PA,Alto
2026-07-29,Baucina,PA,Alto
2026-07-29,Belmonte Mezzagno,PA,Alto
2026-07-29,Bisacquino,PA,Alto
2026-07-29,Bolognetta,PA,Alto
2026-07-29,Bompietro,PA,Moderato
2026-07-29,Borgetto,PA,Alto
2026-07-29,Caccamo,PA,Alto
2026-07-29,Caltavuturo,PA,Moderato
2026-07-29,Campofelice di Fitalia,PA,Alto
2026-07-29,Campofelice di Roccella,PA,Alto
2026-07-29,Campofiorito,PA,Moderato
2026-07-29,Camporeale,PA,Alto
2026-07-29,Capaci,PA,Alto
2026-07-29,Carini,PA,Alto
2026-07-29,Castelbuono,PA,Alto
2026-07-29,Casteldaccia,PA,Alto
2026-07-29,Castellana Sicula,PA,Moderato
2026-07-29,Castronovo di Sicilia,PA,Alto
2026-07-29,Cefalà Diana,PA,Alto
2026-07-29,Cefalù,PA,Alto
2026-07-29,Cerda,PA,Alto
2026-07-29,Chiusa Sclafani,PA,Moderato
2026-07-29,Ciminna,PA,Alto
2026-07-29,Cinisi,PA,Alto
2026-07-29,Collesano,PA,Alto
2026-07-29,Contessa Entellina,PA,Alto
2026-07-29,Corleone,PA,Moderato
2026-07-29,Ficarazzi,PA,Alto
2026-07-29,Gangi,PA,Moderato
2026-07-29,Geraci Siculo,PA,Moderato
2026-07-29,Giardinello,PA,Alto
2026-07-29,Giuliana,PA,Alto
2026-07-29,Godrano,PA,Moderato
2026-07-29,Gratteri,PA,Alto
2026-07-29,Isnello,PA,Moderato
2026-07-29,Isola delle Femmine,PA,Alto
2026-07-29,Lascari,PA,Alto
2026-07-29,Lercara Friddi,PA,Moderato
2026-07-29,Marineo,PA,Alto
2026-07-29,Mezzojuso,PA,Alto
2026-07-29,Misilmeri,PA,Alto
2026-07-29,Monreale,PA,Alto
2026-07-29,Montelepre,PA,Alto
2026-07-29,Montemaggiore Belsito,PA,Alto
2026-07-29,Palazzo Adriano,PA,Moderato
2026-07-29,Palermo,PA,Alto
2026-07-29,Partinico,PA,Alto
2026-07-29,Petralia Soprana,PA,Moderato
2026-07-29,Petralia Sottana,PA,Moderato
2026-07-29,Piana degli Albanesi,PA,Alto
2026-07-29,Polizzi Generosa,PA,Moderato
2026-07-29,Pollina,PA,Alto
2026-07-29,Prizzi,PA,Moderato
2026-07-29,Roccamena,PA,Alto
2026-07-29,Roccapalumba,PA,Alto
2026-07-29,San Cipirello,PA,Alto
2026-07-29,San Giuseppe Jato,PA,Alto
2026-07-29,San Mauro Castelverde,PA,Alto
2026-07-29,Santa Cristina Gela,PA,Alto
2026-07-29,Santa Flavia,PA,Alto
2026-07-29,Sciara,PA,Alto
2026-07-29,Sclafani Bagni,PA,Moderato
2026-07-29,Termini Imerese,PA,Alto
2026-07-29,Terrasini,PA,Alto
2026-07-29,Torretta,PA,Alto
2026-07-29,Trabia,PA,Alto
2026-07-29,Trappeto,PA,Alto
2026-07-29,Valledolmo,PA,Moderato
2026-07-29,Ventimiglia di Sicilia,PA,Alto
2026-07-29,Vicari,PA,Moderato
2026-07-29,Villabate,PA,Alto
2026-07-29,Villafrati,PA,Alto
2026-07-29,Scillato,PA,Alto
2026-07-29,Blufi,PA,Moderato
2026-07-29,Alcara li Fusi,ME,Moderato
2026-07-29,Alì,ME,Moderato
2026-07-29,Alì Terme,ME,Moderato
2026-07-29,Antillo,ME,Moderato
2026-07-29,Barcellona Pozzo di Gotto,ME,Alto
2026-07-29,Basicò,ME,Alto
2026-07-29,Brolo,ME,Alto
2026-07-29,Capizzi,ME,Moderato
2026-07-29,Capo d'Orlando,ME,Alto
2026-07-29,Capri Leone,ME,Alto
2026-07-29,Caronia,ME,Moderato
2026-07-29,Casalvecchio Siculo,ME,Moderato
2026-07-29,Castel di Lucio,ME,Moderato
2026-07-29,Castell'Umberto,ME,Alto
2026-07-29,Castelmola,ME,Moderato
2026-07-29,Castroreale,ME,Moderato
2026-07-29,Cesarò,ME,Moderato
2026-07-29,Condrò,ME,Alto
2026-07-29,Falcone,ME,Alto
2026-07-29,Ficarra,ME,Alto
2026-07-29,Fiumedinisi,ME,Moderato
2026-07-29,Floresta,ME,Basso
2026-07-29,Fondachelli-Fantina,ME,Moderato
2026-07-29,Forza d'Agrò,ME,Moderato
2026-07-29,Francavilla di Sicilia,ME,Moderato
2026-07-29,Frazzanò,ME,Alto
2026-07-29,Furci Siculo,ME,Moderato
2026-07-29,Furnari,ME,Alto
2026-07-29,Gaggi,ME,Moderato
2026-07-29,Galati Mamertino,ME,Moderato
2026-07-29,Gallodoro,ME,Moderato
2026-07-29,Giardini-Naxos,ME,Alto
2026-07-29,Gioiosa Marea,ME,Alto
2026-07-29,Graniti,ME,Moderato
2026-07-29,Gualtieri Sicaminò,ME,Alto
2026-07-29,Itala,ME,Moderato
2026-07-29,Leni,ME,Alto
2026-07-29,Letojanni,ME,Moderato
2026-07-29,Librizzi,ME,Alto
2026-07-29,Limina,ME,Moderato
2026-07-29,Lipari,ME,Alto
2026-07-29,Longi,ME,Moderato
2026-07-29,Malfa,ME,Alto
2026-07-29,Malvagna,ME,Moderato
2026-07-29,Mandanici,ME,Moderato
2026-07-29,Mazzarrà Sant'Andrea,ME,Alto
2026-07-29,Merì,ME,Alto
2026-07-29,Messina,ME,Moderato
2026-07-29,Milazzo,ME,Alto
2026-07-29,Militello Rosmarino,ME,Moderato
2026-07-29,Mirto,ME,Alto
2026-07-29,Mistretta,ME,Alto
2026-07-29,Moio Alcantara,ME,Moderato
2026-07-29,Monforte San Giorgio,ME,Moderato
2026-07-29,Mongiuffi Melia,ME,Moderato
2026-07-29,Montagnareale,ME,Alto
2026-07-29,Montalbano Elicona,ME,Moderato
2026-07-29,Motta Camastra,ME,Moderato
2026-07-29,Motta d'Affermo,ME,Alto
2026-07-29,Naso,ME,Alto
2026-07-29,Nizza di Sicilia,ME,Moderato
2026-07-29,Novara di Sicilia,ME,Moderato
2026-07-29,Oliveri,ME,Alto
2026-07-29,Pace del Mela,ME,Alto
2026-07-29,Pagliara,ME,Moderato
2026-07-29,Patti,ME,Alto
2026-07-29,Pettineo,ME,Alto
2026-07-29,Piraino,ME,Alto
2026-07-29,Raccuja,ME,Moderato
2026-07-29,Reitano,ME,Alto
2026-07-29,Roccafiorita,ME,Moderato
2026-07-29,Roccalumera,ME,Moderato
2026-07-29,Roccavaldina,ME,Alto
2026-07-29,Roccella Valdemone,ME,Basso
2026-07-29,Rodì Milici,ME,Moderato
2026-07-29,Rometta,ME,Alto
2026-07-29,San Filippo del Mela,ME,Alto
2026-07-29,San Fratello,ME,Moderato
2026-07-29,San Marco d'Alunzio,ME,Alto
2026-07-29,San Pier Niceto,ME,Alto
2026-07-29,San Piero Patti,ME,Moderato
2026-07-29,San Salvatore di Fitalia,ME,Alto
2026-07-29,Santa Domenica Vittoria,ME,Basso
2026-07-29,Sant'Agata di Militello,ME,Alto
2026-07-29,Sant'Alessio Siculo,ME,Alto
2026-07-29,Santa Lucia del Mela,ME,Moderato
2026-07-29,Santa Marina Salina,ME,Alto
2026-07-29,Sant'Angelo di Brolo,ME,Moderato
2026-07-29,Santa Teresa di Riva,ME,Moderato
2026-07-29,San Teodoro,ME,Moderato
2026-07-29,Santo Stefano di Camastra,ME,Alto
2026-07-29,Saponara,ME,Alto
2026-07-29,Savoca,ME,Moderato
2026-07-29,Scaletta Zanclea,ME,Moderato
2026-07-29,Sinagra,ME,Alto
2026-07-29,Spadafora,ME,Alto
2026-07-29,Taormina,ME,Alto
2026-07-29,Torregrotta,ME,Alto
2026-07-29,Tortorici,ME,Moderato
2026-07-29,Tripi,ME,Alto
2026-07-29,Tusa,ME,Alto
2026-07-29,Ucria,ME,Moderato
2026-07-29,Valdina,ME,Alto
2026-07-29,Venetico,ME,Alto
2026-07-29,Villafranca Tirrena,ME,Alto
2026-07-29,Terme Vigliatore,ME,Alto
2026-07-29,Acquedolci,ME,Alto
2026-07-29,Torrenova,ME,Alto
2026-07-29,Agrigento,AG,Alto
2026-07-29,Alessandria della Rocca,AG,Alto
2026-07-29,Aragona,AG,Alto
2026-07-29,Bivona,AG,Alto
2026-07-29,Burgio,AG,Moderato
2026-07-29,Calamonaci,AG,Alto
2026-07-29,Caltabellotta,AG,Moderato
2026-07-29,Camastra,AG,Alto
2026-07-29,Cammarata,AG,Alto
2026-07-29,Campobello di Licata,AG,Alto
2026-07-29,Canicattì,AG,Alto
2026-07-29,Casteltermini,AG,Alto
2026-07-29,Castrofilippo,AG,Alto
2026-07-29,Cattolica Eraclea,AG,Alto
2026-07-29,Cianciana,AG,Alto
2026-07-29,Comitini,AG,Alto
2026-07-29,Favara,AG,Alto
2026-07-29,Grotte,AG,Alto
2026-07-29,Joppolo Giancaxio,AG,Alto
2026-07-29,Licata,AG,Alto
2026-07-29,Lucca Sicula,AG,Alto
2026-07-29,Menfi,AG,Alto
2026-07-29,Montallegro,AG,Alto
2026-07-29,Montevago,AG,Alto
2026-07-29,Naro,AG,Alto
2026-07-29,Palma di Montechiaro,AG,Alto
2026-07-29,Porto Empedocle,AG,Alto
2026-07-29,Racalmuto,AG,Alto
2026-07-29,Raffadali,AG,Alto
2026-07-29,Ravanusa,AG,Alto
2026-07-29,Realmonte,AG,Alto
2026-07-29,Ribera,AG,Alto
2026-07-29,Sambuca di Sicilia,AG,Alto
2026-07-29,San Biagio Platani,AG,Alto
2026-07-29,San Giovanni Gemini,AG,Moderato
2026-07-29,Santa Elisabetta,AG,Alto
2026-07-29,Santa Margherita di Belice,AG,Alto
2026-07-29,Sant'Angelo Muxaro,AG,Alto
2026-07-29,Santo Stefano Quisquina,AG,Moderato
2026-07-29,Sciacca,AG,Alto
2026-07-29,Siculiana,AG,Alto
2026-07-29,Villafranca Sicula,AG,Alto
2026-07-29,Acquaviva Platani,CL,Alto
2026-07-29,Bompensiere,CL,Alto
2026-07-29,Butera,CL,Alto
2026-07-29,Caltanissetta,CL,Alto
2026-07-29,Campofranco,CL,Alto
2026-07-29,Delia,CL,Alto
2026-07-29,Gela,CL,Alto
2026-07-29,Marianopoli,CL,Moderato
2026-07-29,Mazzarino,CL,Alto
2026-07-29,Milena,CL,Alto
2026-07-29,Montedoro,CL,Alto
2026-07-29,Mussomeli,CL,Moderato
2026-07-29,Niscemi,CL,Alto
2026-07-29,Resuttano,CL,Moderato
2026-07-29,Riesi,CL,Alto
2026-07-29,San Cataldo,CL,Alto
2026-07-29,Santa Caterina Villarmosa,CL,Moderato
2026-07-29,Serradifalco,CL,Alto
2026-07-29,Sommatino,CL,Alto
2026-07-29,Sutera,CL,Alto
2026-07-29,Vallelunga Pratameno,CL,Moderato
2026-07-29,Villalba,CL,Moderato
2026-07-29,Agira,EN,Moderato
2026-07-29,Aidone,EN,Alto
2026-07-29,Assoro,EN,Alto
2026-07-29,Barrafranca,EN,Alto
2026-07-29,Calascibetta,EN,Moderato
2026-07-29,Catenanuova,EN,Moderato
2026-07-29,Centuripe,EN,Moderato
2026-07-29,Cerami,EN,Moderato
2026-07-29,Enna,EN,Moderato
2026-07-29,Gagliano Castelferrato,EN,Moderato
2026-07-29,Leonforte,EN,Moderato
2026-07-29,Nicosia,EN,Moderato
2026-07-29,Nissoria,EN,Moderato
2026-07-29,Piazza Armerina,EN,Moderato
2026-07-29,Pietraperzia,EN,Alto
2026-07-29,Regalbuto,EN,Moderato
2026-07-29,Sperlinga,EN,Moderato
2026-07-29,Troina,EN,Moderato
2026-07-29,Valguarnera Caropepe,EN,Moderato
2026-07-29,Villarosa,EN,Moderato
2026-07-29,Aci Bonaccorsi,CT,Moderato
2026-07-29,Aci Castello,CT,Alto
2026-07-29,Aci Catena,CT,Moderato
2026-07-29,Acireale,CT,Alto
2026-07-29,Aci Sant'Antonio,CT,Moderato
2026-07-29,Adrano,CT,Moderato
2026-07-29,Belpasso,CT,Moderato
2026-07-29,Biancavilla,CT,Moderato
2026-07-29,Bronte,CT,Moderato
2026-07-29,Calatabiano,CT,Alto
2026-07-29,Caltagirone,CT,Alto
2026-07-29,Camporotondo Etneo,CT,Moderato
2026-07-29,Castel di Iudica,CT,Moderato
2026-07-29,Castiglione di Sicilia,CT,Moderato
2026-07-29,Catania,CT,Alto
2026-07-29,Fiumefreddo di Sicilia,CT,Alto
2026-07-29,Giarre,CT,Moderato
2026-07-29,Grammichele,CT,Alto
2026-07-29,Gravina di Catania,CT,Moderato
2026-07-29,Licodia Eubea,CT,Alto
2026-07-29,Linguaglossa,CT,Basso
2026-07-29,Maletto,CT,Moderato
2026-07-29,Mascali,CT,Moderato
2026-07-29,Mascalucia,CT,Moderato
2026-07-29,Militello in Val di Catania,CT,Moderato
2026-07-29,Milo,CT,Moderato
2026-07-29,Mineo,CT,Alto
2026-07-29,Mirabella Imbaccari,CT,Alto
2026-07-29,Misterbianco,CT,Alto
2026-07-29,Motta Sant'Anastasia,CT,Alto
2026-07-29,Nicolosi,CT,Basso
2026-07-29,Palagonia,CT,Alto
2026-07-29,Paternò,CT,Alto
2026-07-29,Pedara,CT,Moderato
2026-07-29,Piedimonte Etneo,CT,Moderato
2026-07-29,Raddusa,CT,Alto
2026-07-29,Ramacca,CT,Alto
2026-07-29,Randazzo,CT,Moderato
2026-07-29,Riposto,CT,Alto
2026-07-29,San Cono,CT,Alto
2026-07-29,San Giovanni la Punta,CT,Moderato
2026-07-29,San Gregorio di Catania,CT,Moderato
2026-07-29,San Michele di Ganzaria,CT,Alto
2026-07-29,San Pietro Clarenza,CT,Moderato
2026-07-29,Sant'Agata li Battiati,CT,Alto
2026-07-29,Sant'Alfio,CT,Basso
2026-07-29,Santa Maria di Licodia,CT,Moderato
2026-07-29,Santa Venerina,CT,Moderato
2026-07-29,Scordia,CT,Alto
2026-07-29,Trecastagni,CT,Moderato
2026-07-29,Tremestieri Etneo,CT,Moderato
2026-07-29,Valverde,CT,Moderato
2026-07-29,Viagrande,CT,Moderato
2026-07-29,Vizzini,CT,Moderato
2026-07-29,Zafferana Etnea,CT,Basso
2026-07-29,Mazzarrone,CT,Alto
2026-07-29,Maniace,CT,Moderato
2026-07-29,Ragalna,CT,Basso
2026-07-29,Acate,RG,Alto
2026-07-29,Chiaramonte Gulfi,RG,Alto
2026-07-29,Comiso,RG,Alto
2026-07-29,Giarratana,RG,Moderato
2026-07-29,Ispica,RG,Alto
2026-07-29,Modica,RG,Moderato
2026-07-29,Monterosso Almo,RG,Moderato
2026-07-29,Pozzallo,RG,Alto
2026-07-29,Ragusa,RG,Moderato
2026-07-29,Santa Croce Camerina,RG,Alto
2026-07-29,Scicli,RG,Alto
2026-07-29,Vittoria,RG,Alto
2026-07-29,Augusta,SR,Alto
2026-07-29,Avola,SR,Alto
2026-07-29,Buccheri,SR,Moderato
2026-07-29,Buscemi,SR,Moderato
2026-07-29,Canicattini Bagni,SR,Alto
2026-07-29,Carlentini,SR,Alto
2026-07-29,Cassaro,SR,Moderato
2026-07-29,Ferla,SR,Moderato
2026-07-29,Floridia,SR,Alto
2026-07-29,Francofonte,SR,Alto
2026-07-29,Lentini,SR,Alto
2026-07-29,Melilli,SR,Alto
2026-07-29,Noto,SR,Alto
2026-07-29,Pachino,SR,Alto
2026-07-29,Palazzolo Acreide,SR,Alto
2026-07-29,Rosolini,SR,Alto
2026-07-29,Siracusa,SR,Alto
2026-07-29,Solarino,SR,Alto
2026-07-29,Sortino,SR,Alto
2026-07-29,Portopalo di Capo Passero,SR,Alto
2026-07-29,Priolo Gargallo,SR,Alto
2026-07-30,Alcamo,TP,Alto
2026-07-30,Buseto Palizzolo,TP,Alto
2026-07-30,Calatafimi-Segesta,TP,Alto
2026-07-30,Campobello di Mazara,TP,Alto
2026-07-30,Castellammare del Golfo,TP,Alto
2026-07-30,Castelvetrano,TP,Alto
2026-07-30,Custonaci,TP,Alto
2026-07-30,Erice,TP,Alto
2026-07-30,Favignana,TP,Alto
2026-07-30,Gibellina,TP,Alto
2026-07-30,Marsala,TP,Alto
2026-07-30,Mazara del Vallo,TP,Alto
2026-07-30,Paceco,TP,Alto
2026-07-30,Partanna,TP,Alto
2026-07-30,Poggioreale,TP,Alto
2026-07-30,Salaparuta,TP,Alto
2026-07-30,Salemi,TP,Alto
2026-07-30,Santa Ninfa,TP,Alto
2026-07-30,San Vito Lo Capo,TP,Alto
2026-07-30,Trapani,TP,Alto
2026-07-30,Valderice,TP,Alto
2026-07-30,Vita,TP,Alto
2026-07-30,Petrosino,TP,Alto
2026-07-30,Misiliscemi,TP,Alto
2026-07-30,Alia,PA,Alto
2026-07-30,Alimena,PA,Moderato
2026-07-30,Aliminusa,PA,Alto
2026-07-30,Altavilla Milicia,PA,Alto
2026-07-30,Altofonte,PA,Moderato
2026-07-30,Bagheria,PA,Alto
2026-07-30,Balestrate,PA,Alto
2026-07-30,Baucina,PA,Alto
2026-07-30,Belmonte Mezzagno,PA,Alto
2026-07-30,Bisacquino,PA,Moderato
2026-07-30,Bolognetta,PA,Alto
2026-07-30,Bompietro,PA,Moderato
2026-07-30,Borgetto,PA,Alto
2026-07-30,Caccamo,PA,Alto
2026-07-30,Caltavuturo,PA,Moderato
2026-07-30,Campofelice di Fitalia,PA,Alto
2026-07-30,Campofelice di Roccella,PA,Alto
2026-07-30,Campofiorito,PA,Moderato
2026-07-30,Camporeale,PA,Alto
2026-07-30,Capaci,PA,Alto
2026-07-30,Carini,PA,Alto
2026-07-30,Castelbuono,PA,Alto
2026-07-30,Casteldaccia,PA,Alto
2026-07-30,Castellana Sicula,PA,Moderato
2026-07-30,Castronovo di Sicilia,PA,Moderato
2026-07-30,Cefalà Diana,PA,Moderato
2026-07-30,Cefalù,PA,Alto
2026-07-30,Cerda,PA,Alto
2026-07-30,Chiusa Sclafani,PA,Alto
2026-07-30,Ciminna,PA,Alto
2026-07-30,Cinisi,PA,Alto
2026-07-30,Collesano,PA,Alto
2026-07-30,Contessa Entellina,PA,Alto
2026-07-30,Corleone,PA,Alto
2026-07-30,Ficarazzi,PA,Alto
2026-07-30,Gangi,PA,Moderato
2026-07-30,Geraci Siculo,PA,Moderato
2026-07-30,Giardinello,PA,Alto
2026-07-30,Giuliana,PA,Alto
2026-07-30,Godrano,PA,Moderato
2026-07-30,Gratteri,PA,Alto
2026-07-30,Isnello,PA,Moderato
2026-07-30,Isola delle Femmine,PA,Alto
2026-07-30,Lascari,PA,Alto
2026-07-30,Lercara Friddi,PA,Alto
2026-07-30,Marineo,PA,Moderato
2026-07-30,Mezzojuso,PA,Alto
2026-07-30,Misilmeri,PA,Alto
2026-07-30,Monreale,PA,Alto
2026-07-30,Montelepre,PA,Moderato
2026-07-30,Montemaggiore Belsito,PA,Moderato
2026-07-30,Palazzo Adriano,PA,Moderato
2026-07-30,Palermo,PA,Alto
2026-07-30,Partinico,PA,Alto
2026-07-30,Petralia Soprana,PA,Moderato
2026-07-30,Petralia Sottana,PA,Alto
2026-07-30,Piana degli Albanesi,PA,Moderato
2026-07-30,Polizzi Generosa,PA,Alto
2026-07-30,Pollina,PA,Alto
2026-07-30,Prizzi,PA,Moderato
2026-07-30,Roccamena,PA,Alto
2026-07-30,Roccapalumba,PA,Alto
2026-07-30,San Cipirello,PA,Alto
2026-07-30,San Giuseppe Jato,PA,Alto
2026-07-30,San Mauro Castelverde,PA,Moderato
2026-07-30,Santa Cristina Gela,PA,Moderato
2026-07-30,Santa Flavia,PA,Alto
2026-07-30,Sciara,PA,Alto
2026-07-30,Sclafani Bagni,PA,Alto
2026-07-30,Termini Imerese,PA,Alto
2026-07-30,Terrasini,PA,Alto
2026-07-30,Torretta,PA,Alto
2026-07-30,Trabia,PA,Alto
2026-07-30,Trappeto,PA,Alto
2026-07-30,Valledolmo,PA,Alto
2026-07-30,Ventimiglia di Sicilia,PA,Moderato
2026-07-30,Vicari,PA,Moderato
2026-07-30,Villabate,PA,Alto
2026-07-30,Villafrati,PA,Alto
2026-07-30,Scillato,PA,Moderato
2026-07-30,Blufi,PA,Moderato
2026-07-30,Alcara li Fusi,ME,Moderato
2026-07-30,Alì,ME,Moderato
2026-07-30,Alì Terme,ME,Moderato
2026-07-30,Antillo,ME,Moderato
2026-07-30,Barcellona Pozzo di Gotto,ME,Alto
2026-07-30,Basicò,ME,Moderato
2026-07-30,Brolo,ME,Alto
2026-07-30,Capizzi,ME,Moderato
2026-07-30,Capo d'Orlando,ME,Alto
2026-07-30,Capri Leone,ME,Alto
2026-07-30,Caronia,ME,Moderato
2026-07-30,Casalvecchio Siculo,ME,Moderato
2026-07-30,Castel di Lucio,ME,Moderato
2026-07-30,Castell'Umberto,ME,Alto
2026-07-30,Castelmola,ME,Moderato
2026-07-30,Castroreale,ME,Alto
2026-07-30,Cesarò,ME,Moderato
2026-07-30,Condrò,ME,Alto
2026-07-30,Falcone,ME,Alto
2026-07-30,Ficarra,ME,Alto
2026-07-30,Fiumedinisi,ME,Moderato
2026-07-30,Floresta,ME,Moderato
2026-07-30,Fondachelli-Fantina,ME,Alto
2026-07-30,Forza d'Agrò,ME,Moderato
2026-07-30,Francavilla di Sicilia,ME,Moderato
2026-07-30,Frazzanò,ME,Alto
2026-07-30,Furci Siculo,ME,Moderato
2026-07-30,Furnari,ME,Alto
2026-07-30,Gaggi,ME,Moderato
2026-07-30,Galati Mamertino,ME,Moderato
2026-07-30,Gallodoro,ME,Moderato
2026-07-30,Giardini-Naxos,ME,Moderato
2026-07-30,Gioiosa Marea,ME,Alto
2026-07-30,Graniti,ME,Moderato
2026-07-30,Gualtieri Sicaminò,ME,Alto
2026-07-30,Itala,ME,Moderato
2026-07-30,Leni,ME,Alto
2026-07-30,Letojanni,ME,Moderato
2026-07-30,Librizzi,ME,Alto
2026-07-30,Limina,ME,Moderato
2026-07-30,Lipari,ME,Alto
2026-07-30,Longi,ME,Moderato
2026-07-30,Malfa,ME,Alto
2026-07-30,Malvagna,ME,Moderato
2026-07-30,Mandanici,ME,Moderato
2026-07-30,Mazzarrà Sant'Andrea,ME,Alto
2026-07-30,Merì,ME,Alto
2026-07-30,Messina,ME,Alto
2026-07-30,Milazzo,ME,Alto
2026-07-30,Militello Rosmarino,ME,Moderato
2026-07-30,Mirto,ME,Alto
2026-07-30,Mistretta,ME,Moderato
2026-07-30,Moio Alcantara,ME,Moderato
2026-07-30,Monforte San Giorgio,ME,Alto
2026-07-30,Mongiuffi Melia,ME,Moderato
2026-07-30,Montagnareale,ME,Alto
2026-07-30,Montalbano Elicona,ME,Moderato
2026-07-30,Motta Camastra,ME,Moderato
2026-07-30,Motta d'Affermo,ME,Alto
2026-07-30,Naso,ME,Alto
2026-07-30,Nizza di Sicilia,ME,Moderato
2026-07-30,Novara di Sicilia,ME,Moderato
2026-07-30,Oliveri,ME,Alto
2026-07-30,Pace del Mela,ME,Alto
2026-07-30,Pagliara,ME,Moderato
2026-07-30,Patti,ME,Alto
2026-07-30,Pettineo,ME,Alto
2026-07-30,Piraino,ME,Alto
2026-07-30,Raccuja,ME,Moderato
2026-07-30,Reitano,ME,Alto
2026-07-30,Roccafiorita,ME,Moderato
2026-07-30,Roccalumera,ME,Moderato
2026-07-30,Roccavaldina,ME,Alto
2026-07-30,Roccella Valdemone,ME,Moderato
2026-07-30,Rodì Milici,ME,Alto
2026-07-30,Rometta,ME,Alto
2026-07-30,San Filippo del Mela,ME,Alto
2026-07-30,San Fratello,ME,Moderato
2026-07-30,San Marco d'Alunzio,ME,Alto
2026-07-30,San Pier Niceto,ME,Alto
2026-07-30,San Piero Patti,ME,Moderato
2026-07-30,San Salvatore di Fitalia,ME,Alto
2026-07-30,Santa Domenica Vittoria,ME,Moderato
2026-07-30,Sant'Agata di Militello,ME,Alto
2026-07-30,Sant'Alessio Siculo,ME,Moderato
2026-07-30,Santa Lucia del Mela,ME,Alto
2026-07-30,Santa Marina Salina,ME,Alto
2026-07-30,Sant'Angelo di Brolo,ME,Alto
2026-07-30,Santa Teresa di Riva,ME,Moderato
2026-07-30,San Teodoro,ME,Moderato
2026-07-30,Santo Stefano di Camastra,ME,Alto
2026-07-30,Saponara,ME,Alto
2026-07-30,Savoca,ME,Moderato
2026-07-30,Scaletta Zanclea,ME,Moderato
2026-07-30,Sinagra,ME,Alto
2026-07-30,Spadafora,ME,Alto
2026-07-30,Taormina,ME,Moderato
2026-07-30,Torregrotta,ME,Alto
2026-07-30,Tortorici,ME,Moderato
2026-07-30,Tripi,ME,Alto
2026-07-30,Tusa,ME,Alto
2026-07-30,Ucria,ME,Moderato
2026-07-30,Valdina,ME,Alto
2026-07-30,Venetico,ME,Alto
2026-07-30,Villafranca Tirrena,ME,Alto
2026-07-30,Terme Vigliatore,ME,Alto
2026-07-30,Acquedolci,ME,Alto
2026-07-30,Torrenova,ME,Alto
2026-07-30,Agrigento,AG,Moderato
2026-07-30,Alessandria della Rocca,AG,Moderato
2026-07-30,Aragona,AG,Alto
2026-07-30,Bivona,AG,Moderato
2026-07-30,Burgio,AG,Moderato
2026-07-30,Calamonaci,AG,Alto
2026-07-30,Caltabellotta,AG,Moderato
2026-07-30,Camastra,AG,Moderato
2026-07-30,Cammarata,AG,Alto
2026-07-30,Campobello di Licata,AG,Alto
2026-07-30,Canicattì,AG,Moderato
2026-07-30,Casteltermini,AG,Moderato
2026-07-30,Castrofilippo,AG,Alto
2026-07-30,Cattolica Eraclea,AG,Moderato
2026-07-30,Cianciana,AG,Alto
2026-07-30,Comitini,AG,Moderato
2026-07-30,Favara,AG,Moderato
2026-07-30,Grotte,AG,Alto
2026-07-30,Joppolo Giancaxio,AG,Moderato
2026-07-30,Licata,AG,Alto
2026-07-30,Lucca Sicula,AG,Moderato
2026-07-30,Menfi,AG,Alto
2026-07-30,Montallegro,AG,Alto
2026-07-30,Montevago,AG,Alto
2026-07-30,Naro,AG,Alto
2026-07-30,Palma di Montechiaro,AG,Alto
2026-07-30,Porto Empedocle,AG,Alto
2026-07-30,Racalmuto,AG,Alto
2026-07-30,Raffadali,AG,Moderato
2026-07-30,Ravanusa,AG,Alto
2026-07-30,Realmonte,AG,Alto
2026-07-30,Ribera,AG,Alto
2026-07-30,Sambuca di Sicilia,AG,Alto
2026-07-30,San Biagio Platani,AG,Moderato
2026-07-30,San Giovanni Gemini,AG,Alto
2026-07-30,Santa Elisabetta,AG,Alto
2026-07-30,Santa Margherita di Belice,AG,Alto
2026-07-30,Sant'Angelo Muxaro,AG,Alto
2026-07-30,Santo Stefano Quisquina,AG,Moderato
2026-07-30,Sciacca,AG,Alto
2026-07-30,Siculiana,AG,Moderato
2026-07-30,Villafranca Sicula,AG,Alto
2026-07-30,Acquaviva Platani,CL,Moderato
2026-07-30,Bompensiere,CL,Alto
2026-07-30,Butera,CL,Moderato
2026-07-30,Caltanissetta,CL,Moderato
2026-07-30,Campofranco,CL,Alto
2026-07-30,Delia,CL,Moderato
2026-07-30,Gela,CL,Alto
2026-07-30,Marianopoli,CL,Alto
2026-07-30,Mazzarino,CL,Alto
2026-07-30,Milena,CL,Alto
2026-07-30,Montedoro,CL,Alto
2026-07-30,Mussomeli,CL,Alto
2026-07-30,Niscemi,CL,Alto
2026-07-30,Resuttano,CL,Moderato
2026-07-30,Riesi,CL,Alto
2026-07-30,San Cataldo,CL,Alto
2026-07-30,Santa Caterina Villarmosa,CL,Moderato
2026-07-30,Serradifalco,CL,Alto
2026-07-30,Sommatino,CL,Alto
2026-07-30,Sutera,CL,Alto
2026-07-30,Vallelunga Pratameno,CL,Alto
2026-07-30,Villalba,CL,Alto
2026-07-30,Agira,EN,Moderato
2026-07-30,Aidone,EN,Moderato
2026-07-30,Assoro,EN,Moderato
2026-07-30,Barrafranca,EN,Alto
2026-07-30,Calascibetta,EN,Moderato
2026-07-30,Catenanuova,EN,Moderato
2026-07-30,Centuripe,EN,Moderato
2026-07-30,Cerami,EN,Moderato
2026-07-30,Enna,EN,Moderato
2026-07-30,Gagliano Castelferrato,EN,Moderato
2026-07-30,Leonforte,EN,Moderato
2026-07-30,Nicosia,EN,Moderato
2026-07-30,Nissoria,EN,Moderato
2026-07-30,Piazza Armerina,EN,Moderato
2026-07-30,Pietraperzia,EN,Moderato
2026-07-30,Regalbuto,EN,Moderato
2026-07-30,Sperlinga,EN,Moderato
2026-07-30,Troina,EN,Moderato
2026-07-30,Valguarnera Caropepe,EN,Moderato
2026-07-30,Villarosa,EN,Moderato
2026-07-30,Aci Bonaccorsi,CT,Moderato
2026-07-30,Aci Castello,CT,Alto
2026-07-30,Aci Catena,CT,Moderato
2026-07-30,Acireale,CT,Moderato
2026-07-30,Aci Sant'Antonio,CT,Moderato
2026-07-30,Adrano,CT,Moderato
2026-07-30,Belpasso,CT,Moderato
2026-07-30,Biancavilla,CT,Moderato
2026-07-30,Bronte,CT,Moderato
2026-07-30,Calatabiano,CT,Moderato
2026-07-30,Caltagirone,CT,Alto
2026-07-30,Camporotondo Etneo,CT,Moderato
2026-07-30,Castel di Iudica,CT,Moderato
2026-07-30,Castiglione di Sicilia,CT,Moderato
2026-07-30,Catania,CT,Moderato
2026-07-30,Fiumefreddo di Sicilia,CT,Moderato
2026-07-30,Giarre,CT,Moderato
2026-07-30,Grammichele,CT,Alto
2026-07-30,Gravina di Catania,CT,Moderato
2026-07-30,Licodia Eubea,CT,Alto
2026-07-30,Linguaglossa,CT,Moderato
2026-07-30,Maletto,CT,Moderato
2026-07-30,Mascali,CT,Moderato
2026-07-30,Mascalucia,CT,Moderato
2026-07-30,Militello in Val di Catania,CT,Moderato
2026-07-30,Milo,CT,Moderato
2026-07-30,Mineo,CT,Alto
2026-07-30,Mirabella Imbaccari,CT,Alto
2026-07-30,Misterbianco,CT,Moderato
2026-07-30,Motta Sant'Anastasia,CT,Moderato
2026-07-30,Nicolosi,CT,Basso
2026-07-30,Palagonia,CT,Alto
2026-07-30,Paternò,CT,Moderato
2026-07-30,Pedara,CT,Moderato
2026-07-30,Piedimonte Etneo,CT,Moderato
2026-07-30,Raddusa,CT,Moderato
2026-07-30,Ramacca,CT,Moderato
2026-07-30,Randazzo,CT,Moderato
2026-07-30,Riposto,CT,Alto
2026-07-30,San Cono,CT,Moderato
2026-07-30,San Giovanni la Punta,CT,Moderato
2026-07-30,San Gregorio di Catania,CT,Moderato
2026-07-30,San Michele di Ganzaria,CT,Alto
2026-07-30,San Pietro Clarenza,CT,Moderato
2026-07-30,Sant'Agata li Battiati,CT,Moderato
2026-07-30,Sant'Alfio,CT,Basso
2026-07-30,Santa Maria di Licodia,CT,Moderato
2026-07-30,Santa Venerina,CT,Moderato
2026-07-30,Scordia,CT,Alto
2026-07-30,Trecastagni,CT,Moderato
2026-07-30,Tremestieri Etneo,CT,Moderato
2026-07-30,Valverde,CT,Moderato
2026-07-30,Viagrande,CT,Moderato
2026-07-30,Vizzini,CT,Moderato
2026-07-30,Zafferana Etnea,CT,Moderato
2026-07-30,Mazzarrone,CT,Alto
2026-07-30,Maniace,CT,Moderato
2026-07-30,Ragalna,CT,Moderato
2026-07-30,Acate,RG,Alto
2026-07-30,Chiaramonte Gulfi,RG,Alto
2026-07-30,Comiso,RG,Alto
2026-07-30,Giarratana,RG,Moderato
2026-07-30,Ispica,RG,Alto
2026-07-30,Modica,RG,Moderato
2026-07-30,Monterosso Almo,RG,Alto
2026-07-30,Pozzallo,RG,Alto
2026-07-30,Ragusa,RG,Moderato
2026-07-30,Santa Croce Camerina,RG,Alto
2026-07-30,Scicli,RG,Alto
2026-07-30,Vittoria,RG,Alto
2026-07-30,Augusta,SR,Alto
2026-07-30,Avola,SR,Alto
2026-07-30,Buccheri,SR,Moderato
2026-07-30,Buscemi,SR,Moderato
2026-07-30,Canicattini Bagni,SR,Alto
2026-07-30,Carlentini,SR,Alto
2026-07-30,Cassaro,SR,Moderato
2026-07-30,Ferla,SR,Moderato
2026-07-30,Floridia,SR,Alto
2026-07-30,Francofonte,SR,Alto
2026-07-30,Lentini,SR,Alto
2026-07-30,Melilli,SR,Moderato
2026-07-30,Noto,SR,Moderato
2026-07-30,Pachino,SR,Alto
2026-07-30,Palazzolo Acreide,SR,Moderato
2026-07-30,Rosolini,SR,Moderato
2026-07-30,Siracusa,SR,Alto
2026-07-30,Solarino,SR,Alto
2026-07-30,Sortino,SR,Moderato
2026-07-30,Portopalo di Capo Passero,SR,Alto
2026-07-30,Priolo Gargallo,SR,Alto
2026-07-31,Alcamo,TP,Alto
2026-07-31,Buseto Palizzolo,TP,Alto
2026-07-31,Calatafimi-Segesta,TP,Alto
2026-07-31,Campobello di Mazara,TP,Alto
2026-07-31,Castellammare del Golfo,TP,Alto
2026-07-31,Castelvetrano,TP,Alto
2026-07-31,Custonaci,TP,Alto
2026-07-31,Erice,TP,Alto
2026-07-31,Favignana,TP,Alto
2026-07-31,Gibellina,TP,Moderato
2026-07-31,Marsala,TP,Alto
2026-07-31,Mazara del Vallo,TP,Alto
2026-07-31,Paceco,TP,Alto
2026-07-31,Partanna,TP,Alto
2026-07-31,Poggioreale,TP,Alto
2026-07-31,Salaparuta,TP,Alto
2026-07-31,Salemi,TP,Alto
2026-07-31,Santa Ninfa,TP,Moderato
2026-07-31,San Vito Lo Capo,TP,Alto
2026-07-31,Trapani,TP,Alto
2026-07-31,Valderice,TP,Alto
2026-07-31,Vita,TP,Moderato
2026-07-31,Petrosino,TP,Alto
2026-07-31,Misiliscemi,TP,Alto
2026-07-31,Alia,PA,Moderato
2026-07-31,Alimena,PA,Moderato
2026-07-31,Aliminusa,PA,Moderato
2026-07-31,Altavilla Milicia,PA,Alto
2026-07-31,Altofonte,PA,Moderato
2026-07-31,Bagheria,PA,Alto
2026-07-31,Balestrate,PA,Alto
2026-07-31,Baucina,PA,Moderato
2026-07-31,Belmonte Mezzagno,PA,Moderato
2026-07-31,Bisacquino,PA,Moderato
2026-07-31,Bolognetta,PA,Alto
2026-07-31,Bompietro,PA,Moderato
2026-07-31,Borgetto,PA,Moderato
2026-07-31,Caccamo,PA,Moderato
2026-07-31,Caltavuturo,PA,Moderato
2026-07-31,Campofelice di Fitalia,PA,Alto
2026-07-31,Campofelice di Roccella,PA,Alto
2026-07-31,Campofiorito,PA,Moderato
2026-07-31,Camporeale,PA,Alto
2026-07-31,Capaci,PA,Alto
2026-07-31,Carini,PA,Alto
2026-07-31,Castelbuono,PA,Alto
2026-07-31,Casteldaccia,PA,Alto
2026-07-31,Castellana Sicula,PA,Moderato
2026-07-31,Castronovo di Sicilia,PA,Moderato
2026-07-31,Cefalà Diana,PA,Moderato
2026-07-31,Cefalù,PA,Alto
2026-07-31,Cerda,PA,Alto
2026-07-31,Chiusa Sclafani,PA,Moderato
2026-07-31,Ciminna,PA,Moderato
2026-07-31,Cinisi,PA,Alto
2026-07-31,Collesano,PA,Alto
2026-07-31,Contessa Entellina,PA,Alto
2026-07-31,Corleone,PA,Moderato
2026-07-31,Ficarazzi,PA,Alto
2026-07-31,Gangi,PA,Moderato
2026-07-31,Geraci Siculo,PA,Moderato
2026-07-31,Giardinello,PA,Moderato
2026-07-31,Giuliana,PA,Moderato
2026-07-31,Godrano,PA,Moderato
2026-07-31,Gratteri,PA,Moderato
2026-07-31,Isnello,PA,Moderato
2026-07-31,Isola delle Femmine,PA,Alto
2026-07-31,Lascari,PA,Alto
2026-07-31,Lercara Friddi,PA,Moderato
2026-07-31,Marineo,PA,Moderato
2026-07-31,Mezzojuso,PA,Moderato
2026-07-31,Misilmeri,PA,Alto
2026-07-31,Monreale,PA,Alto
2026-07-31,Montelepre,PA,Moderato
2026-07-31,Montemaggiore Belsito,PA,Moderato
2026-07-31,Palazzo Adriano,PA,Moderato
2026-07-31,Palermo,PA,Alto
2026-07-31,Partinico,PA,Alto
2026-07-31,Petralia Soprana,PA,Moderato
2026-07-31,Petralia Sottana,PA,Alto
2026-07-31,Piana degli Albanesi,PA,Moderato
2026-07-31,Polizzi Generosa,PA,Moderato
2026-07-31,Pollina,PA,Alto
2026-07-31,Prizzi,PA,Moderato
2026-07-31,Roccamena,PA,Alto
2026-07-31,Roccapalumba,PA,Moderato
2026-07-31,San Cipirello,PA,Alto
2026-07-31,San Giuseppe Jato,PA,Alto
2026-07-31,San Mauro Castelverde,PA,Moderato
2026-07-31,Santa Cristina Gela,PA,Moderato
2026-07-31,Santa Flavia,PA,Alto
2026-07-31,Sciara,PA,Alto
2026-07-31,Sclafani Bagni,PA,Moderato
2026-07-31,Termini Imerese,PA,Alto
2026-07-31,Terrasini,PA,Alto
2026-07-31,Torretta,PA,Alto
2026-07-31,Trabia,PA,Alto
2026-07-31,Trappeto,PA,Alto
2026-07-31,Valledolmo,PA,Moderato
2026-07-31,Ventimiglia di Sicilia,PA,Moderato
2026-07-31,Vicari,PA,Moderato
2026-07-31,Villabate,PA,Alto
2026-07-31,Villafrati,PA,Alto
2026-07-31,Scillato,PA,Moderato
2026-07-31,Blufi,PA,Moderato
2026-07-31,Alcara li Fusi,ME,Moderato
2026-07-31,Alì,ME,Alto
2026-07-31,Alì Terme,ME,Alto
2026-07-31,Antillo,ME,Moderato
2026-07-31,Barcellona Pozzo di Gotto,ME,Alto
2026-07-31,Basicò,ME,Alto
2026-07-31,Brolo,ME,Alto
2026-07-31,Capizzi,ME,Moderato
2026-07-31,Capo d'Orlando,ME,Alto
2026-07-31,Capri Leone,ME,Alto
2026-07-31,Caronia,ME,Moderato
2026-07-31,Casalvecchio Siculo,ME,Alto
2026-07-31,Castel di Lucio,ME,Moderato
2026-07-31,Castell'Umberto,ME,Moderato
2026-07-31,Castelmola,ME,Alto
2026-07-31,Castroreale,ME,Moderato
2026-07-31,Cesarò,ME,Moderato
2026-07-31,Condrò,ME,Alto
2026-07-31,Falcone,ME,Alto
2026-07-31,Ficarra,ME,Alto
2026-07-31,Fiumedinisi,ME,Moderato
2026-07-31,Floresta,ME,Moderato
2026-07-31,Fondachelli-Fantina,ME,Moderato
2026-07-31,Forza d'Agrò,ME,Alto
2026-07-31,Francavilla di Sicilia,ME,Moderato
2026-07-31,Frazzanò,ME,Moderato
2026-07-31,Furci Siculo,ME,Alto
2026-07-31,Furnari,ME,Alto
2026-07-31,Gaggi,ME,Alto
2026-07-31,Galati Mamertino,ME,Moderato
2026-07-31,Gallodoro,ME,Alto
2026-07-31,Giardini-Naxos,ME,Alto
2026-07-31,Gioiosa Marea,ME,Alto
2026-07-31,Graniti,ME,Alto
2026-07-31,Gualtieri Sicaminò,ME,Alto
2026-07-31,Itala,ME,Alto
2026-07-31,Leni,ME,Alto
2026-07-31,Letojanni,ME,Alto
2026-07-31,Librizzi,ME,Alto
2026-07-31,Limina,ME,Moderato
2026-07-31,Lipari,ME,Alto
2026-07-31,Longi,ME,Moderato
2026-07-31,Malfa,ME,Alto
2026-07-31,Malvagna,ME,Alto
2026-07-31,Mandanici,ME,Moderato
2026-07-31,Mazzarrà Sant'Andrea,ME,Alto
2026-07-31,Merì,ME,Alto
2026-07-31,Messina,ME,Alto
2026-07-31,Milazzo,ME,Alto
2026-07-31,Militello Rosmarino,ME,Moderato
2026-07-31,Mirto,ME,Alto
2026-07-31,Mistretta,ME,Moderato
2026-07-31,Moio Alcantara,ME,Alto
2026-07-31,Monforte San Giorgio,ME,Alto
2026-07-31,Mongiuffi Melia,ME,Alto
2026-07-31,Montagnareale,ME,Alto
2026-07-31,Montalbano Elicona,ME,Moderato
2026-07-31,Motta Camastra,ME,Alto
2026-07-31,Motta d'Affermo,ME,Alto
2026-07-31,Naso,ME,Alto
2026-07-31,Nizza di Sicilia,ME,Alto
2026-07-31,Novara di Sicilia,ME,Moderato
2026-07-31,Oliveri,ME,Alto
2026-07-31,Pace del Mela,ME,Alto
2026-07-31,Pagliara,ME,Alto
2026-07-31,Patti,ME,Alto
2026-07-31,Pettineo,ME,Moderato
2026-07-31,Piraino,ME,Alto
2026-07-31,Raccuja,ME,Moderato
2026-07-31,Reitano,ME,Moderato
2026-07-31,Roccafiorita,ME,Moderato
2026-07-31,Roccalumera,ME,Alto
2026-07-31,Roccavaldina,ME,Alto
2026-07-31,Roccella Valdemone,ME,Moderato
2026-07-31,Rodì Milici,ME,Moderato
2026-07-31,Rometta,ME,Alto
2026-07-31,San Filippo del Mela,ME,Alto
2026-07-31,San Fratello,ME,Moderato
2026-07-31,San Marco d'Alunzio,ME,Moderato
2026-07-31,San Pier Niceto,ME,Alto
2026-07-31,San Piero Patti,ME,Moderato
2026-07-31,San Salvatore di Fitalia,ME,Moderato
2026-07-31,Santa Domenica Vittoria,ME,Moderato
2026-07-31,Sant'Agata di Militello,ME,Alto
2026-07-31,Sant'Alessio Siculo,ME,Alto
2026-07-31,Santa Lucia del Mela,ME,Moderato
2026-07-31,Santa Marina Salina,ME,Alto
2026-07-31,Sant'Angelo di Brolo,ME,Moderato
2026-07-31,Santa Teresa di Riva,ME,Alto
2026-07-31,San Teodoro,ME,Alto
2026-07-31,Santo Stefano di Camastra,ME,Alto
2026-07-31,Saponara,ME,Alto
2026-07-31,Savoca,ME,Alto
2026-07-31,Scaletta Zanclea,ME,Alto
2026-07-31,Sinagra,ME,Moderato
2026-07-31,Spadafora,ME,Alto
2026-07-31,Taormina,ME,Alto
2026-07-31,Torregrotta,ME,Alto
2026-07-31,Tortorici,ME,Moderato
2026-07-31,Tripi,ME,Alto
2026-07-31,Tusa,ME,Alto
2026-07-31,Ucria,ME,Moderato
2026-07-31,Valdina,ME,Alto
2026-07-31,Venetico,ME,Alto
2026-07-31,Villafranca Tirrena,ME,Alto
2026-07-31,Terme Vigliatore,ME,Alto
2026-07-31,Acquedolci,ME,Alto
2026-07-31,Torrenova,ME,Alto
2026-07-31,Agrigento,AG,Alto
2026-07-31,Alessandria della Rocca,AG,Alto
2026-07-31,Aragona,AG,Alto
2026-07-31,Bivona,AG,Alto
2026-07-31,Burgio,AG,Alto
2026-07-31,Calamonaci,AG,Alto
2026-07-31,Caltabellotta,AG,Alto
2026-07-31,Camastra,AG,Alto
2026-07-31,Cammarata,AG,Moderato
2026-07-31,Campobello di Licata,AG,Alto
2026-07-31,Canicattì,AG,Alto
2026-07-31,Casteltermini,AG,Alto
2026-07-31,Castrofilippo,AG,Alto
2026-07-31,Cattolica Eraclea,AG,Alto
2026-07-31,Cianciana,AG,Alto
2026-07-31,Comitini,AG,Alto
2026-07-31,Favara,AG,Alto
2026-07-31,Grotte,AG,Alto
2026-07-31,Joppolo Giancaxio,AG,Alto
2026-07-31,Licata,AG,Alto
2026-07-31,Lucca Sicula,AG,Alto
2026-07-31,Menfi,AG,Alto
2026-07-31,Montallegro,AG,Alto
2026-07-31,Montevago,AG,Alto
2026-07-31,Naro,AG,Alto
2026-07-31,Palma di Montechiaro,AG,Alto
2026-07-31,Porto Empedocle,AG,Alto
2026-07-31,Racalmuto,AG,Alto
2026-07-31,Raffadali,AG,Alto
2026-07-31,Ravanusa,AG,Alto
2026-07-31,Realmonte,AG,Alto
2026-07-31,Ribera,AG,Alto
2026-07-31,Sambuca di Sicilia,AG,Alto
2026-07-31,San Biagio Platani,AG,Alto
2026-07-31,San Giovanni Gemini,AG,Moderato
2026-07-31,Santa Elisabetta,AG,Alto
2026-07-31,Santa Margherita di Belice,AG,Alto
2026-07-31,Sant'Angelo Muxaro,AG,Alto
2026-07-31,Santo Stefano Quisquina,AG,Moderato
2026-07-31,Sciacca,AG,Alto
2026-07-31,Siculiana,AG,Alto
2026-07-31,Villafranca Sicula,AG,Alto
2026-07-31,Acquaviva Platani,CL,Moderato
2026-07-31,Bompensiere,CL,Alto
2026-07-31,Butera,CL,Alto
2026-07-31,Caltanissetta,CL,Alto
2026-07-31,Campofranco,CL,Alto
2026-07-31,Delia,CL,Alto
2026-07-31,Gela,CL,Alto
2026-07-31,Marianopoli,CL,Moderato
2026-07-31,Mazzarino,CL,Alto
2026-07-31,Milena,CL,Alto
2026-07-31,Montedoro,CL,Alto
2026-07-31,Mussomeli,CL,Alto
2026-07-31,Niscemi,CL,Alto
2026-07-31,Resuttano,CL,Alto
2026-07-31,Riesi,CL,Alto
2026-07-31,San Cataldo,CL,Alto
2026-07-31,Santa Caterina Villarmosa,CL,Alto
2026-07-31,Serradifalco,CL,Alto
2026-07-31,Sommatino,CL,Alto
2026-07-31,Sutera,CL,Alto
2026-07-31,Vallelunga Pratameno,CL,Moderato
2026-07-31,Villalba,CL,Moderato
2026-07-31,Agira,EN,Alto
2026-07-31,Aidone,EN,Alto
2026-07-31,Assoro,EN,Alto
2026-07-31,Barrafranca,EN,Alto
2026-07-31,Calascibetta,EN,Alto
2026-07-31,Catenanuova,EN,Alto
2026-07-31,Centuripe,EN,Alto
2026-07-31,Cerami,EN,Moderato
2026-07-31,Enna,EN,Alto
2026-07-31,Gagliano Castelferrato,EN,Moderato
2026-07-31,Leonforte,EN,Alto
2026-07-31,Nicosia,EN,Moderato
2026-07-31,Nissoria,EN,Alto
2026-07-31,Piazza Armerina,EN,Moderato
2026-07-31,Pietraperzia,EN,Alto
2026-07-31,Regalbuto,EN,Alto
2026-07-31,Sperlinga,EN,Moderato
2026-07-31,Troina,EN,Moderato
2026-07-31,Valguarnera Caropepe,EN,Alto
2026-07-31,Villarosa,EN,Moderato
2026-07-31,Aci Bonaccorsi,CT,Alto
2026-07-31,Aci Castello,CT,Alto
2026-07-31,Aci Catena,CT,Alto
2026-07-31,Acireale,CT,Alto
2026-07-31,Aci Sant'Antonio,CT,Alto
2026-07-31,Adrano,CT,Moderato
2026-07-31,Belpasso,CT,Alto
2026-07-31,Biancavilla,CT,Moderato
2026-07-31,Bronte,CT,Alto
2026-07-31,Calatabiano,CT,Alto
2026-07-31,Caltagirone,CT,Alto
2026-07-31,Camporotondo Etneo,CT,Alto
2026-07-31,Castel di Iudica,CT,Alto
2026-07-31,Castiglione di Sicilia,CT,Alto
2026-07-31,Catania,CT,Alto
2026-07-31,Fiumefreddo di Sicilia,CT,Alto
2026-07-31,Giarre,CT,Alto
2026-07-31,Grammichele,CT,Alto
2026-07-31,Gravina di Catania,CT,Alto
2026-07-31,Licodia Eubea,CT,Alto
2026-07-31,Linguaglossa,CT,Moderato
2026-07-31,Maletto,CT,Moderato
2026-07-31,Mascali,CT,Alto
2026-07-31,Mascalucia,CT,Moderato
2026-07-31,Militello in Val di Catania,CT,Alto
2026-07-31,Milo,CT,Moderato
2026-07-31,Mineo,CT,Alto
2026-07-31,Mirabella Imbaccari,CT,Alto
2026-07-31,Misterbianco,CT,Alto
2026-07-31,Motta Sant'Anastasia,CT,Alto
2026-07-31,Nicolosi,CT,Moderato
2026-07-31,Palagonia,CT,Alto
2026-07-31,Paternò,CT,Alto
2026-07-31,Pedara,CT,Moderato
2026-07-31,Piedimonte Etneo,CT,Moderato
2026-07-31,Raddusa,CT,Alto
2026-07-31,Ramacca,CT,Alto
2026-07-31,Randazzo,CT,Alto
2026-07-31,Riposto,CT,Alto
2026-07-31,San Cono,CT,Alto
2026-07-31,San Giovanni la Punta,CT,Alto
2026-07-31,San Gregorio di Catania,CT,Alto
2026-07-31,San Michele di Ganzaria,CT,Alto
2026-07-31,San Pietro Clarenza,CT,Alto
2026-07-31,Sant'Agata li Battiati,CT,Alto
2026-07-31,Sant'Alfio,CT,Moderato
2026-07-31,Santa Maria di Licodia,CT,Alto
2026-07-31,Santa Venerina,CT,Alto
2026-07-31,Scordia,CT,Alto
2026-07-31,Trecastagni,CT,Moderato
2026-07-31,Tremestieri Etneo,CT,Alto
2026-07-31,Valverde,CT,Alto
2026-07-31,Viagrande,CT,Moderato
2026-07-31,Vizzini,CT,Alto
2026-07-31,Zafferana Etnea,CT,Moderato
2026-07-31,Mazzarrone,CT,Alto
2026-07-31,Maniace,CT,Moderato
2026-07-31,Ragalna,CT,Moderato
2026-07-31,Acate,RG,Alto
2026-07-31,Chiaramonte Gulfi,RG,Alto
2026-07-31,Comiso,RG,Alto
2026-07-31,Giarratana,RG,Alto
2026-07-31,Ispica,RG,Alto
2026-07-31,Modica,RG,Alto
2026-07-31,Monterosso Almo,RG,Alto
2026-07-31,Pozzallo,RG,Alto
2026-07-31,Ragusa,RG,Moderato
2026-07-31,Santa Croce Camerina,RG,Alto
2026-07-31,Scicli,RG,Alto
2026-07-31,Vittoria,RG,Alto
2026-07-31,Augusta,SR,Alto
2026-07-31,Avola,SR,Alto
2026-07-31,Buccheri,SR,Alto
2026-07-31,Buscemi,SR,Alto
2026-07-31,Canicattini Bagni,SR,Alto
2026-07-31,Carlentini,SR,Alto
2026-07-31,Cassaro,SR,Alto
2026-07-31,Ferla,SR,Alto
2026-07-31,Floridia,SR,Alto
2026-07-31,Francofonte,SR,Alto
2026-07-31,Lentini,SR,Alto
2026-07-31,Melilli,SR,Alto
2026-07-31,Noto,SR,Alto
2026-07-31,Pachino,SR,Alto
2026-07-31,Palazzolo Acreide,SR,Alto
2026-07-31,Rosolini,SR,Alto
2026-07-31,Siracusa,SR,Alto
2026-07-31,Solarino,SR,Alto
2026-07-31,Sortino,SR,Alto
2026-07-31,Portopalo di Capo Passero,SR,Alto
2026-07-31,Priolo Gargallo,SR,Alto
2026-08-01,Alcamo,TP,Moderato
2026-08-01,Buseto Palizzolo,TP,Alto
2026-08-01,Calatafimi-Segesta,TP,Alto
2026-08-01,Campobello di Mazara,TP,Alto
2026-08-01,Castellammare del Golfo,TP,Moderato
2026-08-01,Castelvetrano,TP,Alto
2026-08-01,Custonaci,TP,Moderato
2026-08-01,Erice,TP,Alto
2026-08-01,Favignana,TP,Alto
2026-08-01,Gibellina,TP,Moderato
2026-08-01,Marsala,TP,Alto
2026-08-01,Mazara del Vallo,TP,Alto
2026-08-01,Paceco,TP,Alto
2026-08-01,Partanna,TP,Alto
2026-08-01,Poggioreale,TP,Alto
2026-08-01,Salaparuta,TP,Alto
2026-08-01,Salemi,TP,Alto
2026-08-01,Santa Ninfa,TP,Alto
2026-08-01,San Vito Lo Capo,TP,Alto
2026-08-01,Trapani,TP,Alto
2026-08-01,Valderice,TP,Alto
2026-08-01,Vita,TP,Moderato
2026-08-01,Petrosino,TP,Alto
2026-08-01,Misiliscemi,TP,Alto
2026-08-01,Alia,PA,Moderato
2026-08-01,Alimena,PA,Alto
2026-08-01,Aliminusa,PA,Moderato
2026-08-01,Altavilla Milicia,PA,Alto
2026-08-01,Altofonte,PA,Moderato
2026-08-01,Bagheria,PA,Alto
2026-08-01,Balestrate,PA,Alto
2026-08-01,Baucina,PA,Alto
2026-08-01,Belmonte Mezzagno,PA,Moderato
2026-08-01,Bisacquino,PA,Alto
2026-08-01,Bolognetta,PA,Alto
2026-08-01,Bompietro,PA,Alto
2026-08-01,Borgetto,PA,Moderato
2026-08-01,Caccamo,PA,Alto
2026-08-01,Caltavuturo,PA,Moderato
2026-08-01,Campofelice di Fitalia,PA,Alto
2026-08-01,Campofelice di Roccella,PA,Alto
2026-08-01,Campofiorito,PA,Moderato
2026-08-01,Camporeale,PA,Moderato
2026-08-01,Capaci,PA,Alto
2026-08-01,Carini,PA,Alto
2026-08-01,Castelbuono,PA,Alto
2026-08-01,Casteldaccia,PA,Alto
2026-08-01,Castellana Sicula,PA,Moderato
2026-08-01,Castronovo di Sicilia,PA,Moderato
2026-08-01,Cefalà Diana,PA,Moderato
2026-08-01,Cefalù,PA,Alto
2026-08-01,Cerda,PA,Alto
2026-08-01,Chiusa Sclafani,PA,Alto
2026-08-01,Ciminna,PA,Alto
2026-08-01,Cinisi,PA,Alto
2026-08-01,Collesano,PA,Alto
2026-08-01,Contessa Entellina,PA,Alto
2026-08-01,Corleone,PA,Moderato
2026-08-01,Ficarazzi,PA,Alto
2026-08-01,Gangi,PA,Moderato
2026-08-01,Geraci Siculo,PA,Moderato
2026-08-01,Giardinello,PA,Moderato
2026-08-01,Giuliana,PA,Alto
2026-08-01,Godrano,PA,Moderato
2026-08-01,Gratteri,PA,Alto
2026-08-01,Isnello,PA,Moderato
2026-08-01,Isola delle Femmine,PA,Alto
2026-08-01,Lascari,PA,Alto
2026-08-01,Lercara Friddi,PA,Moderato
2026-08-01,Marineo,PA,Moderato
2026-08-01,Mezzojuso,PA,Moderato
2026-08-01,Misilmeri,PA,Alto
2026-08-01,Monreale,PA,Alto
2026-08-01,Montelepre,PA,Moderato
2026-08-01,Montemaggiore Belsito,PA,Moderato
2026-08-01,Palazzo Adriano,PA,Moderato
2026-08-01,Palermo,PA,Alto
2026-08-01,Partinico,PA,Alto
2026-08-01,Petralia Soprana,PA,Alto
2026-08-01,Petralia Sottana,PA,Alto
2026-08-01,Piana degli Albanesi,PA,Moderato
2026-08-01,Polizzi Generosa,PA,Moderato
2026-08-01,Pollina,PA,Alto
2026-08-01,Prizzi,PA,Moderato
2026-08-01,Roccamena,PA,Alto
2026-08-01,Roccapalumba,PA,Alto
2026-08-01,San Cipirello,PA,Alto
2026-08-01,San Giuseppe Jato,PA,Alto
2026-08-01,San Mauro Castelverde,PA,Moderato
2026-08-01,Santa Cristina Gela,PA,Moderato
2026-08-01,Santa Flavia,PA,Alto
2026-08-01,Sciara,PA,Alto
2026-08-01,Sclafani Bagni,PA,Moderato
2026-08-01,Termini Imerese,PA,Alto
2026-08-01,Terrasini,PA,Alto
2026-08-01,Torretta,PA,Alto
2026-08-01,Trabia,PA,Alto
2026-08-01,Trappeto,PA,Alto
2026-08-01,Valledolmo,PA,Moderato
2026-08-01,Ventimiglia di Sicilia,PA,Moderato
2026-08-01,Vicari,PA,Moderato
2026-08-01,Villabate,PA,Alto
2026-08-01,Villafrati,PA,Alto
2026-08-01,Scillato,PA,Moderato
2026-08-01,Blufi,PA,Alto
2026-08-01,Alcara li Fusi,ME,Moderato
2026-08-01,Alì,ME,Alto
2026-08-01,Alì Terme,ME,Alto
2026-08-01,Antillo,ME,Moderato
2026-08-01,Barcellona Pozzo di Gotto,ME,Alto
2026-08-01,Basicò,ME,Alto
2026-08-01,Brolo,ME,Alto
2026-08-01,Capizzi,ME,Moderato
2026-08-01,Capo d'Orlando,ME,Alto
2026-08-01,Capri Leone,ME,Alto
2026-08-01,Caronia,ME,Moderato
2026-08-01,Casalvecchio Siculo,ME,Alto
2026-08-01,Castel di Lucio,ME,Moderato
2026-08-01,Castell'Umberto,ME,Alto
2026-08-01,Castelmola,ME,Alto
2026-08-01,Castroreale,ME,Moderato
2026-08-01,Cesarò,ME,Moderato
2026-08-01,Condrò,ME,Alto
2026-08-01,Falcone,ME,Alto
2026-08-01,Ficarra,ME,Alto
2026-08-01,Fiumedinisi,ME,Moderato
2026-08-01,Floresta,ME,Moderato
2026-08-01,Fondachelli-Fantina,ME,Moderato
2026-08-01,Forza d'Agrò,ME,Alto
2026-08-01,Francavilla di Sicilia,ME,Moderato
2026-08-01,Frazzanò,ME,Alto
2026-08-01,Furci Siculo,ME,Alto
2026-08-01,Furnari,ME,Alto
2026-08-01,Gaggi,ME,Alto
2026-08-01,Galati Mamertino,ME,Moderato
2026-08-01,Gallodoro,ME,Alto
2026-08-01,Giardini-Naxos,ME,Alto
2026-08-01,Gioiosa Marea,ME,Alto
2026-08-01,Graniti,ME,Alto
2026-08-01,Gualtieri Sicaminò,ME,Alto
2026-08-01,Itala,ME,Alto
2026-08-01,Leni,ME,Alto
2026-08-01,Letojanni,ME,Alto
2026-08-01,Librizzi,ME,Alto
2026-08-01,Limina,ME,Moderato
2026-08-01,Lipari,ME,Alto
2026-08-01,Longi,ME,Moderato
2026-08-01,Malfa,ME,Alto
2026-08-01,Malvagna,ME,Alto
2026-08-01,Mandanici,ME,Moderato
2026-08-01,Mazzarrà Sant'Andrea,ME,Alto
2026-08-01,Merì,ME,Alto
2026-08-01,Messina,ME,Alto
2026-08-01,Milazzo,ME,Alto
2026-08-01,Militello Rosmarino,ME,Moderato
2026-08-01,Mirto,ME,Alto
2026-08-01,Mistretta,ME,Moderato
2026-08-01,Moio Alcantara,ME,Alto
2026-08-01,Monforte San Giorgio,ME,Alto
2026-08-01,Mongiuffi Melia,ME,Alto
2026-08-01,Montagnareale,ME,Alto
2026-08-01,Montalbano Elicona,ME,Moderato
2026-08-01,Motta Camastra,ME,Alto
2026-08-01,Motta d'Affermo,ME,Alto
2026-08-01,Naso,ME,Alto
2026-08-01,Nizza di Sicilia,ME,Alto
2026-08-01,Novara di Sicilia,ME,Moderato
2026-08-01,Oliveri,ME,Alto
2026-08-01,Pace del Mela,ME,Alto
2026-08-01,Pagliara,ME,Alto
2026-08-01,Patti,ME,Alto
2026-08-01,Pettineo,ME,Alto
2026-08-01,Piraino,ME,Alto
2026-08-01,Raccuja,ME,Moderato
2026-08-01,Reitano,ME,Alto
2026-08-01,Roccafiorita,ME,Moderato
2026-08-01,Roccalumera,ME,Alto
2026-08-01,Roccavaldina,ME,Alto
2026-08-01,Roccella Valdemone,ME,Moderato
2026-08-01,Rodì Milici,ME,Moderato
2026-08-01,Rometta,ME,Alto
2026-08-01,San Filippo del Mela,ME,Alto
2026-08-01,San Fratello,ME,Moderato
2026-08-01,San Marco d'Alunzio,ME,Moderato
2026-08-01,San Pier Niceto,ME,Alto
2026-08-01,San Piero Patti,ME,Alto
2026-08-01,San Salvatore di Fitalia,ME,Alto
2026-08-01,Santa Domenica Vittoria,ME,Alto
2026-08-01,Sant'Agata di Militello,ME,Alto
2026-08-01,Sant'Alessio Siculo,ME,Alto
2026-08-01,Santa Lucia del Mela,ME,Moderato
2026-08-01,Santa Marina Salina,ME,Alto
2026-08-01,Sant'Angelo di Brolo,ME,Moderato
2026-08-01,Santa Teresa di Riva,ME,Alto
2026-08-01,San Teodoro,ME,Moderato
2026-08-01,Santo Stefano di Camastra,ME,Alto
2026-08-01,Saponara,ME,Alto
2026-08-01,Savoca,ME,Alto
2026-08-01,Scaletta Zanclea,ME,Alto
2026-08-01,Sinagra,ME,Alto
2026-08-01,Spadafora,ME,Alto
2026-08-01,Taormina,ME,Alto
2026-08-01,Torregrotta,ME,Alto
2026-08-01,Tortorici,ME,Moderato
2026-08-01,Tripi,ME,Alto
2026-08-01,Tusa,ME,Alto
2026-08-01,Ucria,ME,Moderato
2026-08-01,Valdina,ME,Alto
2026-08-01,Venetico,ME,Alto
2026-08-01,Villafranca Tirrena,ME,Alto
2026-08-01,Terme Vigliatore,ME,Alto
2026-08-01,Acquedolci,ME,Alto
2026-08-01,Torrenova,ME,Alto
2026-08-01,Agrigento,AG,Alto
2026-08-01,Alessandria della Rocca,AG,Alto
2026-08-01,Aragona,AG,Alto
2026-08-01,Bivona,AG,Alto
2026-08-01,Burgio,AG,Alto
2026-08-01,Calamonaci,AG,Alto
2026-08-01,Caltabellotta,AG,Alto
2026-08-01,Camastra,AG,Alto
2026-08-01,Cammarata,AG,Alto
2026-08-01,Campobello di Licata,AG,Alto
2026-08-01,Canicattì,AG,Alto
2026-08-01,Casteltermini,AG,Alto
2026-08-01,Castrofilippo,AG,Alto
2026-08-01,Cattolica Eraclea,AG,Alto
2026-08-01,Cianciana,AG,Alto
2026-08-01,Comitini,AG,Alto
2026-08-01,Favara,AG,Alto
2026-08-01,Grotte,AG,Alto
2026-08-01,Joppolo Giancaxio,AG,Alto
2026-08-01,Licata,AG,Alto
2026-08-01,Lucca Sicula,AG,Alto
2026-08-01,Menfi,AG,Alto
2026-08-01,Montallegro,AG,Alto
2026-08-01,Montevago,AG,Alto
2026-08-01,Naro,AG,Alto
2026-08-01,Palma di Montechiaro,AG,Alto
2026-08-01,Porto Empedocle,AG,Alto
2026-08-01,Racalmuto,AG,Alto
2026-08-01,Raffadali,AG,Alto
2026-08-01,Ravanusa,AG,Alto
2026-08-01,Realmonte,AG,Alto
2026-08-01,Ribera,AG,Alto
2026-08-01,Sambuca di Sicilia,AG,Alto
2026-08-01,San Biagio Platani,AG,Alto
2026-08-01,San Giovanni Gemini,AG,Moderato
2026-08-01,Santa Elisabetta,AG,Alto
2026-08-01,Santa Margherita di Belice,AG,Alto
2026-08-01,Sant'Angelo Muxaro,AG,Alto
2026-08-01,Santo Stefano Quisquina,AG,Alto
2026-08-01,Sciacca,AG,Alto
2026-08-01,Siculiana,AG,Alto
2026-08-01,Villafranca Sicula,AG,Alto
2026-08-01,Acquaviva Platani,CL,Alto
2026-08-01,Bompensiere,CL,Alto
2026-08-01,Butera,CL,Alto
2026-08-01,Caltanissetta,CL,Alto
2026-08-01,Campofranco,CL,Alto
2026-08-01,Delia,CL,Alto
2026-08-01,Gela,CL,Alto
2026-08-01,Marianopoli,CL,Moderato
2026-08-01,Mazzarino,CL,Alto
2026-08-01,Milena,CL,Alto
2026-08-01,Montedoro,CL,Alto
2026-08-01,Mussomeli,CL,Alto
2026-08-01,Niscemi,CL,Alto
2026-08-01,Resuttano,CL,Alto
2026-08-01,Riesi,CL,Alto
2026-08-01,San Cataldo,CL,Alto
2026-08-01,Santa Caterina Villarmosa,CL,Alto
2026-08-01,Serradifalco,CL,Alto
2026-08-01,Sommatino,CL,Alto
2026-08-01,Sutera,CL,Alto
2026-08-01,Vallelunga Pratameno,CL,Alto
2026-08-01,Villalba,CL,Moderato
2026-08-01,Agira,EN,Alto
2026-08-01,Aidone,EN,Alto
2026-08-01,Assoro,EN,Alto
2026-08-01,Barrafranca,EN,Alto
2026-08-01,Calascibetta,EN,Alto
2026-08-01,Catenanuova,EN,Alto
2026-08-01,Centuripe,EN,Alto
2026-08-01,Cerami,EN,Alto
2026-08-01,Enna,EN,Alto
2026-08-01,Gagliano Castelferrato,EN,Alto
2026-08-01,Leonforte,EN,Alto
2026-08-01,Nicosia,EN,Alto
2026-08-01,Nissoria,EN,Alto
2026-08-01,Piazza Armerina,EN,Moderato
2026-08-01,Pietraperzia,EN,Alto
2026-08-01,Regalbuto,EN,Alto
2026-08-01,Sperlinga,EN,Moderato
2026-08-01,Troina,EN,Moderato
2026-08-01,Valguarnera Caropepe,EN,Alto
2026-08-01,Villarosa,EN,Alto
2026-08-01,Aci Bonaccorsi,CT,Alto
2026-08-01,Aci Castello,CT,Alto
2026-08-01,Aci Catena,CT,Alto
2026-08-01,Acireale,CT,Alto
2026-08-01,Aci Sant'Antonio,CT,Alto
2026-08-01,Adrano,CT,Moderato
2026-08-01,Belpasso,CT,Alto
2026-08-01,Biancavilla,CT,Moderato
2026-08-01,Bronte,CT,Moderato
2026-08-01,Calatabiano,CT,Alto
2026-08-01,Caltagirone,CT,Alto
2026-08-01,Camporotondo Etneo,CT,Moderato
2026-08-01,Castel di Iudica,CT,Alto
2026-08-01,Castiglione di Sicilia,CT,Alto
2026-08-01,Catania,CT,Alto
2026-08-01,Fiumefreddo di Sicilia,CT,Alto
2026-08-01,Giarre,CT,Alto
2026-08-01,Grammichele,CT,Alto
2026-08-01,Gravina di Catania,CT,Alto
2026-08-01,Licodia Eubea,CT,Alto
2026-08-01,Linguaglossa,CT,Moderato
2026-08-01,Maletto,CT,Moderato
2026-08-01,Mascali,CT,Alto
2026-08-01,Mascalucia,CT,Moderato
2026-08-01,Militello in Val di Catania,CT,Alto
2026-08-01,Milo,CT,Moderato
2026-08-01,Mineo,CT,Alto
2026-08-01,Mirabella Imbaccari,CT,Alto
2026-08-01,Misterbianco,CT,Alto
2026-08-01,Motta Sant'Anastasia,CT,Alto
2026-08-01,Nicolosi,CT,Basso
2026-08-01,Palagonia,CT,Alto
2026-08-01,Paternò,CT,Alto
2026-08-01,Pedara,CT,Moderato
2026-08-01,Piedimonte Etneo,CT,Moderato
2026-08-01,Raddusa,CT,Alto
2026-08-01,Ramacca,CT,Alto
2026-08-01,Randazzo,CT,Moderato
2026-08-01,Riposto,CT,Alto
2026-08-01,San Cono,CT,Moderato
2026-08-01,San Giovanni la Punta,CT,Alto
2026-08-01,San Gregorio di Catania,CT,Alto
2026-08-01,San Michele di Ganzaria,CT,Moderato
2026-08-01,San Pietro Clarenza,CT,Moderato
2026-08-01,Sant'Agata li Battiati,CT,Alto
2026-08-01,Sant'Alfio,CT,Moderato
2026-08-01,Santa Maria di Licodia,CT,Moderato
2026-08-01,Santa Venerina,CT,Alto
2026-08-01,Scordia,CT,Alto
2026-08-01,Trecastagni,CT,Moderato
2026-08-01,Tremestieri Etneo,CT,Alto
2026-08-01,Valverde,CT,Alto
2026-08-01,Viagrande,CT,Alto
2026-08-01,Vizzini,CT,Alto
2026-08-01,Zafferana Etnea,CT,Moderato
2026-08-01,Mazzarrone,CT,Alto
2026-08-01,Maniace,CT,Moderato
2026-08-01,Ragalna,CT,Moderato
2026-08-01,Acate,RG,Alto
2026-08-01,Chiaramonte Gulfi,RG,Alto
2026-08-01,Comiso,RG,Alto
2026-08-01,Giarratana,RG,Moderato
2026-08-01,Ispica,RG,Alto
2026-08-01,Modica,RG,Alto
2026-08-01,Monterosso Almo,RG,Moderato
2026-08-01,Pozzallo,RG,Alto
2026-08-01,Ragusa,RG,Moderato
2026-08-01,Santa Croce Camerina,RG,Alto
2026-08-01,Scicli,RG,Alto
2026-08-01,Vittoria,RG,Alto
2026-08-01,Augusta,SR,Alto
2026-08-01,Avola,SR,Alto
2026-08-01,Buccheri,SR,Moderato
2026-08-01,Buscemi,SR,Alto
2026-08-01,Canicattini Bagni,SR,Alto
2026-08-01,Carlentini,SR,Alto
2026-08-01,Cassaro,SR,Alto
2026-08-01,Ferla,SR,Alto
2026-08-01,Floridia,SR,Alto
2026-08-01,Francofonte,SR,Alto
2026-08-01,Lentini,SR,Alto
2026-08-01,Melilli,SR,Alto
2026-08-01,Noto,SR,Alto
2026-08-01,Pachino,SR,Alto
2026-08-01,Palazzolo Acreide,SR,Alto
2026-08-01,Rosolini,SR,Alto
2026-08-01,Siracusa,SR,Alto
2026-08-01,Solarino,SR,Alto
2026-08-01,Sortino,SR,Alto
2026-08-01,Portopalo di Capo Passero,SR,Alto
2026-08-01,Priolo Gargallo,SR,Alto
