timestamp,comune,provincia,temperatura
2026-08-06T12:01:25.634Z,Alcamo,TP,32.6
2026-08-06T12:01:25.634Z,Buseto Palizzolo,TP,30.4
2026-08-06T12:01:25.634Z,Calatafimi-Segesta,TP,31.9
2026-08-06T12:01:25.634Z,Campobello di Mazara,TP,33.9
2026-08-06T12:01:25.634Z,Castellammare del Golfo,TP,30.4
2026-08-06T12:01:25.634Z,Castelvetrano,TP,34.5
2026-08-06T12:01:25.634Z,Custonaci,TP,29.3
2026-08-06T12:01:25.634Z,Erice,TP,32.2
2026-08-06T12:01:25.634Z,Favignana,TP,31.7
2026-08-06T12:01:25.634Z,Gibellina,TP,32.2
2026-08-06T12:01:25.634Z,Marsala,TP,32
2026-08-06T12:01:25.634Z,Mazara del Vallo,TP,34.2
2026-08-06T12:01:25.634Z,Paceco,TP,31.6
2026-08-06T12:01:25.634Z,Pantelleria,TP,29.8
2026-08-06T12:01:25.634Z,Partanna,TP,34.2
2026-08-06T12:01:25.634Z,Poggioreale,TP,35.7
2026-08-06T12:01:25.634Z,Salaparuta,TP,32.2
2026-08-06T12:01:25.634Z,Salemi,TP,31.8
2026-08-06T12:01:25.634Z,Santa Ninfa,TP,34.5
2026-08-06T12:01:25.634Z,San Vito Lo Capo,TP,31.8
2026-08-06T12:01:25.634Z,Trapani,TP,32.2
2026-08-06T12:01:25.634Z,Valderice,TP,26.5
2026-08-06T12:01:25.634Z,Vita,TP,31.8
2026-08-06T12:01:25.634Z,Petrosino,TP,30.9
2026-08-06T12:01:25.634Z,Misiliscemi,TP,31.6
2026-08-06T12:01:25.634Z,Alia,PA,32.9
2026-08-06T12:01:25.634Z,Alimena,PA,34.1
2026-08-06T12:01:25.634Z,Aliminusa,PA,29.7
2026-08-06T12:01:25.634Z,Altavilla Milicia,PA,30.3
2026-08-06T12:01:25.634Z,Altofonte,PA,29
2026-08-06T12:01:25.634Z,Bagheria,PA,30.8
2026-08-06T12:01:25.634Z,Balestrate,PA,32.6
2026-08-06T12:01:25.634Z,Baucina,PA,31.8
2026-08-06T12:01:25.634Z,Belmonte Mezzagno,PA,29
2026-08-06T12:01:25.634Z,Bisacquino,PA,31.6
2026-08-06T12:01:25.634Z,Bolognetta,PA,29
2026-08-06T12:01:25.634Z,Bompietro,PA,34.1
2026-08-06T12:01:25.634Z,Borgetto,PA,33.1
2026-08-06T12:01:25.634Z,Caccamo,PA,32.4
2026-08-06T12:01:25.634Z,Caltavuturo,PA,28.5
2026-08-06T12:01:25.634Z,Campofelice di Fitalia,PA,32.6
2026-08-06T12:01:25.634Z,Campofelice di Roccella,PA,31.6
2026-08-06T12:01:25.634Z,Campofiorito,PA,31.6
2026-08-06T12:01:25.634Z,Camporeale,PA,31.8
2026-08-06T12:01:25.634Z,Capaci,PA,29.7
2026-08-06T12:01:25.634Z,Carini,PA,31.7
2026-08-06T12:01:25.634Z,Castelbuono,PA,30
2026-08-06T12:01:25.634Z,Casteldaccia,PA,30.3
2026-08-06T12:01:25.634Z,Castellana Sicula,PA,33
2026-08-06T12:01:25.634Z,Castronovo di Sicilia,PA,31.5
2026-08-06T12:01:25.634Z,Cefalà Diana,PA,29.6
2026-08-06T12:01:25.634Z,Cefalù,PA,24.9
2026-08-06T12:01:25.634Z,Cerda,PA,30.1
2026-08-06T12:01:25.634Z,Chiusa Sclafani,PA,33.1
2026-08-06T12:01:25.634Z,Ciminna,PA,30.2
2026-08-06T12:01:25.634Z,Cinisi,PA,31.7
2026-08-06T12:01:25.634Z,Collesano,PA,29.4
2026-08-06T12:01:25.634Z,Contessa Entellina,PA,33.2
2026-08-06T12:01:25.634Z,Corleone,PA,32.6
2026-08-06T12:01:25.634Z,Ficarazzi,PA,30.8
2026-08-06T12:01:25.634Z,Gangi,PA,36.2
2026-08-06T12:01:25.634Z,Geraci Siculo,PA,28.5
2026-08-06T12:01:25.634Z,Giardinello,PA,33.1
2026-08-06T12:01:25.634Z,Giuliana,PA,34.8
2026-08-06T12:01:25.634Z,Godrano,PA,32.6
2026-08-06T12:01:25.634Z,Gratteri,PA,27.3
2026-08-06T12:01:25.634Z,Isnello,PA,24.7
2026-08-06T12:01:25.634Z,Isola delle Femmine,PA,31.4
2026-08-06T12:01:25.634Z,Lascari,PA,31
2026-08-06T12:01:25.634Z,Lercara Friddi,PA,30.2
2026-08-06T12:01:25.634Z,Marineo,PA,29.9
2026-08-06T12:01:25.634Z,Mezzojuso,PA,29.6
2026-08-06T12:01:25.634Z,Misilmeri,PA,31.5
2026-08-06T12:01:25.634Z,Monreale,PA,34.4
2026-08-06T12:01:25.634Z,Montelepre,PA,29.7
2026-08-06T12:01:25.634Z,Montemaggiore Belsito,PA,29.7
2026-08-06T12:01:25.634Z,Palazzo Adriano,PA,25.7
2026-08-06T12:01:25.634Z,Palermo,PA,32.1
2026-08-06T12:01:25.634Z,Partinico,PA,34.3
2026-08-06T12:01:25.634Z,Petralia Soprana,PA,30.7
2026-08-06T12:01:25.634Z,Petralia Sottana,PA,35.5
2026-08-06T12:01:25.634Z,Piana degli Albanesi,PA,31.5
2026-08-06T12:01:25.634Z,Polizzi Generosa,PA,30.7
2026-08-06T12:01:25.634Z,Pollina,PA,28.3
2026-08-06T12:01:25.634Z,Prizzi,PA,31.5
2026-08-06T12:01:25.634Z,Roccamena,PA,33.5
2026-08-06T12:01:25.634Z,Roccapalumba,PA,32.4
2026-08-06T12:01:25.634Z,San Cipirello,PA,31.5
2026-08-06T12:01:25.634Z,San Giuseppe Jato,PA,31.6
2026-08-06T12:01:25.634Z,San Mauro Castelverde,PA,25.7
2026-08-06T12:01:25.634Z,Santa Cristina Gela,PA,29.9
2026-08-06T12:01:25.634Z,Santa Flavia,PA,30.8
2026-08-06T12:01:25.634Z,Sciara,PA,30.1
2026-08-06T12:01:25.634Z,Sclafani Bagni,PA,30.6
2026-08-06T12:01:25.634Z,Termini Imerese,PA,30.1
2026-08-06T12:01:25.634Z,Terrasini,PA,31.7
2026-08-06T12:01:25.634Z,Torretta,PA,29.7
2026-08-06T12:01:25.634Z,Trabia,PA,28.1
2026-08-06T12:01:25.634Z,Trappeto,PA,34.3
2026-08-06T12:01:25.634Z,Valledolmo,PA,30.6
2026-08-06T12:01:25.634Z,Ventimiglia di Sicilia,PA,31.8
2026-08-06T12:01:25.634Z,Vicari,PA,28.9
2026-08-06T12:01:25.634Z,Villabate,PA,33
2026-08-06T12:01:25.634Z,Villafrati,PA,29
2026-08-06T12:01:25.634Z,Scillato,PA,28.5
2026-08-06T12:01:25.634Z,Blufi,PA,34.1
2026-08-06T12:01:25.634Z,Alcara li Fusi,ME,23.4
2026-08-06T12:01:25.634Z,Alì,ME,31.7
2026-08-06T12:01:25.634Z,Alì Terme,ME,30.3
2026-08-06T12:01:25.634Z,Antillo,ME,32.8
2026-08-06T12:01:25.634Z,Barcellona Pozzo di Gotto,ME,33.9
2026-08-06T12:01:25.634Z,Basicò,ME,30.3
2026-08-06T12:01:25.634Z,Brolo,ME,28.4
2026-08-06T12:01:25.634Z,Capizzi,ME,24
2026-08-06T12:01:25.634Z,Capo d'Orlando,ME,30.4
2026-08-06T12:01:25.634Z,Capri Leone,ME,32.7
2026-08-06T12:01:25.634Z,Caronia,ME,30.9
2026-08-06T12:01:25.634Z,Casalvecchio Siculo,ME,32.8
2026-08-06T12:01:25.634Z,Castel di Lucio,ME,31.3
2026-08-06T12:01:25.634Z,Castell'Umberto,ME,26.8
2026-08-06T12:01:25.634Z,Castelmola,ME,26.7
2026-08-06T12:01:25.634Z,Castroreale,ME,34.7
2026-08-06T12:01:25.634Z,Cesarò,ME,32.2
2026-08-06T12:01:25.634Z,Condrò,ME,33
2026-08-06T12:01:25.634Z,Falcone,ME,32.8
2026-08-06T12:01:25.634Z,Ficarra,ME,26.3
2026-08-06T12:01:25.634Z,Fiumedinisi,ME,31.7
2026-08-06T12:01:25.634Z,Floresta,ME,21.3
2026-08-06T12:01:25.634Z,Fondachelli-Fantina,ME,29.9
2026-08-06T12:01:25.634Z,Forza d'Agrò,ME,32.5
2026-08-06T12:01:25.634Z,Francavilla di Sicilia,ME,32.2
2026-08-06T12:01:25.634Z,Frazzanò,ME,28.2
2026-08-06T12:01:25.634Z,Furci Siculo,ME,33.2
2026-08-06T12:01:25.634Z,Furnari,ME,32.8
2026-08-06T12:01:25.634Z,Gaggi,ME,32.4
2026-08-06T12:01:25.634Z,Galati Mamertino,ME,24.9
2026-08-06T12:01:25.634Z,Gallodoro,ME,32.1
2026-08-06T12:01:25.634Z,Giardini-Naxos,ME,27.3
2026-08-06T12:01:25.634Z,Gioiosa Marea,ME,29.4
2026-08-06T12:01:25.634Z,Graniti,ME,32.4
2026-08-06T12:01:25.634Z,Gualtieri Sicaminò,ME,33
2026-08-06T12:01:25.634Z,Itala,ME,33.9
2026-08-06T12:01:25.634Z,Leni,ME,30.8
2026-08-06T12:01:25.634Z,Letojanni,ME,35.6
2026-08-06T12:01:25.634Z,Librizzi,ME,31.7
2026-08-06T12:01:25.634Z,Limina,ME,32.8
2026-08-06T12:01:25.634Z,Lipari,ME,30.8
2026-08-06T12:01:25.634Z,Longi,ME,25.2
2026-08-06T12:01:25.634Z,Malfa,ME,30.8
2026-08-06T12:01:25.634Z,Malvagna,ME,36.6
2026-08-06T12:01:25.634Z,Mandanici,ME,33.2
2026-08-06T12:01:25.634Z,Mazzarrà Sant'Andrea,ME,32.8
2026-08-06T12:01:25.634Z,Merì,ME,31.4
2026-08-06T12:01:25.634Z,Messina,ME,34.8
2026-08-06T12:01:25.634Z,Milazzo,ME,31.4
2026-08-06T12:01:25.634Z,Militello Rosmarino,ME,25.5
2026-08-06T12:01:25.634Z,Mirto,ME,28.2
2026-08-06T12:01:25.634Z,Mistretta,ME,27.8
2026-08-06T12:01:25.634Z,Moio Alcantara,ME,36.6
2026-08-06T12:01:25.634Z,Monforte San Giorgio,ME,33.3
2026-08-06T12:01:25.634Z,Mongiuffi Melia,ME,32.1
2026-08-06T12:01:25.634Z,Montagnareale,ME,29.4
2026-08-06T12:01:25.634Z,Montalbano Elicona,ME,30.6
2026-08-06T12:01:25.634Z,Motta Camastra,ME,28.4
2026-08-06T12:01:25.634Z,Motta d'Affermo,ME,31.2
2026-08-06T12:01:25.634Z,Naso,ME,29.4
2026-08-06T12:01:25.634Z,Nizza di Sicilia,ME,31.7
2026-08-06T12:01:25.634Z,Novara di Sicilia,ME,29.5
2026-08-06T12:01:25.634Z,Oliveri,ME,31.4
2026-08-06T12:01:25.634Z,Pace del Mela,ME,31.4
2026-08-06T12:01:25.634Z,Pagliara,ME,33.2
2026-08-06T12:01:25.634Z,Patti,ME,32.4
2026-08-06T12:01:25.634Z,Pettineo,ME,31.6
2026-08-06T12:01:25.634Z,Piraino,ME,28.4
2026-08-06T12:01:25.634Z,Raccuja,ME,21.3
2026-08-06T12:01:25.634Z,Reitano,ME,31.7
2026-08-06T12:01:25.634Z,Roccafiorita,ME,32.1
2026-08-06T12:01:25.634Z,Roccalumera,ME,30.7
2026-08-06T12:01:25.634Z,Roccavaldina,ME,33.3
2026-08-06T12:01:25.634Z,Roccella Valdemone,ME,25.6
2026-08-06T12:01:25.634Z,Rodì Milici,ME,32.6
2026-08-06T12:01:25.634Z,Rometta,ME,25.3
2026-08-06T12:01:25.634Z,San Filippo del Mela,ME,31.4
2026-08-06T12:01:25.634Z,San Fratello,ME,25.6
2026-08-06T12:01:25.634Z,San Marco d'Alunzio,ME,25.4
2026-08-06T12:01:25.634Z,San Pier Niceto,ME,33.3
2026-08-06T12:01:25.634Z,San Piero Patti,ME,32.6
2026-08-06T12:01:25.634Z,San Salvatore di Fitalia,ME,26.8
2026-08-06T12:01:25.634Z,Santa Domenica Vittoria,ME,27.6
2026-08-06T12:01:25.634Z,Sant'Agata di Militello,ME,31.5
2026-08-06T12:01:25.634Z,Sant'Alessio Siculo,ME,32.5
2026-08-06T12:01:25.634Z,Santa Lucia del Mela,ME,28.3
2026-08-06T12:01:25.634Z,Santa Marina Salina,ME,30.8
2026-08-06T12:01:25.634Z,Sant'Angelo di Brolo,ME,29.1
2026-08-06T12:01:25.634Z,Santa Teresa di Riva,ME,33.8
2026-08-06T12:01:25.634Z,San Teodoro,ME,32.2
2026-08-06T12:01:25.634Z,Santo Stefano di Camastra,ME,32.7
2026-08-06T12:01:25.634Z,Saponara,ME,30
2026-08-06T12:01:25.634Z,Savoca,ME,33.8
2026-08-06T12:01:25.634Z,Scaletta Zanclea,ME,34.2
2026-08-06T12:01:25.634Z,Sinagra,ME,30.9
2026-08-06T12:01:25.634Z,Spadafora,ME,31.1
2026-08-06T12:01:25.634Z,Taormina,ME,26.7
2026-08-06T12:01:25.634Z,Torregrotta,ME,33.8
2026-08-06T12:01:25.634Z,Tortorici,ME,24.4
2026-08-06T12:01:25.634Z,Tripi,ME,30.3
2026-08-06T12:01:25.634Z,Tusa,ME,27.6
2026-08-06T12:01:25.634Z,Ucria,ME,21.3
2026-08-06T12:01:25.634Z,Valdina,ME,31.1
2026-08-06T12:01:25.634Z,Venetico,ME,31.1
2026-08-06T12:01:25.634Z,Villafranca Tirrena,ME,32.7
2026-08-06T12:01:25.634Z,Terme Vigliatore,ME,32.8
2026-08-06T12:01:25.634Z,Acquedolci,ME,31.5
2026-08-06T12:01:25.634Z,Torrenova,ME,32.7
2026-08-06T12:01:25.634Z,Agrigento,AG,31.3
2026-08-06T12:01:25.634Z,Alessandria della Rocca,AG,31.7
2026-08-06T12:01:25.634Z,Aragona,AG,31.1
2026-08-06T12:01:25.634Z,Bivona,AG,32.5
2026-08-06T12:01:25.634Z,Burgio,AG,35
2026-08-06T12:01:25.634Z,Calamonaci,AG,33.6
2026-08-06T12:01:25.634Z,Caltabellotta,AG,33.2
2026-08-06T12:01:25.634Z,Camastra,AG,29.2
2026-08-06T12:01:25.634Z,Cammarata,AG,33.9
2026-08-06T12:01:25.634Z,Campobello di Licata,AG,34.2
2026-08-06T12:01:25.634Z,Canicattì,AG,31.3
2026-08-06T12:01:25.634Z,Casteltermini,AG,35.3
2026-08-06T12:01:25.634Z,Castrofilippo,AG,32.1
2026-08-06T12:01:25.634Z,Cattolica Eraclea,AG,31.2
2026-08-06T12:01:25.634Z,Cianciana,AG,33.2
2026-08-06T12:01:25.634Z,Comitini,AG,31.1
2026-08-06T12:01:25.634Z,Favara,AG,31.3
2026-08-06T12:01:25.634Z,Grotte,AG,34.8
2026-08-06T12:01:25.634Z,Joppolo Giancaxio,AG,32
2026-08-06T12:01:25.634Z,Licata,AG,33.2
2026-08-06T12:01:25.634Z,Lucca Sicula,AG,33.6
2026-08-06T12:01:25.634Z,Menfi,AG,30.1
2026-08-06T12:01:25.634Z,Montallegro,AG,31.2
2026-08-06T12:01:25.634Z,Montevago,AG,34.2
2026-08-06T12:01:25.634Z,Naro,AG,29.2
2026-08-06T12:01:25.634Z,Palma di Montechiaro,AG,31.6
2026-08-06T12:01:25.634Z,Porto Empedocle,AG,30.8
2026-08-06T12:01:25.634Z,Racalmuto,AG,32.1
2026-08-06T12:01:25.634Z,Raffadali,AG,33.8
2026-08-06T12:01:25.634Z,Ravanusa,AG,34.2
2026-08-06T12:01:25.634Z,Realmonte,AG,30.8
2026-08-06T12:01:25.634Z,Ribera,AG,31.3
2026-08-06T12:01:25.634Z,Sambuca di Sicilia,AG,34.8
2026-08-06T12:01:25.634Z,San Biagio Platani,AG,33
2026-08-06T12:01:25.634Z,San Giovanni Gemini,AG,26.3
2026-08-06T12:01:25.634Z,Santa Elisabetta,AG,33.8
2026-08-06T12:01:25.634Z,Santa Margherita di Belice,AG,36.2
2026-08-06T12:01:25.634Z,Sant'Angelo Muxaro,AG,33
2026-08-06T12:01:25.634Z,Santo Stefano Quisquina,AG,19.5
2026-08-06T12:01:25.634Z,Sciacca,AG,32.9
2026-08-06T12:01:25.634Z,Siculiana,AG,31.2
2026-08-06T12:01:25.634Z,Villafranca Sicula,AG,33.6
2026-08-06T12:01:25.634Z,Acquaviva Platani,CL,35.3
2026-08-06T12:01:25.634Z,Bompensiere,CL,34.8
2026-08-06T12:01:25.634Z,Butera,CL,34.2
2026-08-06T12:01:25.634Z,Caltanissetta,CL,34.3
2026-08-06T12:01:25.634Z,Campofranco,CL,34.8
2026-08-06T12:01:25.634Z,Delia,CL,34.5
2026-08-06T12:01:25.634Z,Gela,CL,33.6
2026-08-06T12:01:25.634Z,Marianopoli,CL,34.3
2026-08-06T12:01:25.634Z,Mazzarino,CL,35.4
2026-08-06T12:01:25.634Z,Milena,CL,34.8
2026-08-06T12:01:25.634Z,Montedoro,CL,36.5
2026-08-06T12:01:25.634Z,Mussomeli,CL,35.8
2026-08-06T12:01:25.634Z,Niscemi,CL,31.5
2026-08-06T12:01:25.634Z,Resuttano,CL,35.5
2026-08-06T12:01:25.634Z,Riesi,CL,35.8
2026-08-06T12:01:25.634Z,San Cataldo,CL,38.3
2026-08-06T12:01:25.634Z,Santa Caterina Villarmosa,CL,34.1
2026-08-06T12:01:25.634Z,Serradifalco,CL,33.8
2026-08-06T12:01:25.634Z,Sommatino,CL,35.8
2026-08-06T12:01:25.634Z,Sutera,CL,33.6
2026-08-06T12:01:25.634Z,Vallelunga Pratameno,CL,34.3
2026-08-06T12:01:25.634Z,Villalba,CL,34.3
2026-08-06T12:01:25.634Z,Agira,EN,34.6
2026-08-06T12:01:25.634Z,Aidone,EN,36.1
2026-08-06T12:01:25.634Z,Assoro,EN,34.6
2026-08-06T12:01:25.634Z,Barrafranca,EN,33.4
2026-08-06T12:01:25.634Z,Calascibetta,EN,35.5
2026-08-06T12:01:25.634Z,Catenanuova,EN,32.4
2026-08-06T12:01:25.634Z,Centuripe,EN,32.4
2026-08-06T12:01:25.634Z,Cerami,EN,35.8
2026-08-06T12:01:25.634Z,Enna,EN,37
2026-08-06T12:01:25.634Z,Gagliano Castelferrato,EN,32
2026-08-06T12:01:25.634Z,Leonforte,EN,34.7
2026-08-06T12:01:25.634Z,Nicosia,EN,32.8
2026-08-06T12:01:25.634Z,Nissoria,EN,34.3
2026-08-06T12:01:25.634Z,Piazza Armerina,EN,33
2026-08-06T12:01:25.634Z,Pietraperzia,EN,35.6
2026-08-06T12:01:25.634Z,Regalbuto,EN,36.9
2026-08-06T12:01:25.634Z,Sperlinga,EN,32.2
2026-08-06T12:01:25.634Z,Troina,EN,29.6
2026-08-06T12:01:25.634Z,Valguarnera Caropepe,EN,33.5
2026-08-06T12:01:25.634Z,Villarosa,EN,34.4
2026-08-06T12:01:25.634Z,Aci Bonaccorsi,CT,32.6
2026-08-06T12:01:25.634Z,Aci Castello,CT,36.1
2026-08-06T12:01:25.634Z,Aci Catena,CT,34.3
2026-08-06T12:01:25.634Z,Acireale,CT,32.9
2026-08-06T12:01:25.634Z,Aci Sant'Antonio,CT,33.7
2026-08-06T12:01:25.634Z,Adrano,CT,25.1
2026-08-06T12:01:25.634Z,Belpasso,CT,36.9
2026-08-06T12:01:25.634Z,Biancavilla,CT,35.7
2026-08-06T12:01:25.634Z,Bronte,CT,31.5
2026-08-06T12:01:25.634Z,Calatabiano,CT,27.3
2026-08-06T12:01:25.634Z,Caltagirone,CT,33.5
2026-08-06T12:01:25.634Z,Camporotondo Etneo,CT,33.8
2026-08-06T12:01:25.634Z,Castel di Iudica,CT,-273.1
2026-08-06T12:01:25.634Z,Castiglione di Sicilia,CT,35.6
2026-08-06T12:01:25.634Z,Catania,CT,34
2026-08-06T12:01:25.634Z,Fiumefreddo di Sicilia,CT,34.4
2026-08-06T12:01:25.634Z,Giarre,CT,32.9
2026-08-06T12:01:25.634Z,Grammichele,CT,33.6
2026-08-06T12:01:25.634Z,Gravina di Catania,CT,33.9
2026-08-06T12:01:25.634Z,Licodia Eubea,CT,35
2026-08-06T12:01:25.634Z,Linguaglossa,CT,31.3
2026-08-06T12:01:25.634Z,Maletto,CT,31.5
2026-08-06T12:01:25.634Z,Mascali,CT,34.6
2026-08-06T12:01:25.634Z,Mascalucia,CT,33.7
2026-08-06T12:01:25.634Z,Militello in Val di Catania,CT,36.1
2026-08-06T12:01:25.634Z,Milo,CT,19.8
2026-08-06T12:01:25.634Z,Mineo,CT,38.2
2026-08-06T12:01:25.634Z,Mirabella Imbaccari,CT,35.8
2026-08-06T12:01:25.634Z,Misterbianco,CT,34
2026-08-06T12:01:25.634Z,Motta Sant'Anastasia,CT,35.8
2026-08-06T12:01:25.634Z,Nicolosi,CT,30.2
2026-08-06T12:01:25.634Z,Palagonia,CT,33
2026-08-06T12:01:25.634Z,Paternò,CT,36.8
2026-08-06T12:01:25.634Z,Pedara,CT,30.2
2026-08-06T12:01:25.634Z,Piedimonte Etneo,CT,31.3
2026-08-06T12:01:25.634Z,Raddusa,CT,32.9
2026-08-06T12:01:25.634Z,Ramacca,CT,36
2026-08-06T12:01:25.634Z,Randazzo,CT,31.5
2026-08-06T12:01:25.634Z,Riposto,CT,35
2026-08-06T12:01:25.634Z,San Cono,CT,34.3
2026-08-06T12:01:25.634Z,San Giovanni la Punta,CT,33.7
2026-08-06T12:01:25.634Z,San Gregorio di Catania,CT,33.7
2026-08-06T12:01:25.634Z,San Michele di Ganzaria,CT,35.8
2026-08-06T12:01:25.634Z,San Pietro Clarenza,CT,33.7
2026-08-06T12:01:25.634Z,Sant'Agata li Battiati,CT,33.4
2026-08-06T12:01:25.634Z,Sant'Alfio,CT,19.8
2026-08-06T12:01:25.634Z,Santa Maria di Licodia,CT,35.8
2026-08-06T12:01:25.634Z,Santa Venerina,CT,32.9
2026-08-06T12:01:25.634Z,Scordia,CT,36.1
2026-08-06T12:01:25.634Z,Trecastagni,CT,30.2
2026-08-06T12:01:25.634Z,Tremestieri Etneo,CT,33.9
2026-08-06T12:01:25.634Z,Valverde,CT,33.7
2026-08-06T12:01:25.634Z,Viagrande,CT,32.6
2026-08-06T12:01:25.634Z,Vizzini,CT,34.8
2026-08-06T12:01:25.634Z,Zafferana Etnea,CT,32.9
2026-08-06T12:01:25.634Z,Mazzarrone,CT,33.8
2026-08-06T12:01:25.634Z,Maniace,CT,32.4
2026-08-06T12:01:25.634Z,Ragalna,CT,22.1
2026-08-06T12:01:25.634Z,Acate,RG,34.5
2026-08-06T12:01:25.634Z,Chiaramonte Gulfi,RG,33.9
2026-08-06T12:01:25.634Z,Comiso,RG,36.2
2026-08-06T12:01:25.634Z,Giarratana,RG,32.9
2026-08-06T12:01:25.634Z,Ispica,RG,34.3
2026-08-06T12:01:25.634Z,Modica,RG,35.3
2026-08-06T12:01:25.634Z,Monterosso Almo,RG,32.9
2026-08-06T12:01:25.634Z,Pozzallo,RG,37.6
2026-08-06T12:01:25.634Z,Ragusa,RG,34.5
2026-08-06T12:01:25.634Z,Santa Croce Camerina,RG,31.8
2026-08-06T12:01:25.634Z,Scicli,RG,30.9
2026-08-06T12:01:25.634Z,Vittoria,RG,34.5
2026-08-06T12:01:25.634Z,Augusta,SR,34.3
2026-08-06T12:01:25.634Z,Avola,SR,33.9
2026-08-06T12:01:25.634Z,Buccheri,SR,34
2026-08-06T12:01:25.634Z,Buscemi,SR,32.7
2026-08-06T12:01:25.634Z,Canicattini Bagni,SR,35.4
2026-08-06T12:01:25.634Z,Carlentini,SR,35.6
2026-08-06T12:01:25.634Z,Cassaro,SR,36.1
2026-08-06T12:01:25.634Z,Ferla,SR,34
2026-08-06T12:01:25.634Z,Floridia,SR,35.4
2026-08-06T12:01:25.634Z,Francofonte,SR,37.1
2026-08-06T12:01:25.634Z,Lentini,SR,36.8
2026-08-06T12:01:25.634Z,Melilli,SR,35.5
2026-08-06T12:01:25.634Z,Noto,SR,36.5
2026-08-06T12:01:25.634Z,Pachino,SR,32
2026-08-06T12:01:25.634Z,Palazzolo Acreide,SR,36.1
2026-08-06T12:01:25.634Z,Rosolini,SR,34.1
2026-08-06T12:01:25.634Z,Siracusa,SR,40.7
2026-08-06T12:01:25.634Z,Solarino,SR,35.3
2026-08-06T12:01:25.634Z,Sortino,SR,34.8
2026-08-06T12:01:25.634Z,Portopalo di Capo Passero,SR,32
2026-08-06T12:01:25.634Z,Priolo Gargallo,SR,34.8
2026-08-06T12:24:18.436Z,Alcamo,TP,32
2026-08-06T12:24:18.436Z,Buseto Palizzolo,TP,30.2
2026-08-06T12:24:18.436Z,Calatafimi-Segesta,TP,31
2026-08-06T12:24:18.436Z,Campobello di Mazara,TP,34.9
2026-08-06T12:24:18.436Z,Castellammare del Golfo,TP,30.2
2026-08-06T12:24:18.436Z,Castelvetrano,TP,34.6
2026-08-06T12:24:18.436Z,Custonaci,TP,29.8
2026-08-06T12:24:18.436Z,Erice,TP,32.8
2026-08-06T12:24:18.436Z,Favignana,TP,32.1
2026-08-06T12:24:18.436Z,Gibellina,TP,33.7
2026-08-06T12:24:18.436Z,Marsala,TP,32.2
2026-08-06T12:24:18.436Z,Mazara del Vallo,TP,33.1
2026-08-06T12:24:18.436Z,Paceco,TP,33.3
2026-08-06T12:24:18.436Z,Pantelleria,TP,30.1
2026-08-06T12:24:18.436Z,Partanna,TP,35.2
2026-08-06T12:24:18.436Z,Poggioreale,TP,34.7
2026-08-06T12:24:18.436Z,Salaparuta,TP,33.7
2026-08-06T12:24:18.436Z,Salemi,TP,31.2
2026-08-06T12:24:18.436Z,Santa Ninfa,TP,34.6
2026-08-06T12:24:18.436Z,San Vito Lo Capo,TP,31.7
2026-08-06T12:24:18.436Z,Trapani,TP,32.8
2026-08-06T12:24:18.436Z,Valderice,TP,27.1
2026-08-06T12:24:18.436Z,Vita,TP,31.2
2026-08-06T12:24:18.436Z,Petrosino,TP,29.9
2026-08-06T12:24:18.436Z,Misiliscemi,TP,33.3
2026-08-06T12:24:18.436Z,Alia,PA,32.6
2026-08-06T12:24:18.436Z,Alimena,PA,33.7
2026-08-06T12:24:18.436Z,Aliminusa,PA,29.3
2026-08-06T12:24:18.436Z,Altavilla Milicia,PA,30.6
2026-08-06T12:24:18.436Z,Altofonte,PA,26.7
2026-08-06T12:24:18.436Z,Bagheria,PA,29.5
2026-08-06T12:24:18.436Z,Balestrate,PA,32
2026-08-06T12:24:18.436Z,Baucina,PA,30.8
2026-08-06T12:24:18.436Z,Belmonte Mezzagno,PA,26.7
2026-08-06T12:24:18.436Z,Bisacquino,PA,32.6
2026-08-06T12:24:18.436Z,Bolognetta,PA,28.8
2026-08-06T12:24:18.436Z,Bompietro,PA,33.7
2026-08-06T12:24:18.436Z,Borgetto,PA,32.9
2026-08-06T12:24:18.436Z,Caccamo,PA,31.6
2026-08-06T12:24:18.436Z,Caltavuturo,PA,28.4
2026-08-06T12:24:18.436Z,Campofelice di Fitalia,PA,32.3
2026-08-06T12:24:18.436Z,Campofelice di Roccella,PA,31.7
2026-08-06T12:24:18.436Z,Campofiorito,PA,32.6
2026-08-06T12:24:18.436Z,Camporeale,PA,31.9
2026-08-06T12:24:18.436Z,Capaci,PA,29.2
2026-08-06T12:24:18.436Z,Carini,PA,33.3
2026-08-06T12:24:18.436Z,Castelbuono,PA,30
2026-08-06T12:24:18.436Z,Casteldaccia,PA,30.6
2026-08-06T12:24:18.436Z,Castellana Sicula,PA,32.7
2026-08-06T12:24:18.436Z,Castronovo di Sicilia,PA,27.5
2026-08-06T12:24:18.436Z,Cefalà Diana,PA,29.3
2026-08-06T12:24:18.436Z,Cefalù,PA,27
2026-08-06T12:24:18.436Z,Cerda,PA,30.1
2026-08-06T12:24:18.436Z,Chiusa Sclafani,PA,31.8
2026-08-06T12:24:18.436Z,Ciminna,PA,31.1
2026-08-06T12:24:18.436Z,Cinisi,PA,33.3
2026-08-06T12:24:18.436Z,Collesano,PA,31.1
2026-08-06T12:24:18.436Z,Contessa Entellina,PA,34.1
2026-08-06T12:24:18.436Z,Corleone,PA,31.7
2026-08-06T12:24:18.436Z,Ficarazzi,PA,29.5
2026-08-06T12:24:18.436Z,Gangi,PA,36.5
2026-08-06T12:24:18.436Z,Geraci Siculo,PA,28.7
2026-08-06T12:24:18.436Z,Giardinello,PA,32.9
2026-08-06T12:24:18.436Z,Giuliana,PA,33.7
2026-08-06T12:24:18.436Z,Godrano,PA,31.7
2026-08-06T12:24:18.436Z,Gratteri,PA,28.3
2026-08-06T12:24:18.436Z,Isnello,PA,24
2026-08-06T12:24:18.436Z,Isola delle Femmine,PA,31
2026-08-06T12:24:18.436Z,Lascari,PA,32.1
2026-08-06T12:24:18.436Z,Lercara Friddi,PA,25.2
2026-08-06T12:24:18.436Z,Marineo,PA,29.4
2026-08-06T12:24:18.436Z,Mezzojuso,PA,29.3
2026-08-06T12:24:18.436Z,Misilmeri,PA,30.1
2026-08-06T12:24:18.436Z,Monreale,PA,35.3
2026-08-06T12:24:18.436Z,Montelepre,PA,29.2
2026-08-06T12:24:18.436Z,Montemaggiore Belsito,PA,29.3
2026-08-06T12:24:18.436Z,Palazzo Adriano,PA,18.8
2026-08-06T12:24:18.436Z,Palermo,PA,31.8
2026-08-06T12:24:18.436Z,Partinico,PA,34.8
2026-08-06T12:24:18.436Z,Petralia Soprana,PA,30.1
2026-08-06T12:24:18.436Z,Petralia Sottana,PA,33.3
2026-08-06T12:24:18.436Z,Piana degli Albanesi,PA,23.3
2026-08-06T12:24:18.436Z,Polizzi Generosa,PA,31.1
2026-08-06T12:24:18.436Z,Pollina,PA,28.9
2026-08-06T12:24:18.436Z,Prizzi,PA,23.3
2026-08-06T12:24:18.436Z,Roccamena,PA,32.3
2026-08-06T12:24:18.436Z,Roccapalumba,PA,31.6
2026-08-06T12:24:18.436Z,San Cipirello,PA,23.3
2026-08-06T12:24:18.436Z,San Giuseppe Jato,PA,31.9
2026-08-06T12:24:18.436Z,San Mauro Castelverde,PA,27.1
2026-08-06T12:24:18.436Z,Santa Cristina Gela,PA,29.4
2026-08-06T12:24:18.436Z,Santa Flavia,PA,29.5
2026-08-06T12:24:18.436Z,Sciara,PA,30.1
2026-08-06T12:24:18.436Z,Sclafani Bagni,PA,30.6
2026-08-06T12:24:18.436Z,Termini Imerese,PA,30.1
2026-08-06T12:24:18.436Z,Terrasini,PA,33.3
2026-08-06T12:24:18.436Z,Torretta,PA,29.2
2026-08-06T12:24:18.436Z,Trabia,PA,27.7
2026-08-06T12:24:18.436Z,Trappeto,PA,34.8
2026-08-06T12:24:18.436Z,Valledolmo,PA,30.6
2026-08-06T12:24:18.436Z,Ventimiglia di Sicilia,PA,30.8
2026-08-06T12:24:18.436Z,Vicari,PA,27.8
2026-08-06T12:24:18.436Z,Villabate,PA,33.6
2026-08-06T12:24:18.436Z,Villafrati,PA,28.8
2026-08-06T12:24:18.436Z,Scillato,PA,28.4
2026-08-06T12:24:18.436Z,Blufi,PA,33.7
2026-08-06T12:24:18.436Z,Alcara li Fusi,ME,22.7
2026-08-06T12:24:18.436Z,Alì,ME,32.8
2026-08-06T12:24:18.436Z,Alì Terme,ME,33.4
2026-08-06T12:24:18.436Z,Antillo,ME,34
2026-08-06T12:24:18.436Z,Barcellona Pozzo di Gotto,ME,34.7
2026-08-06T12:24:18.436Z,Basicò,ME,30.8
2026-08-06T12:24:18.436Z,Brolo,ME,28.4
2026-08-06T12:24:18.436Z,Capizzi,ME,22.7
2026-08-06T12:24:18.436Z,Capo d'Orlando,ME,31.6
2026-08-06T12:24:18.436Z,Capri Leone,ME,32
2026-08-06T12:24:18.436Z,Caronia,ME,31.3
2026-08-06T12:24:18.436Z,Casalvecchio Siculo,ME,34
2026-08-06T12:24:18.436Z,Castel di Lucio,ME,31.5
2026-08-06T12:24:18.436Z,Castell'Umberto,ME,28.2
2026-08-06T12:24:18.436Z,Castelmola,ME,28.6
2026-08-06T12:24:18.436Z,Castroreale,ME,35.1
2026-08-06T12:24:18.436Z,Cesarò,ME,32.1
2026-08-06T12:24:18.436Z,Condrò,ME,33.1
2026-08-06T12:24:18.436Z,Falcone,ME,33.1
2026-08-06T12:24:18.436Z,Ficarra,ME,28.2
2026-08-06T12:24:18.436Z,Fiumedinisi,ME,32.8
2026-08-06T12:24:18.436Z,Floresta,ME,21.5
2026-08-06T12:24:18.436Z,Fondachelli-Fantina,ME,29.9
2026-08-06T12:24:18.436Z,Forza d'Agrò,ME,31.4
2026-08-06T12:24:18.436Z,Francavilla di Sicilia,ME,32.2
2026-08-06T12:24:18.436Z,Frazzanò,ME,29.6
2026-08-06T12:24:18.436Z,Furci Siculo,ME,31.7
2026-08-06T12:24:18.436Z,Furnari,ME,33.1
2026-08-06T12:24:18.436Z,Gaggi,ME,32.2
2026-08-06T12:24:18.436Z,Galati Mamertino,ME,27
2026-08-06T12:24:18.436Z,Gallodoro,ME,32.1
2026-08-06T12:24:18.436Z,Giardini-Naxos,ME,27.3
2026-08-06T12:24:18.436Z,Gioiosa Marea,ME,31.4
2026-08-06T12:24:18.436Z,Graniti,ME,32.2
2026-08-06T12:24:18.436Z,Gualtieri Sicaminò,ME,33.1
2026-08-06T12:24:18.436Z,Itala,ME,33.9
2026-08-06T12:24:18.436Z,Leni,ME,30.2
2026-08-06T12:24:18.436Z,Letojanni,ME,35.6
2026-08-06T12:24:18.436Z,Librizzi,ME,31.6
2026-08-06T12:24:18.436Z,Limina,ME,34
2026-08-06T12:24:18.436Z,Lipari,ME,30.2
2026-08-06T12:24:18.436Z,Longi,ME,24.6
2026-08-06T12:24:18.436Z,Malfa,ME,30.2
2026-08-06T12:24:18.436Z,Malvagna,ME,35.6
2026-08-06T12:24:18.436Z,Mandanici,ME,31.7
2026-08-06T12:24:18.436Z,Mazzarrà Sant'Andrea,ME,33.1
2026-08-06T12:24:18.436Z,Merì,ME,32.3
2026-08-06T12:24:18.436Z,Messina,ME,35.8
2026-08-06T12:24:18.436Z,Milazzo,ME,32.3
2026-08-06T12:24:18.436Z,Militello Rosmarino,ME,25.3
2026-08-06T12:24:18.436Z,Mirto,ME,29.6
2026-08-06T12:24:18.436Z,Mistretta,ME,28.8
2026-08-06T12:24:18.436Z,Moio Alcantara,ME,35.6
2026-08-06T12:24:18.436Z,Monforte San Giorgio,ME,33.1
2026-08-06T12:24:18.436Z,Mongiuffi Melia,ME,32.1
2026-08-06T12:24:18.436Z,Montagnareale,ME,31.4
2026-08-06T12:24:18.436Z,Montalbano Elicona,ME,31.1
2026-08-06T12:24:18.436Z,Motta Camastra,ME,27.5
2026-08-06T12:24:18.436Z,Motta d'Affermo,ME,31.5
2026-08-06T12:24:18.436Z,Naso,ME,31.3
2026-08-06T12:24:18.436Z,Nizza di Sicilia,ME,32.8
2026-08-06T12:24:18.436Z,Novara di Sicilia,ME,30.1
2026-08-06T12:24:18.436Z,Oliveri,ME,31.7
2026-08-06T12:24:18.436Z,Pace del Mela,ME,32.3
2026-08-06T12:24:18.436Z,Pagliara,ME,31.7
2026-08-06T12:24:18.436Z,Patti,ME,33.9
2026-08-06T12:24:18.436Z,Pettineo,ME,31.4
2026-08-06T12:24:18.436Z,Piraino,ME,28.4
2026-08-06T12:24:18.436Z,Raccuja,ME,21.5
2026-08-06T12:24:18.436Z,Reitano,ME,31.3
2026-08-06T12:24:18.436Z,Roccafiorita,ME,32.1
2026-08-06T12:24:18.436Z,Roccalumera,ME,31.3
2026-08-06T12:24:18.436Z,Roccavaldina,ME,33.1
2026-08-06T12:24:18.436Z,Roccella Valdemone,ME,26.7
2026-08-06T12:24:18.436Z,Rodì Milici,ME,32.5
2026-08-06T12:24:18.436Z,Rometta,ME,25.8
2026-08-06T12:24:18.436Z,San Filippo del Mela,ME,32.3
2026-08-06T12:24:18.436Z,San Fratello,ME,25.8
2026-08-06T12:24:18.436Z,San Marco d'Alunzio,ME,26.9
2026-08-06T12:24:18.436Z,San Pier Niceto,ME,33.1
2026-08-06T12:24:18.436Z,San Piero Patti,ME,32
2026-08-06T12:24:18.436Z,San Salvatore di Fitalia,ME,28.2
2026-08-06T12:24:18.436Z,Santa Domenica Vittoria,ME,25.8
2026-08-06T12:24:18.436Z,Sant'Agata di Militello,ME,31
2026-08-06T12:24:18.436Z,Sant'Alessio Siculo,ME,31.4
2026-08-06T12:24:18.436Z,Santa Lucia del Mela,ME,27.8
2026-08-06T12:24:18.436Z,Santa Marina Salina,ME,30.2
2026-08-06T12:24:18.436Z,Sant'Angelo di Brolo,ME,30.4
2026-08-06T12:24:18.436Z,Santa Teresa di Riva,ME,33.4
2026-08-06T12:24:18.436Z,San Teodoro,ME,32.1
2026-08-06T12:24:18.436Z,Santo Stefano di Camastra,ME,32.5
2026-08-06T12:24:18.436Z,Saponara,ME,29.8
2026-08-06T12:24:18.436Z,Savoca,ME,33.4
2026-08-06T12:24:18.436Z,Scaletta Zanclea,ME,33.8
2026-08-06T12:24:18.436Z,Sinagra,ME,32.3
2026-08-06T12:24:18.436Z,Spadafora,ME,31.9
2026-08-06T12:24:18.436Z,Taormina,ME,28.6
2026-08-06T12:24:18.436Z,Torregrotta,ME,35
2026-08-06T12:24:18.436Z,Tortorici,ME,24.2
2026-08-06T12:24:18.436Z,Tripi,ME,30.8
2026-08-06T12:24:18.436Z,Tusa,ME,29.5
2026-08-06T12:24:18.436Z,Ucria,ME,21.5
2026-08-06T12:24:18.436Z,Valdina,ME,31.9
2026-08-06T12:24:18.436Z,Venetico,ME,31.9
2026-08-06T12:24:18.436Z,Villafranca Tirrena,ME,34.2
2026-08-06T12:24:18.436Z,Terme Vigliatore,ME,33.1
2026-08-06T12:24:18.436Z,Acquedolci,ME,31
2026-08-06T12:24:18.436Z,Torrenova,ME,32
2026-08-06T12:24:18.436Z,Agrigento,AG,31.1
2026-08-06T12:24:18.436Z,Alessandria della Rocca,AG,28.9
2026-08-06T12:24:18.436Z,Aragona,AG,32.9
2026-08-06T12:24:18.436Z,Bivona,AG,27.5
2026-08-06T12:24:18.436Z,Burgio,AG,35.3
2026-08-06T12:24:18.436Z,Calamonaci,AG,34.4
2026-08-06T12:24:18.436Z,Caltabellotta,AG,31.7
2026-08-06T12:24:18.436Z,Camastra,AG,29.1
2026-08-06T12:24:18.436Z,Cammarata,AG,28.6
2026-08-06T12:24:18.436Z,Campobello di Licata,AG,34.2
2026-08-06T12:24:18.436Z,Canicattì,AG,30.5
2026-08-06T12:24:18.436Z,Casteltermini,AG,33.6
2026-08-06T12:24:18.436Z,Castrofilippo,AG,31.9
2026-08-06T12:24:18.436Z,Cattolica Eraclea,AG,32.4
2026-08-06T12:24:18.436Z,Cianciana,AG,32.6
2026-08-06T12:24:18.436Z,Comitini,AG,32.9
2026-08-06T12:24:18.436Z,Favara,AG,31.1
2026-08-06T12:24:18.436Z,Grotte,AG,32
2026-08-06T12:24:18.436Z,Joppolo Giancaxio,AG,32.8
2026-08-06T12:24:18.436Z,Licata,AG,32.2
2026-08-06T12:24:18.436Z,Lucca Sicula,AG,34.4
2026-08-06T12:24:18.436Z,Menfi,AG,30.1
2026-08-06T12:24:18.436Z,Montallegro,AG,32.4
2026-08-06T12:24:18.436Z,Montevago,AG,35.2
2026-08-06T12:24:18.436Z,Naro,AG,29.1
2026-08-06T12:24:18.436Z,Palma di Montechiaro,AG,31.3
2026-08-06T12:24:18.436Z,Porto Empedocle,AG,30
2026-08-06T12:24:18.436Z,Racalmuto,AG,31.9
2026-08-06T12:24:18.436Z,Raffadali,AG,32.7
2026-08-06T12:24:18.436Z,Ravanusa,AG,34.2
2026-08-06T12:24:18.436Z,Realmonte,AG,30
2026-08-06T12:24:18.436Z,Ribera,AG,31.5
2026-08-06T12:24:18.436Z,Sambuca di Sicilia,AG,33.7
2026-08-06T12:24:18.436Z,San Biagio Platani,AG,32.4
2026-08-06T12:24:18.436Z,San Giovanni Gemini,AG,25.4
2026-08-06T12:24:18.436Z,Santa Elisabetta,AG,32.7
2026-08-06T12:24:18.436Z,Santa Margherita di Belice,AG,36
2026-08-06T12:24:18.436Z,Sant'Angelo Muxaro,AG,32.4
2026-08-06T12:24:18.436Z,Santo Stefano Quisquina,AG,15.5
2026-08-06T12:24:18.436Z,Sciacca,AG,33.6
2026-08-06T12:24:18.436Z,Siculiana,AG,32.4
2026-08-06T12:24:18.436Z,Villafranca Sicula,AG,34.4
2026-08-06T12:24:18.436Z,Acquaviva Platani,CL,33.6
2026-08-06T12:24:18.436Z,Bompensiere,CL,32
2026-08-06T12:24:18.436Z,Butera,CL,35.2
2026-08-06T12:24:18.436Z,Caltanissetta,CL,36.1
2026-08-06T12:24:18.436Z,Campofranco,CL,32
2026-08-06T12:24:18.436Z,Delia,CL,34.2
2026-08-06T12:24:18.436Z,Gela,CL,34.2
2026-08-06T12:24:18.436Z,Marianopoli,CL,28.3
2026-08-06T12:24:18.436Z,Mazzarino,CL,35.1
2026-08-06T12:24:18.436Z,Milena,CL,32
2026-08-06T12:24:18.436Z,Montedoro,CL,33.3
2026-08-06T12:24:18.436Z,Mussomeli,CL,34.3
2026-08-06T12:24:18.436Z,Niscemi,CL,32.8
2026-08-06T12:24:18.436Z,Resuttano,CL,33.3
2026-08-06T12:24:18.436Z,Riesi,CL,35
2026-08-06T12:24:18.436Z,San Cataldo,CL,38
2026-08-06T12:24:18.436Z,Santa Caterina Villarmosa,CL,33.3
2026-08-06T12:24:18.436Z,Serradifalco,CL,34.4
2026-08-06T12:24:18.436Z,Sommatino,CL,35
2026-08-06T12:24:18.436Z,Sutera,CL,32.3
2026-08-06T12:24:18.436Z,Vallelunga Pratameno,CL,32.3
2026-08-06T12:24:18.436Z,Villalba,CL,28.3
2026-08-06T12:24:18.436Z,Agira,EN,35
2026-08-06T12:24:18.436Z,Aidone,EN,36.9
2026-08-06T12:24:18.436Z,Assoro,EN,35
2026-08-06T12:24:18.436Z,Barrafranca,EN,33.8
2026-08-06T12:24:18.436Z,Calascibetta,EN,36.3
2026-08-06T12:24:18.436Z,Catenanuova,EN,33.5
2026-08-06T12:24:18.436Z,Centuripe,EN,33.5
2026-08-06T12:24:18.436Z,Cerami,EN,34.4
2026-08-06T12:24:18.436Z,Enna,EN,37.4
2026-08-06T12:24:18.436Z,Gagliano Castelferrato,EN,31.8
2026-08-06T12:24:18.436Z,Leonforte,EN,36.1
2026-08-06T12:24:18.436Z,Nicosia,EN,34.1
2026-08-06T12:24:18.436Z,Nissoria,EN,33.2
2026-08-06T12:24:18.436Z,Piazza Armerina,EN,30.6
2026-08-06T12:24:18.436Z,Pietraperzia,EN,35.6
2026-08-06T12:24:18.436Z,Regalbuto,EN,39.3
2026-08-06T12:24:18.436Z,Sperlinga,EN,33.1
2026-08-06T12:24:18.436Z,Troina,EN,29
2026-08-06T12:24:18.436Z,Valguarnera Caropepe,EN,35.3
2026-08-06T12:24:18.436Z,Villarosa,EN,36.9
2026-08-06T12:24:18.436Z,Aci Bonaccorsi,CT,32.9
2026-08-06T12:24:18.436Z,Aci Castello,CT,36.5
2026-08-06T12:24:18.436Z,Aci Catena,CT,33.9
2026-08-06T12:24:18.436Z,Acireale,CT,34.1
2026-08-06T12:24:18.436Z,Aci Sant'Antonio,CT,34.3
2026-08-06T12:24:18.436Z,Adrano,CT,25.6
2026-08-06T12:24:18.436Z,Belpasso,CT,36.1
2026-08-06T12:24:18.436Z,Biancavilla,CT,35.9
2026-08-06T12:24:18.436Z,Bronte,CT,31.9
2026-08-06T12:24:18.436Z,Calatabiano,CT,27.3
2026-08-06T12:24:18.436Z,Caltagirone,CT,33.2
2026-08-06T12:24:18.436Z,Camporotondo Etneo,CT,33.5
2026-08-06T12:24:18.436Z,Castel di Iudica,CT,-273.1
2026-08-06T12:24:18.436Z,Castiglione di Sicilia,CT,33.9
2026-08-06T12:24:18.436Z,Catania,CT,34
2026-08-06T12:24:18.436Z,Fiumefreddo di Sicilia,CT,34.4
2026-08-06T12:24:18.436Z,Giarre,CT,34
2026-08-06T12:24:18.436Z,Grammichele,CT,34.2
2026-08-06T12:24:18.436Z,Gravina di Catania,CT,35.4
2026-08-06T12:24:18.436Z,Licodia Eubea,CT,34.9
2026-08-06T12:24:18.436Z,Linguaglossa,CT,31
2026-08-06T12:24:18.436Z,Maletto,CT,31.9
2026-08-06T12:24:18.436Z,Mascali,CT,35.6
2026-08-06T12:24:18.436Z,Mascalucia,CT,34.3
2026-08-06T12:24:18.436Z,Militello in Val di Catania,CT,37.2
2026-08-06T12:24:18.436Z,Milo,CT,16.9
2026-08-06T12:24:18.436Z,Mineo,CT,36.8
2026-08-06T12:24:18.436Z,Mirabella Imbaccari,CT,35.7
2026-08-06T12:24:18.436Z,Misterbianco,CT,34
2026-08-06T12:24:18.436Z,Motta Sant'Anastasia,CT,35.6
2026-08-06T12:24:18.436Z,Nicolosi,CT,29.3
2026-08-06T12:24:18.436Z,Palagonia,CT,33.6
2026-08-06T12:24:18.436Z,Paternò,CT,36.9
2026-08-06T12:24:18.436Z,Pedara,CT,29.3
2026-08-06T12:24:18.436Z,Piedimonte Etneo,CT,31
2026-08-06T12:24:18.436Z,Raddusa,CT,32.9
2026-08-06T12:24:18.436Z,Ramacca,CT,35.9
2026-08-06T12:24:18.436Z,Randazzo,CT,31.9
2026-08-06T12:24:18.436Z,Riposto,CT,34.8
2026-08-06T12:24:18.436Z,San Cono,CT,34.5
2026-08-06T12:24:18.436Z,San Giovanni la Punta,CT,35
2026-08-06T12:24:18.436Z,San Gregorio di Catania,CT,35
2026-08-06T12:24:18.436Z,San Michele di Ganzaria,CT,35.7
2026-08-06T12:24:18.436Z,San Pietro Clarenza,CT,34.3
2026-08-06T12:24:18.436Z,Sant'Agata li Battiati,CT,34.6
2026-08-06T12:24:18.436Z,Sant'Alfio,CT,16.9
2026-08-06T12:24:18.436Z,Santa Maria di Licodia,CT,35.9
2026-08-06T12:24:18.436Z,Santa Venerina,CT,34.1
2026-08-06T12:24:18.436Z,Scordia,CT,37.2
2026-08-06T12:24:18.436Z,Trecastagni,CT,29.3
2026-08-06T12:24:18.436Z,Tremestieri Etneo,CT,35.4
2026-08-06T12:24:18.436Z,Valverde,CT,35
2026-08-06T12:24:18.436Z,Viagrande,CT,32.9
2026-08-06T12:24:18.436Z,Vizzini,CT,33.9
2026-08-06T12:24:18.436Z,Zafferana Etnea,CT,34.1
2026-08-06T12:24:18.436Z,Mazzarrone,CT,33.8
2026-08-06T12:24:18.436Z,Maniace,CT,32.2
2026-08-06T12:24:18.436Z,Ragalna,CT,19.9
2026-08-06T12:24:18.436Z,Acate,RG,33.7
2026-08-06T12:24:18.436Z,Chiaramonte Gulfi,RG,33.9
2026-08-06T12:24:18.436Z,Comiso,RG,35.6
2026-08-06T12:24:18.436Z,Giarratana,RG,32.4
2026-08-06T12:24:18.436Z,Ispica,RG,33.9
2026-08-06T12:24:18.436Z,Modica,RG,35.9
2026-08-06T12:24:18.436Z,Monterosso Almo,RG,32.4
2026-08-06T12:24:18.436Z,Pozzallo,RG,38
2026-08-06T12:24:18.436Z,Ragusa,RG,33.1
2026-08-06T12:24:18.436Z,Santa Croce Camerina,RG,31.2
2026-08-06T12:24:18.436Z,Scicli,RG,30.4
2026-08-06T12:24:18.436Z,Vittoria,RG,33.7
2026-08-06T12:24:18.436Z,Augusta,SR,34.5
2026-08-06T12:24:18.436Z,Avola,SR,34
2026-08-06T12:24:18.436Z,Buccheri,SR,33.9
2026-08-06T12:24:18.436Z,Buscemi,SR,32.3
2026-08-06T12:24:18.436Z,Canicattini Bagni,SR,35
2026-08-06T12:24:18.436Z,Carlentini,SR,36.7
2026-08-06T12:24:18.436Z,Cassaro,SR,36.5
2026-08-06T12:24:18.436Z,Ferla,SR,33.9
2026-08-06T12:24:18.436Z,Floridia,SR,35
2026-08-06T12:24:18.436Z,Francofonte,SR,37.3
2026-08-06T12:24:18.436Z,Lentini,SR,36.8
2026-08-06T12:24:18.436Z,Melilli,SR,34.4
2026-08-06T12:24:18.436Z,Noto,SR,36.6
2026-08-06T12:24:18.436Z,Pachino,SR,31.1
2026-08-06T12:24:18.436Z,Palazzolo Acreide,SR,36.5
2026-08-06T12:24:18.436Z,Rosolini,SR,33.7
2026-08-06T12:24:18.436Z,Siracusa,SR,40
2026-08-06T12:24:18.436Z,Solarino,SR,33.3
2026-08-06T12:24:18.436Z,Sortino,SR,34.5
2026-08-06T12:24:18.436Z,Portopalo di Capo Passero,SR,31.1
2026-08-06T12:24:18.436Z,Priolo Gargallo,SR,33
2026-08-06T12:31:31.823Z,2026-08-06,giovedì,14,Alcamo,TP,32
2026-08-06T12:31:31.823Z,2026-08-06,giovedì,14,Buseto Palizzolo,TP,30.2
2026-08-06T12:31:31.823Z,2026-08-06,giovedì,14,Calatafimi-Segesta,TP,31
2026-08-06T12:31:31.823Z,2026-08-06,giovedì,14,Campobello di Mazara,TP,34.9
2026-08-06T12:31:31.823Z,2026-08-06,giovedì,14,Castellammare del Golfo,TP,30.2
2026-08-06T12:31:31.823Z,2026-08-06,giovedì,14,Castelvetrano,TP,34.6
2026-08-06T12:31:31.823Z,2026-08-06,giovedì,14,Custonaci,TP,29.8
2026-08-06T12:31:31.823Z,2026-08-06,giovedì,14,Erice,TP,32.8
2026-08-06T12:31:31.823Z,2026-08-06,giovedì,14,Favignana,TP,32.1
2026-08-06T12:31:31.823Z,2026-08-06,giovedì,14,Gibellina,TP,33.7
2026-08-06T12:31:31.823Z,2026-08-06,giovedì,14,Marsala,TP,32.2
2026-08-06T12:31:31.823Z,2026-08-06,giovedì,14,Mazara del Vallo,TP,33.1
2026-08-06T12:31:31.823Z,2026-08-06,giovedì,14,Paceco,TP,33.3
2026-08-06T12:31:31.823Z,2026-08-06,giovedì,14,Pantelleria,TP,30.1
2026-08-06T12:31:31.823Z,2026-08-06,giovedì,14,Partanna,TP,35.2
2026-08-06T12:31:31.823Z,2026-08-06,giovedì,14,Poggioreale,TP,34.7
2026-08-06T12:31:31.823Z,2026-08-06,giovedì,14,Salaparuta,TP,33.7
2026-08-06T12:31:31.823Z,2026-08-06,giovedì,14,Salemi,TP,31.2
2026-08-06T12:31:31.823Z,2026-08-06,giovedì,14,Santa Ninfa,TP,34.6
2026-08-06T12:31:31.823Z,2026-08-06,giovedì,14,San Vito Lo Capo,TP,31.7
2026-08-06T12:31:31.823Z,2026-08-06,giovedì,14,Trapani,TP,32.8
2026-08-06T12:31:31.823Z,2026-08-06,giovedì,14,Valderice,TP,27.1
2026-08-06T12:31:31.823Z,2026-08-06,giovedì,14,Vita,TP,31.2
2026-08-06T12:31:31.823Z,2026-08-06,giovedì,14,Petrosino,TP,29.9
2026-08-06T12:31:31.823Z,2026-08-06,giovedì,14,Misiliscemi,TP,33.3
2026-08-06T12:31:31.823Z,2026-08-06,giovedì,14,Alia,PA,32.6
2026-08-06T12:31:31.823Z,2026-08-06,giovedì,14,Alimena,PA,33.7
2026-08-06T12:31:31.823Z,2026-08-06,giovedì,14,Aliminusa,PA,29.3
2026-08-06T12:31:31.823Z,2026-08-06,giovedì,14,Altavilla Milicia,PA,30.6
2026-08-06T12:31:31.823Z,2026-08-06,giovedì,14,Altofonte,PA,26.7
2026-08-06T12:31:31.823Z,2026-08-06,giovedì,14,Bagheria,PA,29.5
2026-08-06T12:31:31.823Z,2026-08-06,giovedì,14,Balestrate,PA,32
2026-08-06T12:31:31.823Z,2026-08-06,giovedì,14,Baucina,PA,30.8
2026-08-06T12:31:31.823Z,2026-08-06,giovedì,14,Belmonte Mezzagno,PA,26.7
2026-08-06T12:31:31.823Z,2026-08-06,giovedì,14,Bisacquino,PA,32.6
2026-08-06T12:31:31.823Z,2026-08-06,giovedì,14,Bolognetta,PA,28.8
2026-08-06T12:31:31.823Z,2026-08-06,giovedì,14,Bompietro,PA,33.7
2026-08-06T12:31:31.823Z,2026-08-06,giovedì,14,Borgetto,PA,32.9
2026-08-06T12:31:31.823Z,2026-08-06,giovedì,14,Caccamo,PA,31.6
2026-08-06T12:31:31.823Z,2026-08-06,giovedì,14,Caltavuturo,PA,28.4
2026-08-06T12:31:31.823Z,2026-08-06,giovedì,14,Campofelice di Fitalia,PA,32.3
2026-08-06T12:31:31.823Z,2026-08-06,giovedì,14,Campofelice di Roccella,PA,31.7
2026-08-06T12:31:31.823Z,2026-08-06,giovedì,14,Campofiorito,PA,32.6
2026-08-06T12:31:31.823Z,2026-08-06,giovedì,14,Camporeale,PA,31.9
2026-08-06T12:31:31.823Z,2026-08-06,giovedì,14,Capaci,PA,29.2
2026-08-06T12:31:31.823Z,2026-08-06,giovedì,14,Carini,PA,33.3
2026-08-06T12:31:31.823Z,2026-08-06,giovedì,14,Castelbuono,PA,30
2026-08-06T12:31:31.823Z,2026-08-06,giovedì,14,Casteldaccia,PA,30.6
2026-08-06T12:31:31.823Z,2026-08-06,giovedì,14,Castellana Sicula,PA,32.7
2026-08-06T12:31:31.823Z,2026-08-06,giovedì,14,Castronovo di Sicilia,PA,27.5
2026-08-06T12:31:31.823Z,2026-08-06,giovedì,14,Cefalà Diana,PA,29.3
2026-08-06T12:31:31.823Z,2026-08-06,giovedì,14,Cefalù,PA,27
2026-08-06T12:31:31.823Z,2026-08-06,giovedì,14,Cerda,PA,30.1
2026-08-06T12:31:31.823Z,2026-08-06,giovedì,14,Chiusa Sclafani,PA,31.8
2026-08-06T12:31:31.823Z,2026-08-06,giovedì,14,Ciminna,PA,31.1
2026-08-06T12:31:31.823Z,2026-08-06,giovedì,14,Cinisi,PA,33.3
2026-08-06T12:31:31.823Z,2026-08-06,giovedì,14,Collesano,PA,31.1
2026-08-06T12:31:31.823Z,2026-08-06,giovedì,14,Contessa Entellina,PA,34.1
2026-08-06T12:31:31.823Z,2026-08-06,giovedì,14,Corleone,PA,31.7
2026-08-06T12:31:31.823Z,2026-08-06,giovedì,14,Ficarazzi,PA,29.5
2026-08-06T12:31:31.823Z,2026-08-06,giovedì,14,Gangi,PA,36.5
2026-08-06T12:31:31.823Z,2026-08-06,giovedì,14,Geraci Siculo,PA,28.7
2026-08-06T12:31:31.823Z,2026-08-06,giovedì,14,Giardinello,PA,32.9
2026-08-06T12:31:31.823Z,2026-08-06,giovedì,14,Giuliana,PA,33.7
2026-08-06T12:31:31.823Z,2026-08-06,giovedì,14,Godrano,PA,31.7
2026-08-06T12:31:31.823Z,2026-08-06,giovedì,14,Gratteri,PA,28.3
2026-08-06T12:31:31.823Z,2026-08-06,giovedì,14,Isnello,PA,24
2026-08-06T12:31:31.823Z,2026-08-06,giovedì,14,Isola delle Femmine,PA,31
2026-08-06T12:31:31.823Z,2026-08-06,giovedì,14,Lascari,PA,32.1
2026-08-06T12:31:31.823Z,2026-08-06,giovedì,14,Lercara Friddi,PA,25.2
2026-08-06T12:31:31.823Z,2026-08-06,giovedì,14,Marineo,PA,29.4
2026-08-06T12:31:31.823Z,2026-08-06,giovedì,14,Mezzojuso,PA,29.3
2026-08-06T12:31:31.823Z,2026-08-06,giovedì,14,Misilmeri,PA,30.1
2026-08-06T12:31:31.823Z,2026-08-06,giovedì,14,Monreale,PA,35.3
2026-08-06T12:31:31.823Z,2026-08-06,giovedì,14,Montelepre,PA,29.2
2026-08-06T12:31:31.823Z,2026-08-06,giovedì,14,Montemaggiore Belsito,PA,29.3
2026-08-06T12:31:31.823Z,2026-08-06,giovedì,14,Palazzo Adriano,PA,18.8
2026-08-06T12:31:31.823Z,2026-08-06,giovedì,14,Palermo,PA,31.8
2026-08-06T12:31:31.823Z,2026-08-06,giovedì,14,Partinico,PA,34.8
2026-08-06T12:31:31.823Z,2026-08-06,giovedì,14,Petralia Soprana,PA,30.1
2026-08-06T12:31:31.823Z,2026-08-06,giovedì,14,Petralia Sottana,PA,33.3
2026-08-06T12:31:31.823Z,2026-08-06,giovedì,14,Piana degli Albanesi,PA,23.3
2026-08-06T12:31:31.823Z,2026-08-06,giovedì,14,Polizzi Generosa,PA,31.1
2026-08-06T12:31:31.823Z,2026-08-06,giovedì,14,Pollina,PA,28.9
2026-08-06T12:31:31.823Z,2026-08-06,giovedì,14,Prizzi,PA,23.3
2026-08-06T12:31:31.823Z,2026-08-06,giovedì,14,Roccamena,PA,32.3
2026-08-06T12:31:31.823Z,2026-08-06,giovedì,14,Roccapalumba,PA,31.6
2026-08-06T12:31:31.823Z,2026-08-06,giovedì,14,San Cipirello,PA,23.3
2026-08-06T12:31:31.823Z,2026-08-06,giovedì,14,San Giuseppe Jato,PA,31.9
2026-08-06T12:31:31.823Z,2026-08-06,giovedì,14,San Mauro Castelverde,PA,27.1
2026-08-06T12:31:31.823Z,2026-08-06,giovedì,14,Santa Cristina Gela,PA,29.4
2026-08-06T12:31:31.823Z,2026-08-06,giovedì,14,Santa Flavia,PA,29.5
2026-08-06T12:31:31.823Z,2026-08-06,giovedì,14,Sciara,PA,30.1
2026-08-06T12:31:31.823Z,2026-08-06,giovedì,14,Sclafani Bagni,PA,30.6
2026-08-06T12:31:31.823Z,2026-08-06,giovedì,14,Termini Imerese,PA,30.1
2026-08-06T12:31:31.823Z,2026-08-06,giovedì,14,Terrasini,PA,33.3
2026-08-06T12:31:31.823Z,2026-08-06,giovedì,14,Torretta,PA,29.2
2026-08-06T12:31:31.823Z,2026-08-06,giovedì,14,Trabia,PA,27.7
2026-08-06T12:31:31.823Z,2026-08-06,giovedì,14,Trappeto,PA,34.8
2026-08-06T12:31:31.823Z,2026-08-06,giovedì,14,Valledolmo,PA,30.6
2026-08-06T12:31:31.823Z,2026-08-06,giovedì,14,Ventimiglia di Sicilia,PA,30.8
2026-08-06T12:31:31.823Z,2026-08-06,giovedì,14,Vicari,PA,27.8
2026-08-06T12:31:31.823Z,2026-08-06,giovedì,14,Villabate,PA,33.6
2026-08-06T12:31:31.823Z,2026-08-06,giovedì,14,Villafrati,PA,28.8
2026-08-06T12:31:31.823Z,2026-08-06,giovedì,14,Scillato,PA,28.4
2026-08-06T12:31:31.823Z,2026-08-06,giovedì,14,Blufi,PA,33.7
2026-08-06T12:31:31.823Z,2026-08-06,giovedì,14,Alcara li Fusi,ME,22.7
2026-08-06T12:31:31.823Z,2026-08-06,giovedì,14,Alì,ME,32.8
2026-08-06T12:31:31.823Z,2026-08-06,giovedì,14,Alì Terme,ME,33.4
2026-08-06T12:31:31.823Z,2026-08-06,giovedì,14,Antillo,ME,34
2026-08-06T12:31:31.823Z,2026-08-06,giovedì,14,Barcellona Pozzo di Gotto,ME,34.7
2026-08-06T12:31:31.823Z,2026-08-06,giovedì,14,Basicò,ME,30.8
2026-08-06T12:31:31.823Z,2026-08-06,giovedì,14,Brolo,ME,28.4
2026-08-06T12:31:31.823Z,2026-08-06,giovedì,14,Capizzi,ME,22.7
2026-08-06T12:31:31.823Z,2026-08-06,giovedì,14,Capo d'Orlando,ME,31.6
2026-08-06T12:31:31.823Z,2026-08-06,giovedì,14,Capri Leone,ME,32
2026-08-06T12:31:31.823Z,2026-08-06,giovedì,14,Caronia,ME,31.3
2026-08-06T12:31:31.823Z,2026-08-06,giovedì,14,Casalvecchio Siculo,ME,34
2026-08-06T12:31:31.823Z,2026-08-06,giovedì,14,Castel di Lucio,ME,31.5
2026-08-06T12:31:31.823Z,2026-08-06,giovedì,14,Castell'Umberto,ME,28.2
2026-08-06T12:31:31.823Z,2026-08-06,giovedì,14,Castelmola,ME,28.6
2026-08-06T12:31:31.823Z,2026-08-06,giovedì,14,Castroreale,ME,35.1
2026-08-06T12:31:31.823Z,2026-08-06,giovedì,14,Cesarò,ME,32.1
2026-08-06T12:31:31.823Z,2026-08-06,giovedì,14,Condrò,ME,33.1
2026-08-06T12:31:31.823Z,2026-08-06,giovedì,14,Falcone,ME,33.1
2026-08-06T12:31:31.823Z,2026-08-06,giovedì,14,Ficarra,ME,28.2
2026-08-06T12:31:31.823Z,2026-08-06,giovedì,14,Fiumedinisi,ME,32.8
2026-08-06T12:31:31.823Z,2026-08-06,giovedì,14,Floresta,ME,21.5
2026-08-06T12:31:31.823Z,2026-08-06,giovedì,14,Fondachelli-Fantina,ME,29.9
2026-08-06T12:31:31.823Z,2026-08-06,giovedì,14,Forza d'Agrò,ME,31.4
2026-08-06T12:31:31.823Z,2026-08-06,giovedì,14,Francavilla di Sicilia,ME,32.2
2026-08-06T12:31:31.823Z,2026-08-06,giovedì,14,Frazzanò,ME,29.6
2026-08-06T12:31:31.823Z,2026-08-06,giovedì,14,Furci Siculo,ME,31.7
2026-08-06T12:31:31.823Z,2026-08-06,giovedì,14,Furnari,ME,33.1
2026-08-06T12:31:31.823Z,2026-08-06,giovedì,14,Gaggi,ME,32.2
2026-08-06T12:31:31.823Z,2026-08-06,giovedì,14,Galati Mamertino,ME,27
2026-08-06T12:31:31.823Z,2026-08-06,giovedì,14,Gallodoro,ME,32.1
2026-08-06T12:31:31.823Z,2026-08-06,giovedì,14,Giardini-Naxos,ME,27.3
2026-08-06T12:31:31.823Z,2026-08-06,giovedì,14,Gioiosa Marea,ME,31.4
2026-08-06T12:31:31.823Z,2026-08-06,giovedì,14,Graniti,ME,32.2
2026-08-06T12:31:31.823Z,2026-08-06,giovedì,14,Gualtieri Sicaminò,ME,33.1
2026-08-06T12:31:31.823Z,2026-08-06,giovedì,14,Itala,ME,33.9
2026-08-06T12:31:31.823Z,2026-08-06,giovedì,14,Leni,ME,30.2
2026-08-06T12:31:31.823Z,2026-08-06,giovedì,14,Letojanni,ME,35.6
2026-08-06T12:31:31.823Z,2026-08-06,giovedì,14,Librizzi,ME,31.6
2026-08-06T12:31:31.823Z,2026-08-06,giovedì,14,Limina,ME,34
2026-08-06T12:31:31.823Z,2026-08-06,giovedì,14,Lipari,ME,30.2
2026-08-06T12:31:31.823Z,2026-08-06,giovedì,14,Longi,ME,24.6
2026-08-06T12:31:31.823Z,2026-08-06,giovedì,14,Malfa,ME,30.2
2026-08-06T12:31:31.823Z,2026-08-06,giovedì,14,Malvagna,ME,35.6
2026-08-06T12:31:31.823Z,2026-08-06,giovedì,14,Mandanici,ME,31.7
2026-08-06T12:31:31.823Z,2026-08-06,giovedì,14,Mazzarrà Sant'Andrea,ME,33.1
2026-08-06T12:31:31.823Z,2026-08-06,giovedì,14,Merì,ME,32.3
2026-08-06T12:31:31.823Z,2026-08-06,giovedì,14,Messina,ME,35.8
2026-08-06T12:31:31.823Z,2026-08-06,giovedì,14,Milazzo,ME,32.3
2026-08-06T12:31:31.823Z,2026-08-06,giovedì,14,Militello Rosmarino,ME,25.3
2026-08-06T12:31:31.823Z,2026-08-06,giovedì,14,Mirto,ME,29.6
2026-08-06T12:31:31.823Z,2026-08-06,giovedì,14,Mistretta,ME,28.8
2026-08-06T12:31:31.823Z,2026-08-06,giovedì,14,Moio Alcantara,ME,35.6
2026-08-06T12:31:31.823Z,2026-08-06,giovedì,14,Monforte San Giorgio,ME,33.1
2026-08-06T12:31:31.823Z,2026-08-06,giovedì,14,Mongiuffi Melia,ME,32.1
2026-08-06T12:31:31.823Z,2026-08-06,giovedì,14,Montagnareale,ME,31.4
2026-08-06T12:31:31.823Z,2026-08-06,giovedì,14,Montalbano Elicona,ME,31.1
2026-08-06T12:31:31.823Z,2026-08-06,giovedì,14,Motta Camastra,ME,27.5
2026-08-06T12:31:31.823Z,2026-08-06,giovedì,14,Motta d'Affermo,ME,31.5
2026-08-06T12:31:31.823Z,2026-08-06,giovedì,14,Naso,ME,31.3
2026-08-06T12:31:31.823Z,2026-08-06,giovedì,14,Nizza di Sicilia,ME,32.8
2026-08-06T12:31:31.823Z,2026-08-06,giovedì,14,Novara di Sicilia,ME,30.1
2026-08-06T12:31:31.823Z,2026-08-06,giovedì,14,Oliveri,ME,31.7
2026-08-06T12:31:31.823Z,2026-08-06,giovedì,14,Pace del Mela,ME,32.3
2026-08-06T12:31:31.823Z,2026-08-06,giovedì,14,Pagliara,ME,31.7
2026-08-06T12:31:31.823Z,2026-08-06,giovedì,14,Patti,ME,33.9
2026-08-06T12:31:31.823Z,2026-08-06,giovedì,14,Pettineo,ME,31.4
2026-08-06T12:31:31.823Z,2026-08-06,giovedì,14,Piraino,ME,28.4
2026-08-06T12:31:31.823Z,2026-08-06,giovedì,14,Raccuja,ME,21.5
2026-08-06T12:31:31.823Z,2026-08-06,giovedì,14,Reitano,ME,31.3
2026-08-06T12:31:31.823Z,2026-08-06,giovedì,14,Roccafiorita,ME,32.1
2026-08-06T12:31:31.823Z,2026-08-06,giovedì,14,Roccalumera,ME,31.3
2026-08-06T12:31:31.823Z,2026-08-06,giovedì,14,Roccavaldina,ME,33.1
2026-08-06T12:31:31.823Z,2026-08-06,giovedì,14,Roccella Valdemone,ME,26.7
2026-08-06T12:31:31.823Z,2026-08-06,giovedì,14,Rodì Milici,ME,32.5
2026-08-06T12:31:31.823Z,2026-08-06,giovedì,14,Rometta,ME,25.8
2026-08-06T12:31:31.823Z,2026-08-06,giovedì,14,San Filippo del Mela,ME,32.3
2026-08-06T12:31:31.823Z,2026-08-06,giovedì,14,San Fratello,ME,25.8
2026-08-06T12:31:31.823Z,2026-08-06,giovedì,14,San Marco d'Alunzio,ME,26.9
2026-08-06T12:31:31.823Z,2026-08-06,giovedì,14,San Pier Niceto,ME,33.1
2026-08-06T12:31:31.823Z,2026-08-06,giovedì,14,San Piero Patti,ME,32
2026-08-06T12:31:31.823Z,2026-08-06,giovedì,14,San Salvatore di Fitalia,ME,28.2
2026-08-06T12:31:31.823Z,2026-08-06,giovedì,14,Santa Domenica Vittoria,ME,25.8
2026-08-06T12:31:31.823Z,2026-08-06,giovedì,14,Sant'Agata di Militello,ME,31
2026-08-06T12:31:31.823Z,2026-08-06,giovedì,14,Sant'Alessio Siculo,ME,31.4
2026-08-06T12:31:31.823Z,2026-08-06,giovedì,14,Santa Lucia del Mela,ME,27.8
2026-08-06T12:31:31.823Z,2026-08-06,giovedì,14,Santa Marina Salina,ME,30.2
2026-08-06T12:31:31.823Z,2026-08-06,giovedì,14,Sant'Angelo di Brolo,ME,30.4
2026-08-06T12:31:31.823Z,2026-08-06,giovedì,14,Santa Teresa di Riva,ME,33.4
2026-08-06T12:31:31.823Z,2026-08-06,giovedì,14,San Teodoro,ME,32.1
2026-08-06T12:31:31.823Z,2026-08-06,giovedì,14,Santo Stefano di Camastra,ME,32.5
2026-08-06T12:31:31.823Z,2026-08-06,giovedì,14,Saponara,ME,29.8
2026-08-06T12:31:31.823Z,2026-08-06,giovedì,14,Savoca,ME,33.4
2026-08-06T12:31:31.823Z,2026-08-06,giovedì,14,Scaletta Zanclea,ME,33.8
2026-08-06T12:31:31.823Z,2026-08-06,giovedì,14,Sinagra,ME,32.3
2026-08-06T12:31:31.823Z,2026-08-06,giovedì,14,Spadafora,ME,31.9
2026-08-06T12:31:31.823Z,2026-08-06,giovedì,14,Taormina,ME,28.6
2026-08-06T12:31:31.823Z,2026-08-06,giovedì,14,Torregrotta,ME,35
2026-08-06T12:31:31.823Z,2026-08-06,giovedì,14,Tortorici,ME,24.2
2026-08-06T12:31:31.823Z,2026-08-06,giovedì,14,Tripi,ME,30.8
2026-08-06T12:31:31.823Z,2026-08-06,giovedì,14,Tusa,ME,29.5
2026-08-06T12:31:31.823Z,2026-08-06,giovedì,14,Ucria,ME,21.5
2026-08-06T12:31:31.823Z,2026-08-06,giovedì,14,Valdina,ME,31.9
2026-08-06T12:31:31.823Z,2026-08-06,giovedì,14,Venetico,ME,31.9
2026-08-06T12:31:31.823Z,2026-08-06,giovedì,14,Villafranca Tirrena,ME,34.2
2026-08-06T12:31:31.823Z,2026-08-06,giovedì,14,Terme Vigliatore,ME,33.1
2026-08-06T12:31:31.823Z,2026-08-06,giovedì,14,Acquedolci,ME,31
2026-08-06T12:31:31.823Z,2026-08-06,giovedì,14,Torrenova,ME,32
2026-08-06T12:31:31.823Z,2026-08-06,giovedì,14,Agrigento,AG,31.1
2026-08-06T12:31:31.823Z,2026-08-06,giovedì,14,Alessandria della Rocca,AG,28.9
2026-08-06T12:31:31.823Z,2026-08-06,giovedì,14,Aragona,AG,32.9
2026-08-06T12:31:31.823Z,2026-08-06,giovedì,14,Bivona,AG,27.5
2026-08-06T12:31:31.823Z,2026-08-06,giovedì,14,Burgio,AG,35.3
2026-08-06T12:31:31.823Z,2026-08-06,giovedì,14,Calamonaci,AG,34.4
2026-08-06T12:31:31.823Z,2026-08-06,giovedì,14,Caltabellotta,AG,31.7
2026-08-06T12:31:31.823Z,2026-08-06,giovedì,14,Camastra,AG,29.1
2026-08-06T12:31:31.823Z,2026-08-06,giovedì,14,Cammarata,AG,28.6
2026-08-06T12:31:31.823Z,2026-08-06,giovedì,14,Campobello di Licata,AG,34.2
2026-08-06T12:31:31.823Z,2026-08-06,giovedì,14,Canicattì,AG,30.5
2026-08-06T12:31:31.823Z,2026-08-06,giovedì,14,Casteltermini,AG,33.6
2026-08-06T12:31:31.823Z,2026-08-06,giovedì,14,Castrofilippo,AG,31.9
2026-08-06T12:31:31.823Z,2026-08-06,giovedì,14,Cattolica Eraclea,AG,32.4
2026-08-06T12:31:31.823Z,2026-08-06,giovedì,14,Cianciana,AG,32.6
2026-08-06T12:31:31.823Z,2026-08-06,giovedì,14,Comitini,AG,32.9
2026-08-06T12:31:31.823Z,2026-08-06,giovedì,14,Favara,AG,31.1
2026-08-06T12:31:31.823Z,2026-08-06,giovedì,14,Grotte,AG,32
2026-08-06T12:31:31.823Z,2026-08-06,giovedì,14,Joppolo Giancaxio,AG,32.8
2026-08-06T12:31:31.823Z,2026-08-06,giovedì,14,Licata,AG,32.2
2026-08-06T12:31:31.823Z,2026-08-06,giovedì,14,Lucca Sicula,AG,34.4
2026-08-06T12:31:31.823Z,2026-08-06,giovedì,14,Menfi,AG,30.1
2026-08-06T12:31:31.823Z,2026-08-06,giovedì,14,Montallegro,AG,32.4
2026-08-06T12:31:31.823Z,2026-08-06,giovedì,14,Montevago,AG,35.2
2026-08-06T12:31:31.823Z,2026-08-06,giovedì,14,Naro,AG,29.1
2026-08-06T12:31:31.823Z,2026-08-06,giovedì,14,Palma di Montechiaro,AG,31.3
2026-08-06T12:31:31.823Z,2026-08-06,giovedì,14,Porto Empedocle,AG,30
2026-08-06T12:31:31.823Z,2026-08-06,giovedì,14,Racalmuto,AG,31.9
2026-08-06T12:31:31.823Z,2026-08-06,giovedì,14,Raffadali,AG,32.7
2026-08-06T12:31:31.823Z,2026-08-06,giovedì,14,Ravanusa,AG,34.2
2026-08-06T12:31:31.823Z,2026-08-06,giovedì,14,Realmonte,AG,30
2026-08-06T12:31:31.823Z,2026-08-06,giovedì,14,Ribera,AG,31.5
2026-08-06T12:31:31.823Z,2026-08-06,giovedì,14,Sambuca di Sicilia,AG,33.7
2026-08-06T12:31:31.823Z,2026-08-06,giovedì,14,San Biagio Platani,AG,32.4
2026-08-06T12:31:31.823Z,2026-08-06,giovedì,14,San Giovanni Gemini,AG,25.4
2026-08-06T12:31:31.823Z,2026-08-06,giovedì,14,Santa Elisabetta,AG,32.7
2026-08-06T12:31:31.823Z,2026-08-06,giovedì,14,Santa Margherita di Belice,AG,36
2026-08-06T12:31:31.823Z,2026-08-06,giovedì,14,Sant'Angelo Muxaro,AG,32.4
2026-08-06T12:31:31.823Z,2026-08-06,giovedì,14,Santo Stefano Quisquina,AG,15.5
2026-08-06T12:31:31.823Z,2026-08-06,giovedì,14,Sciacca,AG,33.6
2026-08-06T12:31:31.823Z,2026-08-06,giovedì,14,Siculiana,AG,32.4
2026-08-06T12:31:31.823Z,2026-08-06,giovedì,14,Villafranca Sicula,AG,34.4
2026-08-06T12:31:31.823Z,2026-08-06,giovedì,14,Acquaviva Platani,CL,33.6
2026-08-06T12:31:31.823Z,2026-08-06,giovedì,14,Bompensiere,CL,32
2026-08-06T12:31:31.823Z,2026-08-06,giovedì,14,Butera,CL,35.2
2026-08-06T12:31:31.823Z,2026-08-06,giovedì,14,Caltanissetta,CL,36.1
2026-08-06T12:31:31.823Z,2026-08-06,giovedì,14,Campofranco,CL,32
2026-08-06T12:31:31.823Z,2026-08-06,giovedì,14,Delia,CL,34.2
2026-08-06T12:31:31.823Z,2026-08-06,giovedì,14,Gela,CL,34.2
2026-08-06T12:31:31.823Z,2026-08-06,giovedì,14,Marianopoli,CL,28.3
2026-08-06T12:31:31.823Z,2026-08-06,giovedì,14,Mazzarino,CL,35.1
2026-08-06T12:31:31.823Z,2026-08-06,giovedì,14,Milena,CL,32
2026-08-06T12:31:31.823Z,2026-08-06,giovedì,14,Montedoro,CL,33.3
2026-08-06T12:31:31.823Z,2026-08-06,giovedì,14,Mussomeli,CL,34.3
2026-08-06T12:31:31.823Z,2026-08-06,giovedì,14,Niscemi,CL,32.8
2026-08-06T12:31:31.823Z,2026-08-06,giovedì,14,Resuttano,CL,33.3
2026-08-06T12:31:31.823Z,2026-08-06,giovedì,14,Riesi,CL,35
2026-08-06T12:31:31.823Z,2026-08-06,giovedì,14,San Cataldo,CL,38
2026-08-06T12:31:31.823Z,2026-08-06,giovedì,14,Santa Caterina Villarmosa,CL,33.3
2026-08-06T12:31:31.823Z,2026-08-06,giovedì,14,Serradifalco,CL,34.4
2026-08-06T12:31:31.823Z,2026-08-06,giovedì,14,Sommatino,CL,35
2026-08-06T12:31:31.823Z,2026-08-06,giovedì,14,Sutera,CL,32.3
2026-08-06T12:31:31.823Z,2026-08-06,giovedì,14,Vallelunga Pratameno,CL,32.3
2026-08-06T12:31:31.823Z,2026-08-06,giovedì,14,Villalba,CL,28.3
2026-08-06T12:31:31.823Z,2026-08-06,giovedì,14,Agira,EN,35
2026-08-06T12:31:31.823Z,2026-08-06,giovedì,14,Aidone,EN,36.9
2026-08-06T12:31:31.823Z,2026-08-06,giovedì,14,Assoro,EN,35
2026-08-06T12:31:31.823Z,2026-08-06,giovedì,14,Barrafranca,EN,33.8
2026-08-06T12:31:31.823Z,2026-08-06,giovedì,14,Calascibetta,EN,36.3
2026-08-06T12:31:31.823Z,2026-08-06,giovedì,14,Catenanuova,EN,33.5
2026-08-06T12:31:31.823Z,2026-08-06,giovedì,14,Centuripe,EN,33.5
2026-08-06T12:31:31.823Z,2026-08-06,giovedì,14,Cerami,EN,34.4
2026-08-06T12:31:31.823Z,2026-08-06,giovedì,14,Enna,EN,37.4
2026-08-06T12:31:31.823Z,2026-08-06,giovedì,14,Gagliano Castelferrato,EN,31.8
2026-08-06T12:31:31.823Z,2026-08-06,giovedì,14,Leonforte,EN,36.1
2026-08-06T12:31:31.823Z,2026-08-06,giovedì,14,Nicosia,EN,34.1
2026-08-06T12:31:31.823Z,2026-08-06,giovedì,14,Nissoria,EN,33.2
2026-08-06T12:31:31.823Z,2026-08-06,giovedì,14,Piazza Armerina,EN,30.6
2026-08-06T12:31:31.823Z,2026-08-06,giovedì,14,Pietraperzia,EN,35.6
2026-08-06T12:31:31.823Z,2026-08-06,giovedì,14,Regalbuto,EN,39.3
2026-08-06T12:31:31.823Z,2026-08-06,giovedì,14,Sperlinga,EN,33.1
2026-08-06T12:31:31.823Z,2026-08-06,giovedì,14,Troina,EN,29
2026-08-06T12:31:31.823Z,2026-08-06,giovedì,14,Valguarnera Caropepe,EN,35.3
2026-08-06T12:31:31.823Z,2026-08-06,giovedì,14,Villarosa,EN,36.9
2026-08-06T12:31:31.823Z,2026-08-06,giovedì,14,Aci Bonaccorsi,CT,32.9
2026-08-06T12:31:31.823Z,2026-08-06,giovedì,14,Aci Castello,CT,36.5
2026-08-06T12:31:31.823Z,2026-08-06,giovedì,14,Aci Catena,CT,33.9
2026-08-06T12:31:31.823Z,2026-08-06,giovedì,14,Acireale,CT,34.1
2026-08-06T12:31:31.823Z,2026-08-06,giovedì,14,Aci Sant'Antonio,CT,34.3
2026-08-06T12:31:31.823Z,2026-08-06,giovedì,14,Adrano,CT,25.6
2026-08-06T12:31:31.823Z,2026-08-06,giovedì,14,Belpasso,CT,36.1
2026-08-06T12:31:31.823Z,2026-08-06,giovedì,14,Biancavilla,CT,35.9
2026-08-06T12:31:31.823Z,2026-08-06,giovedì,14,Bronte,CT,31.9
2026-08-06T12:31:31.823Z,2026-08-06,giovedì,14,Calatabiano,CT,27.3
2026-08-06T12:31:31.823Z,2026-08-06,giovedì,14,Caltagirone,CT,33.2
2026-08-06T12:31:31.823Z,2026-08-06,giovedì,14,Camporotondo Etneo,CT,33.5
2026-08-06T12:31:31.823Z,2026-08-06,giovedì,14,Castel di Iudica,CT,-273.1
2026-08-06T12:31:31.823Z,2026-08-06,giovedì,14,Castiglione di Sicilia,CT,33.9
2026-08-06T12:31:31.823Z,2026-08-06,giovedì,14,Catania,CT,34
2026-08-06T12:31:31.823Z,2026-08-06,giovedì,14,Fiumefreddo di Sicilia,CT,34.4
2026-08-06T12:31:31.823Z,2026-08-06,giovedì,14,Giarre,CT,34
2026-08-06T12:31:31.823Z,2026-08-06,giovedì,14,Grammichele,CT,34.2
2026-08-06T12:31:31.823Z,2026-08-06,giovedì,14,Gravina di Catania,CT,35.4
2026-08-06T12:31:31.823Z,2026-08-06,giovedì,14,Licodia Eubea,CT,34.9
2026-08-06T12:31:31.823Z,2026-08-06,giovedì,14,Linguaglossa,CT,31
2026-08-06T12:31:31.823Z,2026-08-06,giovedì,14,Maletto,CT,31.9
2026-08-06T12:31:31.823Z,2026-08-06,giovedì,14,Mascali,CT,35.6
2026-08-06T12:31:31.823Z,2026-08-06,giovedì,14,Mascalucia,CT,34.3
2026-08-06T12:31:31.823Z,2026-08-06,giovedì,14,Militello in Val di Catania,CT,37.2
2026-08-06T12:31:31.823Z,2026-08-06,giovedì,14,Milo,CT,16.9
2026-08-06T12:31:31.823Z,2026-08-06,giovedì,14,Mineo,CT,36.8
2026-08-06T12:31:31.823Z,2026-08-06,giovedì,14,Mirabella Imbaccari,CT,35.7
2026-08-06T12:31:31.823Z,2026-08-06,giovedì,14,Misterbianco,CT,34
2026-08-06T12:31:31.823Z,2026-08-06,giovedì,14,Motta Sant'Anastasia,CT,35.6
2026-08-06T12:31:31.823Z,2026-08-06,giovedì,14,Nicolosi,CT,29.3
2026-08-06T12:31:31.823Z,2026-08-06,giovedì,14,Palagonia,CT,33.6
2026-08-06T12:31:31.823Z,2026-08-06,giovedì,14,Paternò,CT,36.9
2026-08-06T12:31:31.823Z,2026-08-06,giovedì,14,Pedara,CT,29.3
2026-08-06T12:31:31.823Z,2026-08-06,giovedì,14,Piedimonte Etneo,CT,31
2026-08-06T12:31:31.823Z,2026-08-06,giovedì,14,Raddusa,CT,32.9
2026-08-06T12:31:31.823Z,2026-08-06,giovedì,14,Ramacca,CT,35.9
2026-08-06T12:31:31.823Z,2026-08-06,giovedì,14,Randazzo,CT,31.9
2026-08-06T12:31:31.823Z,2026-08-06,giovedì,14,Riposto,CT,34.8
2026-08-06T12:31:31.823Z,2026-08-06,giovedì,14,San Cono,CT,34.5
2026-08-06T12:31:31.823Z,2026-08-06,giovedì,14,San Giovanni la Punta,CT,35
2026-08-06T12:31:31.823Z,2026-08-06,giovedì,14,San Gregorio di Catania,CT,35
2026-08-06T12:31:31.823Z,2026-08-06,giovedì,14,San Michele di Ganzaria,CT,35.7
2026-08-06T12:31:31.823Z,2026-08-06,giovedì,14,San Pietro Clarenza,CT,34.3
2026-08-06T12:31:31.823Z,2026-08-06,giovedì,14,Sant'Agata li Battiati,CT,34.6
2026-08-06T12:31:31.823Z,2026-08-06,giovedì,14,Sant'Alfio,CT,16.9
2026-08-06T12:31:31.823Z,2026-08-06,giovedì,14,Santa Maria di Licodia,CT,35.9
2026-08-06T12:31:31.823Z,2026-08-06,giovedì,14,Santa Venerina,CT,34.1
2026-08-06T12:31:31.823Z,2026-08-06,giovedì,14,Scordia,CT,37.2
2026-08-06T12:31:31.823Z,2026-08-06,giovedì,14,Trecastagni,CT,29.3
2026-08-06T12:31:31.823Z,2026-08-06,giovedì,14,Tremestieri Etneo,CT,35.4
2026-08-06T12:31:31.823Z,2026-08-06,giovedì,14,Valverde,CT,35
2026-08-06T12:31:31.823Z,2026-08-06,giovedì,14,Viagrande,CT,32.9
2026-08-06T12:31:31.823Z,2026-08-06,giovedì,14,Vizzini,CT,33.9
2026-08-06T12:31:31.823Z,2026-08-06,giovedì,14,Zafferana Etnea,CT,34.1
2026-08-06T12:31:31.823Z,2026-08-06,giovedì,14,Mazzarrone,CT,33.8
2026-08-06T12:31:31.823Z,2026-08-06,giovedì,14,Maniace,CT,32.2
2026-08-06T12:31:31.823Z,2026-08-06,giovedì,14,Ragalna,CT,19.9
2026-08-06T12:31:31.823Z,2026-08-06,giovedì,14,Acate,RG,33.7
2026-08-06T12:31:31.823Z,2026-08-06,giovedì,14,Chiaramonte Gulfi,RG,33.9
2026-08-06T12:31:31.823Z,2026-08-06,giovedì,14,Comiso,RG,35.6
2026-08-06T12:31:31.823Z,2026-08-06,giovedì,14,Giarratana,RG,32.4
2026-08-06T12:31:31.823Z,2026-08-06,giovedì,14,Ispica,RG,33.9
2026-08-06T12:31:31.823Z,2026-08-06,giovedì,14,Modica,RG,35.9
2026-08-06T12:31:31.823Z,2026-08-06,giovedì,14,Monterosso Almo,RG,32.4
2026-08-06T12:31:31.823Z,2026-08-06,giovedì,14,Pozzallo,RG,38
2026-08-06T12:31:31.823Z,2026-08-06,giovedì,14,Ragusa,RG,33.1
2026-08-06T12:31:31.823Z,2026-08-06,giovedì,14,Santa Croce Camerina,RG,31.2
2026-08-06T12:31:31.823Z,2026-08-06,giovedì,14,Scicli,RG,30.4
2026-08-06T12:31:31.823Z,2026-08-06,giovedì,14,Vittoria,RG,33.7
2026-08-06T12:31:31.823Z,2026-08-06,giovedì,14,Augusta,SR,34.5
2026-08-06T12:31:31.823Z,2026-08-06,giovedì,14,Avola,SR,34
2026-08-06T12:31:31.823Z,2026-08-06,giovedì,14,Buccheri,SR,33.9
2026-08-06T12:31:31.823Z,2026-08-06,giovedì,14,Buscemi,SR,32.3
2026-08-06T12:31:31.823Z,2026-08-06,giovedì,14,Canicattini Bagni,SR,35
2026-08-06T12:31:31.823Z,2026-08-06,giovedì,14,Carlentini,SR,36.7
2026-08-06T12:31:31.823Z,2026-08-06,giovedì,14,Cassaro,SR,36.5
2026-08-06T12:31:31.823Z,2026-08-06,giovedì,14,Ferla,SR,33.9
2026-08-06T12:31:31.823Z,2026-08-06,giovedì,14,Floridia,SR,35
2026-08-06T12:31:31.823Z,2026-08-06,giovedì,14,Francofonte,SR,37.3
2026-08-06T12:31:31.823Z,2026-08-06,giovedì,14,Lentini,SR,36.8
2026-08-06T12:31:31.823Z,2026-08-06,giovedì,14,Melilli,SR,34.4
2026-08-06T12:31:31.823Z,2026-08-06,giovedì,14,Noto,SR,36.6
2026-08-06T12:31:31.823Z,2026-08-06,giovedì,14,Pachino,SR,31.1
2026-08-06T12:31:31.823Z,2026-08-06,giovedì,14,Palazzolo Acreide,SR,36.5
2026-08-06T12:31:31.823Z,2026-08-06,giovedì,14,Rosolini,SR,33.7
2026-08-06T12:31:31.823Z,2026-08-06,giovedì,14,Siracusa,SR,40
2026-08-06T12:31:31.823Z,2026-08-06,giovedì,14,Solarino,SR,33.3
2026-08-06T12:31:31.823Z,2026-08-06,giovedì,14,Sortino,SR,34.5
2026-08-06T12:31:31.823Z,2026-08-06,giovedì,14,Portopalo di Capo Passero,SR,31.1
2026-08-06T12:31:31.823Z,2026-08-06,giovedì,14,Priolo Gargallo,SR,33
2026-08-06T14:47:35.310Z,2026-08-06,giovedì,16,Alcamo,TP,30
2026-08-06T14:47:35.310Z,2026-08-06,giovedì,16,Buseto Palizzolo,TP,30.1
2026-08-06T14:47:35.310Z,2026-08-06,giovedì,16,Calatafimi-Segesta,TP,27.4
2026-08-06T14:47:35.310Z,2026-08-06,giovedì,16,Campobello di Mazara,TP,34.2
2026-08-06T14:47:35.310Z,2026-08-06,giovedì,16,Castellammare del Golfo,TP,30.1
2026-08-06T14:47:35.310Z,2026-08-06,giovedì,16,Castelvetrano,TP,29
2026-08-06T14:47:35.310Z,2026-08-06,giovedì,16,Custonaci,TP,30.2
2026-08-06T14:47:35.310Z,2026-08-06,giovedì,16,Erice,TP,32
2026-08-06T14:47:35.310Z,2026-08-06,giovedì,16,Favignana,TP,31.4
2026-08-06T14:47:35.310Z,2026-08-06,giovedì,16,Gibellina,TP,23
2026-08-06T14:47:35.310Z,2026-08-06,giovedì,16,Marsala,TP,31.5
2026-08-06T14:47:35.310Z,2026-08-06,giovedì,16,Mazara del Vallo,TP,33.8
2026-08-06T14:47:35.310Z,2026-08-06,giovedì,16,Paceco,TP,34.4
2026-08-06T14:47:35.310Z,2026-08-06,giovedì,16,Pantelleria,TP,29.4
2026-08-06T14:47:35.310Z,2026-08-06,giovedì,16,Partanna,TP,23
2026-08-06T14:47:35.310Z,2026-08-06,giovedì,16,Poggioreale,TP,24.7
2026-08-06T14:47:35.310Z,2026-08-06,giovedì,16,Salaparuta,TP,23
2026-08-06T14:47:35.310Z,2026-08-06,giovedì,16,Salemi,TP,26.4
2026-08-06T14:47:35.310Z,2026-08-06,giovedì,16,Santa Ninfa,TP,22.2
2026-08-06T14:47:35.310Z,2026-08-06,giovedì,16,San Vito Lo Capo,TP,31.8
2026-08-06T14:47:35.310Z,2026-08-06,giovedì,16,Trapani,TP,32
2026-08-06T14:47:35.310Z,2026-08-06,giovedì,16,Valderice,TP,27.1
2026-08-06T14:47:35.310Z,2026-08-06,giovedì,16,Vita,TP,26.4
2026-08-06T14:47:35.310Z,2026-08-06,giovedì,16,Petrosino,TP,31.5
2026-08-06T14:47:35.310Z,2026-08-06,giovedì,16,Misiliscemi,TP,34.4
2026-08-06T14:47:35.310Z,2026-08-06,giovedì,16,Alia,PA,26.5
2026-08-06T14:47:35.310Z,2026-08-06,giovedì,16,Alimena,PA,26.9
2026-08-06T14:47:35.310Z,2026-08-06,giovedì,16,Aliminusa,PA,29.2
2026-08-06T14:47:35.310Z,2026-08-06,giovedì,16,Altavilla Milicia,PA,30.3
2026-08-06T14:47:35.310Z,2026-08-06,giovedì,16,Altofonte,PA,26.9
2026-08-06T14:47:35.310Z,2026-08-06,giovedì,16,Bagheria,PA,30.4
2026-08-06T14:47:35.310Z,2026-08-06,giovedì,16,Balestrate,PA,30
2026-08-06T14:47:35.310Z,2026-08-06,giovedì,16,Baucina,PA,28.4
2026-08-06T14:47:35.310Z,2026-08-06,giovedì,16,Belmonte Mezzagno,PA,26.9
2026-08-06T14:47:35.310Z,2026-08-06,giovedì,16,Bisacquino,PA,20.9
2026-08-06T14:47:35.310Z,2026-08-06,giovedì,16,Bolognetta,PA,29
2026-08-06T14:47:35.310Z,2026-08-06,giovedì,16,Bompietro,PA,26.9
2026-08-06T14:47:35.310Z,2026-08-06,giovedì,16,Borgetto,PA,30.7
2026-08-06T14:47:35.310Z,2026-08-06,giovedì,16,Caccamo,PA,32.4
2026-08-06T14:47:35.310Z,2026-08-06,giovedì,16,Caltavuturo,PA,28.6
2026-08-06T14:47:35.310Z,2026-08-06,giovedì,16,Campofelice di Fitalia,PA,28.1
2026-08-06T14:47:35.310Z,2026-08-06,giovedì,16,Campofelice di Roccella,PA,32.2
2026-08-06T14:47:35.310Z,2026-08-06,giovedì,16,Campofiorito,PA,20.9
2026-08-06T14:47:35.310Z,2026-08-06,giovedì,16,Camporeale,PA,28.2
2026-08-06T14:47:35.310Z,2026-08-06,giovedì,16,Capaci,PA,29.7
2026-08-06T14:47:35.310Z,2026-08-06,giovedì,16,Carini,PA,32.9
2026-08-06T14:47:35.310Z,2026-08-06,giovedì,16,Castelbuono,PA,28.7
2026-08-06T14:47:35.310Z,2026-08-06,giovedì,16,Casteldaccia,PA,30.3
2026-08-06T14:47:35.310Z,2026-08-06,giovedì,16,Castellana Sicula,PA,28.7
2026-08-06T14:47:35.310Z,2026-08-06,giovedì,16,Castronovo di Sicilia,PA,29.1
2026-08-06T14:47:35.310Z,2026-08-06,giovedì,16,Cefalà Diana,PA,27.7
2026-08-06T14:47:35.310Z,2026-08-06,giovedì,16,Cefalù,PA,26
2026-08-06T14:47:35.310Z,2026-08-06,giovedì,16,Cerda,PA,29.3
2026-08-06T14:47:35.310Z,2026-08-06,giovedì,16,Chiusa Sclafani,PA,24.5
2026-08-06T14:47:35.310Z,2026-08-06,giovedì,16,Ciminna,PA,28.7
2026-08-06T14:47:35.310Z,2026-08-06,giovedì,16,Cinisi,PA,32.9
2026-08-06T14:47:35.310Z,2026-08-06,giovedì,16,Collesano,PA,31.7
2026-08-06T14:47:35.310Z,2026-08-06,giovedì,16,Contessa Entellina,PA,23.6
2026-08-06T14:47:35.310Z,2026-08-06,giovedì,16,Corleone,PA,27.2
2026-08-06T14:47:35.310Z,2026-08-06,giovedì,16,Ficarazzi,PA,30.4
2026-08-06T14:47:35.310Z,2026-08-06,giovedì,16,Gangi,PA,31.4
2026-08-06T14:47:35.310Z,2026-08-06,giovedì,16,Geraci Siculo,PA,27.9
2026-08-06T14:47:35.310Z,2026-08-06,giovedì,16,Giardinello,PA,30.7
2026-08-06T14:47:35.310Z,2026-08-06,giovedì,16,Giuliana,PA,22.9
2026-08-06T14:47:35.310Z,2026-08-06,giovedì,16,Godrano,PA,27.2
2026-08-06T14:47:35.310Z,2026-08-06,giovedì,16,Gratteri,PA,30.6
2026-08-06T14:47:35.310Z,2026-08-06,giovedì,16,Isnello,PA,26.9
2026-08-06T14:47:35.310Z,2026-08-06,giovedì,16,Isola delle Femmine,PA,31.7
2026-08-06T14:47:35.310Z,2026-08-06,giovedì,16,Lascari,PA,32.1
2026-08-06T14:47:35.310Z,2026-08-06,giovedì,16,Lercara Friddi,PA,26.4
2026-08-06T14:47:35.310Z,2026-08-06,giovedì,16,Marineo,PA,29.8
2026-08-06T14:47:35.310Z,2026-08-06,giovedì,16,Mezzojuso,PA,27.7
2026-08-06T14:47:35.310Z,2026-08-06,giovedì,16,Misilmeri,PA,31.8
2026-08-06T14:47:35.310Z,2026-08-06,giovedì,16,Monreale,PA,27.5
2026-08-06T14:47:35.310Z,2026-08-06,giovedì,16,Montelepre,PA,29.7
2026-08-06T14:47:35.310Z,2026-08-06,giovedì,16,Montemaggiore Belsito,PA,29.2
2026-08-06T14:47:35.310Z,2026-08-06,giovedì,16,Palazzo Adriano,PA,24.6
2026-08-06T14:47:35.310Z,2026-08-06,giovedì,16,Palermo,PA,31.7
2026-08-06T14:47:35.310Z,2026-08-06,giovedì,16,Partinico,PA,31.3
2026-08-06T14:47:35.310Z,2026-08-06,giovedì,16,Petralia Soprana,PA,28.2
2026-08-06T14:47:35.310Z,2026-08-06,giovedì,16,Petralia Sottana,PA,32
2026-08-06T14:47:35.310Z,2026-08-06,giovedì,16,Piana degli Albanesi,PA,23.4
2026-08-06T14:47:35.310Z,2026-08-06,giovedì,16,Polizzi Generosa,PA,29.9
2026-08-06T14:47:35.310Z,2026-08-06,giovedì,16,Pollina,PA,27.8
2026-08-06T14:47:35.310Z,2026-08-06,giovedì,16,Prizzi,PA,26.2
2026-08-06T14:47:35.310Z,2026-08-06,giovedì,16,Roccamena,PA,28.3
2026-08-06T14:47:35.310Z,2026-08-06,giovedì,16,Roccapalumba,PA,32.4
2026-08-06T14:47:35.310Z,2026-08-06,giovedì,16,San Cipirello,PA,23.4
2026-08-06T14:47:35.310Z,2026-08-06,giovedì,16,San Giuseppe Jato,PA,28.5
2026-08-06T14:47:35.310Z,2026-08-06,giovedì,16,San Mauro Castelverde,PA,27.8
2026-08-06T14:47:35.310Z,2026-08-06,giovedì,16,Santa Cristina Gela,PA,29.8
2026-08-06T14:47:35.310Z,2026-08-06,giovedì,16,Santa Flavia,PA,30.4
2026-08-06T14:47:35.310Z,2026-08-06,giovedì,16,Sciara,PA,29.3
2026-08-06T14:47:35.310Z,2026-08-06,giovedì,16,Sclafani Bagni,PA,27.6
2026-08-06T14:47:35.310Z,2026-08-06,giovedì,16,Termini Imerese,PA,29.3
2026-08-06T14:47:35.310Z,2026-08-06,giovedì,16,Terrasini,PA,32.9
2026-08-06T14:47:35.310Z,2026-08-06,giovedì,16,Torretta,PA,29.7
2026-08-06T14:47:35.310Z,2026-08-06,giovedì,16,Trabia,PA,28
2026-08-06T14:47:35.310Z,2026-08-06,giovedì,16,Trappeto,PA,31.3
2026-08-06T14:47:35.310Z,2026-08-06,giovedì,16,Valledolmo,PA,27.6
2026-08-06T14:47:35.310Z,2026-08-06,giovedì,16,Ventimiglia di Sicilia,PA,28.4
2026-08-06T14:47:35.310Z,2026-08-06,giovedì,16,Vicari,PA,26.9
2026-08-06T14:47:35.310Z,2026-08-06,giovedì,16,Villabate,PA,32.9
2026-08-06T14:47:35.310Z,2026-08-06,giovedì,16,Villafrati,PA,29
2026-08-06T14:47:35.310Z,2026-08-06,giovedì,16,Scillato,PA,28.6
2026-08-06T14:47:35.310Z,2026-08-06,giovedì,16,Blufi,PA,26.9
2026-08-06T14:47:35.310Z,2026-08-06,giovedì,16,Alcara li Fusi,ME,21.2
2026-08-06T14:47:35.310Z,2026-08-06,giovedì,16,Alì,ME,30.7
2026-08-06T14:47:35.310Z,2026-08-06,giovedì,16,Alì Terme,ME,30.4
2026-08-06T14:47:35.310Z,2026-08-06,giovedì,16,Antillo,ME,32.5
2026-08-06T14:47:35.310Z,2026-08-06,giovedì,16,Barcellona Pozzo di Gotto,ME,33.2
2026-08-06T14:47:35.310Z,2026-08-06,giovedì,16,Basicò,ME,32.1
2026-08-06T14:47:35.310Z,2026-08-06,giovedì,16,Brolo,ME,31.9
2026-08-06T14:47:35.310Z,2026-08-06,giovedì,16,Capizzi,ME,20.7
2026-08-06T14:47:35.310Z,2026-08-06,giovedì,16,Capo d'Orlando,ME,31.6
2026-08-06T14:47:35.310Z,2026-08-06,giovedì,16,Capri Leone,ME,32.3
2026-08-06T14:47:35.310Z,2026-08-06,giovedì,16,Caronia,ME,29.8
2026-08-06T14:47:35.310Z,2026-08-06,giovedì,16,Casalvecchio Siculo,ME,32.5
2026-08-06T14:47:35.310Z,2026-08-06,giovedì,16,Castel di Lucio,ME,30.9
2026-08-06T14:47:35.310Z,2026-08-06,giovedì,16,Castell'Umberto,ME,28.1
2026-08-06T14:47:35.310Z,2026-08-06,giovedì,16,Castelmola,ME,27.8
2026-08-06T14:47:35.310Z,2026-08-06,giovedì,16,Castroreale,ME,32.9
2026-08-06T14:47:35.310Z,2026-08-06,giovedì,16,Cesarò,ME,25.9
2026-08-06T14:47:35.310Z,2026-08-06,giovedì,16,Condrò,ME,31.5
2026-08-06T14:47:35.310Z,2026-08-06,giovedì,16,Falcone,ME,32.6
2026-08-06T14:47:35.310Z,2026-08-06,giovedì,16,Ficarra,ME,28.5
2026-08-06T14:47:35.310Z,2026-08-06,giovedì,16,Fiumedinisi,ME,30.7
2026-08-06T14:47:35.310Z,2026-08-06,giovedì,16,Floresta,ME,22.7
2026-08-06T14:47:35.310Z,2026-08-06,giovedì,16,Fondachelli-Fantina,ME,29.6
2026-08-06T14:47:35.310Z,2026-08-06,giovedì,16,Forza d'Agrò,ME,31.2
2026-08-06T14:47:35.310Z,2026-08-06,giovedì,16,Francavilla di Sicilia,ME,29.9
2026-08-06T14:47:35.310Z,2026-08-06,giovedì,16,Frazzanò,ME,29.3
2026-08-06T14:47:35.310Z,2026-08-06,giovedì,16,Furci Siculo,ME,32.4
2026-08-06T14:47:35.310Z,2026-08-06,giovedì,16,Furnari,ME,32.6
2026-08-06T14:47:35.310Z,2026-08-06,giovedì,16,Gaggi,ME,30.1
2026-08-06T14:47:35.310Z,2026-08-06,giovedì,16,Galati Mamertino,ME,25.6
2026-08-06T14:47:35.310Z,2026-08-06,giovedì,16,Gallodoro,ME,29.2
2026-08-06T14:47:35.310Z,2026-08-06,giovedì,16,Giardini-Naxos,ME,27.3
2026-08-06T14:47:35.310Z,2026-08-06,giovedì,16,Gioiosa Marea,ME,28.3
2026-08-06T14:47:35.310Z,2026-08-06,giovedì,16,Graniti,ME,30.1
2026-08-06T14:47:35.310Z,2026-08-06,giovedì,16,Gualtieri Sicaminò,ME,31.5
2026-08-06T14:47:35.310Z,2026-08-06,giovedì,16,Itala,ME,33.1
2026-08-06T14:47:35.310Z,2026-08-06,giovedì,16,Leni,ME,30
2026-08-06T14:47:35.310Z,2026-08-06,giovedì,16,Letojanni,ME,32.4
2026-08-06T14:47:35.310Z,2026-08-06,giovedì,16,Librizzi,ME,31
2026-08-06T14:47:35.310Z,2026-08-06,giovedì,16,Limina,ME,32.5
2026-08-06T14:47:35.310Z,2026-08-06,giovedì,16,Lipari,ME,30
2026-08-06T14:47:35.310Z,2026-08-06,giovedì,16,Longi,ME,20.7
2026-08-06T14:47:35.310Z,2026-08-06,giovedì,16,Malfa,ME,30
2026-08-06T14:47:35.310Z,2026-08-06,giovedì,16,Malvagna,ME,29.4
2026-08-06T14:47:35.310Z,2026-08-06,giovedì,16,Mandanici,ME,32.4
2026-08-06T14:47:35.310Z,2026-08-06,giovedì,16,Mazzarrà Sant'Andrea,ME,32.6
2026-08-06T14:47:35.310Z,2026-08-06,giovedì,16,Merì,ME,31.8
2026-08-06T14:47:35.310Z,2026-08-06,giovedì,16,Messina,ME,34.3
2026-08-06T14:47:35.310Z,2026-08-06,giovedì,16,Milazzo,ME,31.8
2026-08-06T14:47:35.310Z,2026-08-06,giovedì,16,Militello Rosmarino,ME,29.6
2026-08-06T14:47:35.310Z,2026-08-06,giovedì,16,Mirto,ME,29.3
2026-08-06T14:47:35.310Z,2026-08-06,giovedì,16,Mistretta,ME,27.1
2026-08-06T14:47:35.310Z,2026-08-06,giovedì,16,Moio Alcantara,ME,29.4
2026-08-06T14:47:35.310Z,2026-08-06,giovedì,16,Monforte San Giorgio,ME,33.1
2026-08-06T14:47:35.310Z,2026-08-06,giovedì,16,Mongiuffi Melia,ME,29.2
2026-08-06T14:47:35.310Z,2026-08-06,giovedì,16,Montagnareale,ME,28.3
2026-08-06T14:47:35.310Z,2026-08-06,giovedì,16,Montalbano Elicona,ME,28.1
2026-08-06T14:47:35.310Z,2026-08-06,giovedì,16,Motta Camastra,ME,24.9
2026-08-06T14:47:35.310Z,2026-08-06,giovedì,16,Motta d'Affermo,ME,28.7
2026-08-06T14:47:35.310Z,2026-08-06,giovedì,16,Naso,ME,31
2026-08-06T14:47:35.310Z,2026-08-06,giovedì,16,Nizza di Sicilia,ME,30.7
2026-08-06T14:47:35.310Z,2026-08-06,giovedì,16,Novara di Sicilia,ME,31.4
2026-08-06T14:47:35.310Z,2026-08-06,giovedì,16,Oliveri,ME,31.4
2026-08-06T14:47:35.310Z,2026-08-06,giovedì,16,Pace del Mela,ME,31.8
2026-08-06T14:47:35.310Z,2026-08-06,giovedì,16,Pagliara,ME,32.4
2026-08-06T14:47:35.310Z,2026-08-06,giovedì,16,Patti,ME,32.5
2026-08-06T14:47:35.310Z,2026-08-06,giovedì,16,Pettineo,ME,30
2026-08-06T14:47:35.310Z,2026-08-06,giovedì,16,Piraino,ME,31.9
2026-08-06T14:47:35.310Z,2026-08-06,giovedì,16,Raccuja,ME,22.7
2026-08-06T14:47:35.310Z,2026-08-06,giovedì,16,Reitano,ME,29.5
2026-08-06T14:47:35.310Z,2026-08-06,giovedì,16,Roccafiorita,ME,29.2
2026-08-06T14:47:35.310Z,2026-08-06,giovedì,16,Roccalumera,ME,31.3
2026-08-06T14:47:35.310Z,2026-08-06,giovedì,16,Roccavaldina,ME,33.1
2026-08-06T14:47:35.310Z,2026-08-06,giovedì,16,Roccella Valdemone,ME,23.4
2026-08-06T14:47:35.310Z,2026-08-06,giovedì,16,Rodì Milici,ME,33.2
2026-08-06T14:47:35.310Z,2026-08-06,giovedì,16,Rometta,ME,24.4
2026-08-06T14:47:35.310Z,2026-08-06,giovedì,16,San Filippo del Mela,ME,31.8
2026-08-06T14:47:35.310Z,2026-08-06,giovedì,16,San Fratello,ME,26.8
2026-08-06T14:47:35.310Z,2026-08-06,giovedì,16,San Marco d'Alunzio,ME,27.4
2026-08-06T14:47:35.310Z,2026-08-06,giovedì,16,San Pier Niceto,ME,33.1
2026-08-06T14:47:35.310Z,2026-08-06,giovedì,16,San Piero Patti,ME,30.8
2026-08-06T14:47:35.310Z,2026-08-06,giovedì,16,San Salvatore di Fitalia,ME,28.1
2026-08-06T14:47:35.310Z,2026-08-06,giovedì,16,Santa Domenica Vittoria,ME,18.9
2026-08-06T14:47:35.310Z,2026-08-06,giovedì,16,Sant'Agata di Militello,ME,31
2026-08-06T14:47:35.310Z,2026-08-06,giovedì,16,Sant'Alessio Siculo,ME,31.2
2026-08-06T14:47:35.310Z,2026-08-06,giovedì,16,Santa Lucia del Mela,ME,28.9
2026-08-06T14:47:35.310Z,2026-08-06,giovedì,16,Santa Marina Salina,ME,30
2026-08-06T14:47:35.310Z,2026-08-06,giovedì,16,Sant'Angelo di Brolo,ME,33.2
2026-08-06T14:47:35.310Z,2026-08-06,giovedì,16,Santa Teresa di Riva,ME,30.3
2026-08-06T14:47:35.310Z,2026-08-06,giovedì,16,San Teodoro,ME,25.9
2026-08-06T14:47:35.310Z,2026-08-06,giovedì,16,Santo Stefano di Camastra,ME,32.8
2026-08-06T14:47:35.310Z,2026-08-06,giovedì,16,Saponara,ME,29.7
2026-08-06T14:47:35.310Z,2026-08-06,giovedì,16,Savoca,ME,30.3
2026-08-06T14:47:35.310Z,2026-08-06,giovedì,16,Scaletta Zanclea,ME,33.9
2026-08-06T14:47:35.310Z,2026-08-06,giovedì,16,Sinagra,ME,32.9
2026-08-06T14:47:35.310Z,2026-08-06,giovedì,16,Spadafora,ME,30.8
2026-08-06T14:47:35.310Z,2026-08-06,giovedì,16,Taormina,ME,27.8
2026-08-06T14:47:35.310Z,2026-08-06,giovedì,16,Torregrotta,ME,34.3
2026-08-06T14:47:35.310Z,2026-08-06,giovedì,16,Tortorici,ME,22.9
2026-08-06T14:47:35.310Z,2026-08-06,giovedì,16,Tripi,ME,32.1
2026-08-06T14:47:35.310Z,2026-08-06,giovedì,16,Tusa,ME,29.1
2026-08-06T14:47:35.310Z,2026-08-06,giovedì,16,Ucria,ME,22.7
2026-08-06T14:47:35.310Z,2026-08-06,giovedì,16,Valdina,ME,30.8
2026-08-06T14:47:35.310Z,2026-08-06,giovedì,16,Venetico,ME,30.8
2026-08-06T14:47:35.310Z,2026-08-06,giovedì,16,Villafranca Tirrena,ME,33.1
2026-08-06T14:47:35.310Z,2026-08-06,giovedì,16,Terme Vigliatore,ME,32.6
2026-08-06T14:47:35.310Z,2026-08-06,giovedì,16,Acquedolci,ME,31
2026-08-06T14:47:35.310Z,2026-08-06,giovedì,16,Torrenova,ME,32.3
2026-08-06T14:47:35.310Z,2026-08-06,giovedì,16,Agrigento,AG,32.1
2026-08-06T14:47:35.310Z,2026-08-06,giovedì,16,Alessandria della Rocca,AG,27.6
2026-08-06T14:47:35.310Z,2026-08-06,giovedì,16,Aragona,AG,28.5
2026-08-06T14:47:35.310Z,2026-08-06,giovedì,16,Bivona,AG,25.7
2026-08-06T14:47:35.310Z,2026-08-06,giovedì,16,Burgio,AG,23.9
2026-08-06T14:47:35.310Z,2026-08-06,giovedì,16,Calamonaci,AG,26.8
2026-08-06T14:47:35.310Z,2026-08-06,giovedì,16,Caltabellotta,AG,29.6
2026-08-06T14:47:35.310Z,2026-08-06,giovedì,16,Camastra,AG,27
2026-08-06T14:47:35.310Z,2026-08-06,giovedì,16,Cammarata,AG,30.1
2026-08-06T14:47:35.310Z,2026-08-06,giovedì,16,Campobello di Licata,AG,32.6
2026-08-06T14:47:35.310Z,2026-08-06,giovedì,16,Canicattì,AG,28.2
2026-08-06T14:47:35.310Z,2026-08-06,giovedì,16,Casteltermini,AG,33.4
2026-08-06T14:47:35.310Z,2026-08-06,giovedì,16,Castrofilippo,AG,28.6
2026-08-06T14:47:35.310Z,2026-08-06,giovedì,16,Cattolica Eraclea,AG,33.1
2026-08-06T14:47:35.310Z,2026-08-06,giovedì,16,Cianciana,AG,30
2026-08-06T14:47:35.310Z,2026-08-06,giovedì,16,Comitini,AG,28.5
2026-08-06T14:47:35.310Z,2026-08-06,giovedì,16,Favara,AG,32.1
2026-08-06T14:47:35.310Z,2026-08-06,giovedì,16,Grotte,AG,29.9
2026-08-06T14:47:35.310Z,2026-08-06,giovedì,16,Joppolo Giancaxio,AG,30.9
2026-08-06T14:47:35.310Z,2026-08-06,giovedì,16,Licata,AG,33
2026-08-06T14:47:35.310Z,2026-08-06,giovedì,16,Lucca Sicula,AG,26.8
2026-08-06T14:47:35.310Z,2026-08-06,giovedì,16,Menfi,AG,30.1
2026-08-06T14:47:35.310Z,2026-08-06,giovedì,16,Montallegro,AG,33.1
2026-08-06T14:47:35.310Z,2026-08-06,giovedì,16,Montevago,AG,23
2026-08-06T14:47:35.310Z,2026-08-06,giovedì,16,Naro,AG,27
2026-08-06T14:47:35.310Z,2026-08-06,giovedì,16,Palma di Montechiaro,AG,31
2026-08-06T14:47:35.310Z,2026-08-06,giovedì,16,Porto Empedocle,AG,29.7
2026-08-06T14:47:35.310Z,2026-08-06,giovedì,16,Racalmuto,AG,28.6
2026-08-06T14:47:35.310Z,2026-08-06,giovedì,16,Raffadali,AG,29.5
2026-08-06T14:47:35.310Z,2026-08-06,giovedì,16,Ravanusa,AG,32.6
2026-08-06T14:47:35.310Z,2026-08-06,giovedì,16,Realmonte,AG,29.7
2026-08-06T14:47:35.310Z,2026-08-06,giovedì,16,Ribera,AG,32.3
2026-08-06T14:47:35.310Z,2026-08-06,giovedì,16,Sambuca di Sicilia,AG,22.9
2026-08-06T14:47:35.310Z,2026-08-06,giovedì,16,San Biagio Platani,AG,29
2026-08-06T14:47:35.310Z,2026-08-06,giovedì,16,San Giovanni Gemini,AG,27.5
2026-08-06T14:47:35.310Z,2026-08-06,giovedì,16,Santa Elisabetta,AG,29.5
2026-08-06T14:47:35.310Z,2026-08-06,giovedì,16,Santa Margherita di Belice,AG,24
2026-08-06T14:47:35.310Z,2026-08-06,giovedì,16,Sant'Angelo Muxaro,AG,29
2026-08-06T14:47:35.310Z,2026-08-06,giovedì,16,Santo Stefano Quisquina,AG,21.4
2026-08-06T14:47:35.310Z,2026-08-06,giovedì,16,Sciacca,AG,35.1
2026-08-06T14:47:35.310Z,2026-08-06,giovedì,16,Siculiana,AG,33.1
2026-08-06T14:47:35.310Z,2026-08-06,giovedì,16,Villafranca Sicula,AG,26.8
2026-08-06T14:47:35.310Z,2026-08-06,giovedì,16,Acquaviva Platani,CL,33.4
2026-08-06T14:47:35.310Z,2026-08-06,giovedì,16,Bompensiere,CL,29.9
2026-08-06T14:47:35.310Z,2026-08-06,giovedì,16,Butera,CL,33.1
2026-08-06T14:47:35.310Z,2026-08-06,giovedì,16,Caltanissetta,CL,26.8
2026-08-06T14:47:35.310Z,2026-08-06,giovedì,16,Campofranco,CL,29.9
2026-08-06T14:47:35.310Z,2026-08-06,giovedì,16,Delia,CL,30.2
2026-08-06T14:47:35.310Z,2026-08-06,giovedì,16,Gela,CL,33.7
2026-08-06T14:47:35.310Z,2026-08-06,giovedì,16,Marianopoli,CL,24.9
2026-08-06T14:47:35.310Z,2026-08-06,giovedì,16,Mazzarino,CL,33.1
2026-08-06T14:47:35.310Z,2026-08-06,giovedì,16,Milena,CL,29.9
2026-08-06T14:47:35.310Z,2026-08-06,giovedì,16,Montedoro,CL,31.6
2026-08-06T14:47:35.310Z,2026-08-06,giovedì,16,Mussomeli,CL,30.6
2026-08-06T14:47:35.310Z,2026-08-06,giovedì,16,Niscemi,CL,31.2
2026-08-06T14:47:35.310Z,2026-08-06,giovedì,16,Resuttano,CL,32
2026-08-06T14:47:35.310Z,2026-08-06,giovedì,16,Riesi,CL,32.8
2026-08-06T14:47:35.310Z,2026-08-06,giovedì,16,San Cataldo,CL,32.6
2026-08-06T14:47:35.310Z,2026-08-06,giovedì,16,Santa Caterina Villarmosa,CL,22.9
2026-08-06T14:47:35.310Z,2026-08-06,giovedì,16,Serradifalco,CL,29.6
2026-08-06T14:47:35.310Z,2026-08-06,giovedì,16,Sommatino,CL,32.8
2026-08-06T14:47:35.310Z,2026-08-06,giovedì,16,Sutera,CL,30.1
2026-08-06T14:47:35.310Z,2026-08-06,giovedì,16,Vallelunga Pratameno,CL,30.3
2026-08-06T14:47:35.310Z,2026-08-06,giovedì,16,Villalba,CL,24.9
2026-08-06T14:47:35.310Z,2026-08-06,giovedì,16,Agira,EN,27.7
2026-08-06T14:47:35.310Z,2026-08-06,giovedì,16,Aidone,EN,31.2
2026-08-06T14:47:35.310Z,2026-08-06,giovedì,16,Assoro,EN,27.7
2026-08-06T14:47:35.310Z,2026-08-06,giovedì,16,Barrafranca,EN,22.9
2026-08-06T14:47:35.310Z,2026-08-06,giovedì,16,Calascibetta,EN,26.7
2026-08-06T14:47:35.310Z,2026-08-06,giovedì,16,Catenanuova,EN,30.4
2026-08-06T14:47:35.310Z,2026-08-06,giovedì,16,Centuripe,EN,30.4
2026-08-06T14:47:35.310Z,2026-08-06,giovedì,16,Cerami,EN,31
2026-08-06T14:47:35.310Z,2026-08-06,giovedì,16,Enna,EN,23.3
2026-08-06T14:47:35.310Z,2026-08-06,giovedì,16,Gagliano Castelferrato,EN,29.5
2026-08-06T14:47:35.310Z,2026-08-06,giovedì,16,Leonforte,EN,27
2026-08-06T14:47:35.310Z,2026-08-06,giovedì,16,Nicosia,EN,25.8
2026-08-06T14:47:35.310Z,2026-08-06,giovedì,16,Nissoria,EN,31.4
2026-08-06T14:47:35.310Z,2026-08-06,giovedì,16,Piazza Armerina,EN,19.4
2026-08-06T14:47:35.310Z,2026-08-06,giovedì,16,Pietraperzia,EN,27
2026-08-06T14:47:35.310Z,2026-08-06,giovedì,16,Regalbuto,EN,35.7
2026-08-06T14:47:35.310Z,2026-08-06,giovedì,16,Sperlinga,EN,27
2026-08-06T14:47:35.310Z,2026-08-06,giovedì,16,Troina,EN,28.6
2026-08-06T14:47:35.310Z,2026-08-06,giovedì,16,Valguarnera Caropepe,EN,22.3
2026-08-06T14:47:35.310Z,2026-08-06,giovedì,16,Villarosa,EN,25.7
2026-08-06T14:47:35.310Z,2026-08-06,giovedì,16,Aci Bonaccorsi,CT,30
2026-08-06T14:47:35.310Z,2026-08-06,giovedì,16,Aci Castello,CT,32.5
2026-08-06T14:47:35.310Z,2026-08-06,giovedì,16,Aci Catena,CT,31.9
2026-08-06T14:47:35.310Z,2026-08-06,giovedì,16,Acireale,CT,30.6
2026-08-06T14:47:35.310Z,2026-08-06,giovedì,16,Aci Sant'Antonio,CT,30.3
2026-08-06T14:47:35.310Z,2026-08-06,giovedì,16,Adrano,CT,23.6
2026-08-06T14:47:35.310Z,2026-08-06,giovedì,16,Belpasso,CT,35.6
2026-08-06T14:47:35.310Z,2026-08-06,giovedì,16,Biancavilla,CT,34.4
2026-08-06T14:47:35.310Z,2026-08-06,giovedì,16,Bronte,CT,24.9
2026-08-06T14:47:35.310Z,2026-08-06,giovedì,16,Calatabiano,CT,27.3
2026-08-06T14:47:35.310Z,2026-08-06,giovedì,16,Caltagirone,CT,28.9
2026-08-06T14:47:35.310Z,2026-08-06,giovedì,16,Camporotondo Etneo,CT,32.9
2026-08-06T14:47:35.310Z,2026-08-06,giovedì,16,Castel di Iudica,CT,-273.1
2026-08-06T14:47:35.310Z,2026-08-06,giovedì,16,Castiglione di Sicilia,CT,29.2
2026-08-06T14:47:35.310Z,2026-08-06,giovedì,16,Catania,CT,31.4
2026-08-06T14:47:35.310Z,2026-08-06,giovedì,16,Fiumefreddo di Sicilia,CT,29.7
2026-08-06T14:47:35.310Z,2026-08-06,giovedì,16,Giarre,CT,30.9
2026-08-06T14:47:35.310Z,2026-08-06,giovedì,16,Grammichele,CT,30.2
2026-08-06T14:47:35.310Z,2026-08-06,giovedì,16,Gravina di Catania,CT,34.9
2026-08-06T14:47:35.310Z,2026-08-06,giovedì,16,Licodia Eubea,CT,31.1
2026-08-06T14:47:35.310Z,2026-08-06,giovedì,16,Linguaglossa,CT,27.1
2026-08-06T14:47:35.310Z,2026-08-06,giovedì,16,Maletto,CT,24.9
2026-08-06T14:47:35.310Z,2026-08-06,giovedì,16,Mascali,CT,30.9
2026-08-06T14:47:35.310Z,2026-08-06,giovedì,16,Mascalucia,CT,33.4
2026-08-06T14:47:35.310Z,2026-08-06,giovedì,16,Militello in Val di Catania,CT,33.9
2026-08-06T14:47:35.310Z,2026-08-06,giovedì,16,Milo,CT,16.4
2026-08-06T14:47:35.310Z,2026-08-06,giovedì,16,Mineo,CT,30.9
2026-08-06T14:47:35.310Z,2026-08-06,giovedì,16,Mirabella Imbaccari,CT,31.5
2026-08-06T14:47:35.310Z,2026-08-06,giovedì,16,Misterbianco,CT,31.4
2026-08-06T14:47:35.310Z,2026-08-06,giovedì,16,Motta Sant'Anastasia,CT,32.8
2026-08-06T14:47:35.310Z,2026-08-06,giovedì,16,Nicolosi,CT,27.6
2026-08-06T14:47:35.310Z,2026-08-06,giovedì,16,Palagonia,CT,28.2
2026-08-06T14:47:35.310Z,2026-08-06,giovedì,16,Paternò,CT,33.1
2026-08-06T14:47:35.310Z,2026-08-06,giovedì,16,Pedara,CT,27.6
2026-08-06T14:47:35.310Z,2026-08-06,giovedì,16,Piedimonte Etneo,CT,27.1
2026-08-06T14:47:35.310Z,2026-08-06,giovedì,16,Raddusa,CT,35.2
2026-08-06T14:47:35.310Z,2026-08-06,giovedì,16,Ramacca,CT,31.7
2026-08-06T14:47:35.310Z,2026-08-06,giovedì,16,Randazzo,CT,24.9
2026-08-06T14:47:35.310Z,2026-08-06,giovedì,16,Riposto,CT,31.8
2026-08-06T14:47:35.310Z,2026-08-06,giovedì,16,San Cono,CT,28
2026-08-06T14:47:35.310Z,2026-08-06,giovedì,16,San Giovanni la Punta,CT,32.3
2026-08-06T14:47:35.310Z,2026-08-06,giovedì,16,San Gregorio di Catania,CT,32.3
2026-08-06T14:47:35.310Z,2026-08-06,giovedì,16,San Michele di Ganzaria,CT,31.5
2026-08-06T14:47:35.310Z,2026-08-06,giovedì,16,San Pietro Clarenza,CT,33.4
2026-08-06T14:47:35.310Z,2026-08-06,giovedì,16,Sant'Agata li Battiati,CT,33.2
2026-08-06T14:47:35.310Z,2026-08-06,giovedì,16,Sant'Alfio,CT,16.4
2026-08-06T14:47:35.310Z,2026-08-06,giovedì,16,Santa Maria di Licodia,CT,36.1
2026-08-06T14:47:35.310Z,2026-08-06,giovedì,16,Santa Venerina,CT,30.7
2026-08-06T14:47:35.310Z,2026-08-06,giovedì,16,Scordia,CT,33.9
2026-08-06T14:47:35.310Z,2026-08-06,giovedì,16,Trecastagni,CT,27.6
2026-08-06T14:47:35.310Z,2026-08-06,giovedì,16,Tremestieri Etneo,CT,34.9
2026-08-06T14:47:35.310Z,2026-08-06,giovedì,16,Valverde,CT,32.3
2026-08-06T14:47:35.310Z,2026-08-06,giovedì,16,Viagrande,CT,30
2026-08-06T14:47:35.310Z,2026-08-06,giovedì,16,Vizzini,CT,27.1
2026-08-06T14:47:35.310Z,2026-08-06,giovedì,16,Zafferana Etnea,CT,30.7
2026-08-06T14:47:35.310Z,2026-08-06,giovedì,16,Mazzarrone,CT,30.8
2026-08-06T14:47:35.310Z,2026-08-06,giovedì,16,Maniace,CT,18.6
2026-08-06T14:47:35.310Z,2026-08-06,giovedì,16,Ragalna,CT,19.9
2026-08-06T14:47:35.310Z,2026-08-06,giovedì,16,Acate,RG,31.5
2026-08-06T14:47:35.310Z,2026-08-06,giovedì,16,Chiaramonte Gulfi,RG,31.9
2026-08-06T14:47:35.310Z,2026-08-06,giovedì,16,Comiso,RG,31.5
2026-08-06T14:47:35.310Z,2026-08-06,giovedì,16,Giarratana,RG,23.7
2026-08-06T14:47:35.310Z,2026-08-06,giovedì,16,Ispica,RG,32.7
2026-08-06T14:47:35.310Z,2026-08-06,giovedì,16,Modica,RG,36.3
2026-08-06T14:47:35.310Z,2026-08-06,giovedì,16,Monterosso Almo,RG,23.7
2026-08-06T14:47:35.310Z,2026-08-06,giovedì,16,Pozzallo,RG,35.1
2026-08-06T14:47:35.310Z,2026-08-06,giovedì,16,Ragusa,RG,31.8
2026-08-06T14:47:35.310Z,2026-08-06,giovedì,16,Santa Croce Camerina,RG,31.1
2026-08-06T14:47:35.310Z,2026-08-06,giovedì,16,Scicli,RG,30.5
2026-08-06T14:47:35.310Z,2026-08-06,giovedì,16,Vittoria,RG,31.5
2026-08-06T14:47:35.310Z,2026-08-06,giovedì,16,Augusta,SR,34.6
2026-08-06T14:47:35.310Z,2026-08-06,giovedì,16,Avola,SR,31.8
2026-08-06T14:47:35.310Z,2026-08-06,giovedì,16,Buccheri,SR,30.9
2026-08-06T14:47:35.310Z,2026-08-06,giovedì,16,Buscemi,SR,26.1
2026-08-06T14:47:35.310Z,2026-08-06,giovedì,16,Canicattini Bagni,SR,35.6
2026-08-06T14:47:35.310Z,2026-08-06,giovedì,16,Carlentini,SR,34.1
2026-08-06T14:47:35.310Z,2026-08-06,giovedì,16,Cassaro,SR,30.3
2026-08-06T14:47:35.310Z,2026-08-06,giovedì,16,Ferla,SR,30.9
2026-08-06T14:47:35.310Z,2026-08-06,giovedì,16,Floridia,SR,35.6
2026-08-06T14:47:35.310Z,2026-08-06,giovedì,16,Francofonte,SR,33.5
2026-08-06T14:47:35.310Z,2026-08-06,giovedì,16,Lentini,SR,34
2026-08-06T14:47:35.310Z,2026-08-06,giovedì,16,Melilli,SR,35.7
2026-08-06T14:47:35.310Z,2026-08-06,giovedì,16,Noto,SR,33.6
2026-08-06T14:47:35.310Z,2026-08-06,giovedì,16,Pachino,SR,30.1
2026-08-06T14:47:35.310Z,2026-08-06,giovedì,16,Palazzolo Acreide,SR,30.3
2026-08-06T14:47:35.310Z,2026-08-06,giovedì,16,Rosolini,SR,33.3
2026-08-06T14:47:35.310Z,2026-08-06,giovedì,16,Siracusa,SR,39
2026-08-06T14:47:35.310Z,2026-08-06,giovedì,16,Solarino,SR,35.9
2026-08-06T14:47:35.310Z,2026-08-06,giovedì,16,Sortino,SR,34.6
2026-08-06T14:47:35.310Z,2026-08-06,giovedì,16,Portopalo di Capo Passero,SR,30.1
2026-08-06T14:47:35.310Z,2026-08-06,giovedì,16,Priolo Gargallo,SR,35.1
2026-08-06T15:14:09.507Z,2026-08-06,giovedì,17,Alcamo,TP,31.4
2026-08-06T15:14:09.507Z,2026-08-06,giovedì,17,Buseto Palizzolo,TP,30.1
2026-08-06T15:14:09.507Z,2026-08-06,giovedì,17,Calatafimi-Segesta,TP,29.3
2026-08-06T15:14:09.507Z,2026-08-06,giovedì,17,Campobello di Mazara,TP,33.3
2026-08-06T15:14:09.507Z,2026-08-06,giovedì,17,Castellammare del Golfo,TP,30.1
2026-08-06T15:14:09.507Z,2026-08-06,giovedì,17,Castelvetrano,TP,24.8
2026-08-06T15:14:09.507Z,2026-08-06,giovedì,17,Custonaci,TP,30.3
2026-08-06T15:14:09.507Z,2026-08-06,giovedì,17,Erice,TP,32.2
2026-08-06T15:14:09.507Z,2026-08-06,giovedì,17,Favignana,TP,31
2026-08-06T15:14:09.507Z,2026-08-06,giovedì,17,Gibellina,TP,24.1
2026-08-06T15:14:09.507Z,2026-08-06,giovedì,17,Marsala,TP,31.4
2026-08-06T15:14:09.507Z,2026-08-06,giovedì,17,Mazara del Vallo,TP,32.1
2026-08-06T15:14:09.507Z,2026-08-06,giovedì,17,Paceco,TP,34.6
2026-08-06T15:14:09.507Z,2026-08-06,giovedì,17,Pantelleria,TP,29.5
2026-08-06T15:14:09.507Z,2026-08-06,giovedì,17,Partanna,TP,23.5
2026-08-06T15:14:09.507Z,2026-08-06,giovedì,17,Poggioreale,TP,26.5
2026-08-06T15:14:09.507Z,2026-08-06,giovedì,17,Salaparuta,TP,24.1
2026-08-06T15:14:09.507Z,2026-08-06,giovedì,17,Salemi,TP,27.7
2026-08-06T15:14:09.507Z,2026-08-06,giovedì,17,Santa Ninfa,TP,23.2
2026-08-06T15:14:09.507Z,2026-08-06,giovedì,17,San Vito Lo Capo,TP,31.7
2026-08-06T15:14:09.507Z,2026-08-06,giovedì,17,Trapani,TP,32.2
2026-08-06T15:14:09.507Z,2026-08-06,giovedì,17,Valderice,TP,27.5
2026-08-06T15:14:09.507Z,2026-08-06,giovedì,17,Vita,TP,27.7
2026-08-06T15:14:09.507Z,2026-08-06,giovedì,17,Petrosino,TP,31.6
2026-08-06T15:14:09.507Z,2026-08-06,giovedì,17,Misiliscemi,TP,34.6
2026-08-06T15:14:09.507Z,2026-08-06,giovedì,17,Alia,PA,27.7
2026-08-06T15:14:09.507Z,2026-08-06,giovedì,17,Alimena,PA,25.2
2026-08-06T15:14:09.507Z,2026-08-06,giovedì,17,Aliminusa,PA,28.8
2026-08-06T15:14:09.507Z,2026-08-06,giovedì,17,Altavilla Milicia,PA,30.4
2026-08-06T15:14:09.507Z,2026-08-06,giovedì,17,Altofonte,PA,29.2
2026-08-06T15:14:09.507Z,2026-08-06,giovedì,17,Bagheria,PA,28.5
2026-08-06T15:14:09.507Z,2026-08-06,giovedì,17,Balestrate,PA,31.4
2026-08-06T15:14:09.507Z,2026-08-06,giovedì,17,Baucina,PA,29
2026-08-06T15:14:09.507Z,2026-08-06,giovedì,17,Belmonte Mezzagno,PA,29.2
2026-08-06T15:14:09.507Z,2026-08-06,giovedì,17,Bisacquino,PA,20.3
2026-08-06T15:14:09.507Z,2026-08-06,giovedì,17,Bolognetta,PA,27.6
2026-08-06T15:14:09.507Z,2026-08-06,giovedì,17,Bompietro,PA,25.2
2026-08-06T15:14:09.507Z,2026-08-06,giovedì,17,Borgetto,PA,31.1
2026-08-06T15:14:09.507Z,2026-08-06,giovedì,17,Caccamo,PA,30.4
2026-08-06T15:14:09.507Z,2026-08-06,giovedì,17,Caltavuturo,PA,28.7
2026-08-06T15:14:09.507Z,2026-08-06,giovedì,17,Campofelice di Fitalia,PA,28.4
2026-08-06T15:14:09.507Z,2026-08-06,giovedì,17,Campofelice di Roccella,PA,31.5
2026-08-06T15:14:09.507Z,2026-08-06,giovedì,17,Campofiorito,PA,20.3
2026-08-06T15:14:09.507Z,2026-08-06,giovedì,17,Camporeale,PA,27.1
2026-08-06T15:14:09.507Z,2026-08-06,giovedì,17,Capaci,PA,31.4
2026-08-06T15:14:09.507Z,2026-08-06,giovedì,17,Carini,PA,32.2
2026-08-06T15:14:09.507Z,2026-08-06,giovedì,17,Castelbuono,PA,28.4
2026-08-06T15:14:09.507Z,2026-08-06,giovedì,17,Casteldaccia,PA,30.4
2026-08-06T15:14:09.507Z,2026-08-06,giovedì,17,Castellana Sicula,PA,29.6
2026-08-06T15:14:09.507Z,2026-08-06,giovedì,17,Castronovo di Sicilia,PA,31
2026-08-06T15:14:09.507Z,2026-08-06,giovedì,17,Cefalà Diana,PA,28.2
2026-08-06T15:14:09.507Z,2026-08-06,giovedì,17,Cefalù,PA,25.8
2026-08-06T15:14:09.507Z,2026-08-06,giovedì,17,Cerda,PA,29.6
2026-08-06T15:14:09.507Z,2026-08-06,giovedì,17,Chiusa Sclafani,PA,24.1
2026-08-06T15:14:09.507Z,2026-08-06,giovedì,17,Ciminna,PA,27.1
2026-08-06T15:14:09.507Z,2026-08-06,giovedì,17,Cinisi,PA,32.2
2026-08-06T15:14:09.507Z,2026-08-06,giovedì,17,Collesano,PA,30.6
2026-08-06T15:14:09.507Z,2026-08-06,giovedì,17,Contessa Entellina,PA,24.5
2026-08-06T15:14:09.507Z,2026-08-06,giovedì,17,Corleone,PA,27.9
2026-08-06T15:14:09.507Z,2026-08-06,giovedì,17,Ficarazzi,PA,28.5
2026-08-06T15:14:09.507Z,2026-08-06,giovedì,17,Gangi,PA,28
2026-08-06T15:14:09.507Z,2026-08-06,giovedì,17,Geraci Siculo,PA,27.6
2026-08-06T15:14:09.507Z,2026-08-06,giovedì,17,Giardinello,PA,31.1
2026-08-06T15:14:09.507Z,2026-08-06,giovedì,17,Giuliana,PA,23.6
2026-08-06T15:14:09.507Z,2026-08-06,giovedì,17,Godrano,PA,27.9
2026-08-06T15:14:09.507Z,2026-08-06,giovedì,17,Gratteri,PA,29.5
2026-08-06T15:14:09.507Z,2026-08-06,giovedì,17,Isnello,PA,26.9
2026-08-06T15:14:09.507Z,2026-08-06,giovedì,17,Isola delle Femmine,PA,31.2
2026-08-06T15:14:09.507Z,2026-08-06,giovedì,17,Lascari,PA,31.8
2026-08-06T15:14:09.507Z,2026-08-06,giovedì,17,Lercara Friddi,PA,28.4
2026-08-06T15:14:09.507Z,2026-08-06,giovedì,17,Marineo,PA,30
2026-08-06T15:14:09.507Z,2026-08-06,giovedì,17,Mezzojuso,PA,28.2
2026-08-06T15:14:09.507Z,2026-08-06,giovedì,17,Misilmeri,PA,31.7
2026-08-06T15:14:09.507Z,2026-08-06,giovedì,17,Monreale,PA,28.2
2026-08-06T15:14:09.507Z,2026-08-06,giovedì,17,Montelepre,PA,31.4
2026-08-06T15:14:09.507Z,2026-08-06,giovedì,17,Montemaggiore Belsito,PA,28.8
2026-08-06T15:14:09.507Z,2026-08-06,giovedì,17,Palazzo Adriano,PA,23.8
2026-08-06T15:14:09.507Z,2026-08-06,giovedì,17,Palermo,PA,32
2026-08-06T15:14:09.507Z,2026-08-06,giovedì,17,Partinico,PA,32.5
2026-08-06T15:14:09.507Z,2026-08-06,giovedì,17,Petralia Soprana,PA,28.8
2026-08-06T15:14:09.507Z,2026-08-06,giovedì,17,Petralia Sottana,PA,30.5
2026-08-06T15:14:09.507Z,2026-08-06,giovedì,17,Piana degli Albanesi,PA,25.6
2026-08-06T15:14:09.507Z,2026-08-06,giovedì,17,Polizzi Generosa,PA,29.5
2026-08-06T15:14:09.507Z,2026-08-06,giovedì,17,Pollina,PA,27.1
2026-08-06T15:14:09.507Z,2026-08-06,giovedì,17,Prizzi,PA,29.3
2026-08-06T15:14:09.507Z,2026-08-06,giovedì,17,Roccamena,PA,25
2026-08-06T15:14:09.507Z,2026-08-06,giovedì,17,Roccapalumba,PA,30.4
2026-08-06T15:14:09.507Z,2026-08-06,giovedì,17,San Cipirello,PA,25.6
2026-08-06T15:14:09.507Z,2026-08-06,giovedì,17,San Giuseppe Jato,PA,27.2
2026-08-06T15:14:09.507Z,2026-08-06,giovedì,17,San Mauro Castelverde,PA,27
2026-08-06T15:14:09.507Z,2026-08-06,giovedì,17,Santa Cristina Gela,PA,30
2026-08-06T15:14:09.507Z,2026-08-06,giovedì,17,Santa Flavia,PA,28.5
2026-08-06T15:14:09.507Z,2026-08-06,giovedì,17,Sciara,PA,29.6
2026-08-06T15:14:09.507Z,2026-08-06,giovedì,17,Sclafani Bagni,PA,28.4
2026-08-06T15:14:09.507Z,2026-08-06,giovedì,17,Termini Imerese,PA,29.6
2026-08-06T15:14:09.507Z,2026-08-06,giovedì,17,Terrasini,PA,32.2
2026-08-06T15:14:09.507Z,2026-08-06,giovedì,17,Torretta,PA,31.4
2026-08-06T15:14:09.507Z,2026-08-06,giovedì,17,Trabia,PA,28.2
2026-08-06T15:14:09.507Z,2026-08-06,giovedì,17,Trappeto,PA,32.5
2026-08-06T15:14:09.507Z,2026-08-06,giovedì,17,Valledolmo,PA,28.4
2026-08-06T15:14:09.507Z,2026-08-06,giovedì,17,Ventimiglia di Sicilia,PA,29
2026-08-06T15:14:09.507Z,2026-08-06,giovedì,17,Vicari,PA,26.5
2026-08-06T15:14:09.507Z,2026-08-06,giovedì,17,Villabate,PA,32.6
2026-08-06T15:14:09.507Z,2026-08-06,giovedì,17,Villafrati,PA,27.6
2026-08-06T15:14:09.507Z,2026-08-06,giovedì,17,Scillato,PA,28.7
2026-08-06T15:14:09.507Z,2026-08-06,giovedì,17,Blufi,PA,25.2
2026-08-06T15:14:09.507Z,2026-08-06,giovedì,17,Alcara li Fusi,ME,21.9
2026-08-06T15:14:09.507Z,2026-08-06,giovedì,17,Alì,ME,31.3
2026-08-06T15:14:09.507Z,2026-08-06,giovedì,17,Alì Terme,ME,31.7
2026-08-06T15:14:09.507Z,2026-08-06,giovedì,17,Antillo,ME,33.9
2026-08-06T15:14:09.507Z,2026-08-06,giovedì,17,Barcellona Pozzo di Gotto,ME,32.4
2026-08-06T15:14:09.507Z,2026-08-06,giovedì,17,Basicò,ME,31.3
2026-08-06T15:14:09.507Z,2026-08-06,giovedì,17,Brolo,ME,30.4
2026-08-06T15:14:09.507Z,2026-08-06,giovedì,17,Capizzi,ME,21
2026-08-06T15:14:09.507Z,2026-08-06,giovedì,17,Capo d'Orlando,ME,32.1
2026-08-06T15:14:09.507Z,2026-08-06,giovedì,17,Capri Leone,ME,32
2026-08-06T15:14:09.507Z,2026-08-06,giovedì,17,Caronia,ME,29.6
2026-08-06T15:14:09.507Z,2026-08-06,giovedì,17,Casalvecchio Siculo,ME,33.9
2026-08-06T15:14:09.507Z,2026-08-06,giovedì,17,Castel di Lucio,ME,31.7
2026-08-06T15:14:09.507Z,2026-08-06,giovedì,17,Castell'Umberto,ME,28.4
2026-08-06T15:14:09.507Z,2026-08-06,giovedì,17,Castelmola,ME,26.5
2026-08-06T15:14:09.507Z,2026-08-06,giovedì,17,Castroreale,ME,32.4
2026-08-06T15:14:09.507Z,2026-08-06,giovedì,17,Cesarò,ME,23.5
2026-08-06T15:14:09.507Z,2026-08-06,giovedì,17,Condrò,ME,31.1
2026-08-06T15:14:09.507Z,2026-08-06,giovedì,17,Falcone,ME,32.5
2026-08-06T15:14:09.507Z,2026-08-06,giovedì,17,Ficarra,ME,27.3
2026-08-06T15:14:09.507Z,2026-08-06,giovedì,17,Fiumedinisi,ME,31.3
2026-08-06T15:14:09.507Z,2026-08-06,giovedì,17,Floresta,ME,21.1
2026-08-06T15:14:09.507Z,2026-08-06,giovedì,17,Fondachelli-Fantina,ME,29.3
2026-08-06T15:14:09.507Z,2026-08-06,giovedì,17,Forza d'Agrò,ME,30.6
2026-08-06T15:14:09.507Z,2026-08-06,giovedì,17,Francavilla di Sicilia,ME,29.9
2026-08-06T15:14:09.507Z,2026-08-06,giovedì,17,Frazzanò,ME,30.5
2026-08-06T15:14:09.507Z,2026-08-06,giovedì,17,Furci Siculo,ME,31.8
2026-08-06T15:14:09.507Z,2026-08-06,giovedì,17,Furnari,ME,32.5
2026-08-06T15:14:09.507Z,2026-08-06,giovedì,17,Gaggi,ME,28.6
2026-08-06T15:14:09.507Z,2026-08-06,giovedì,17,Galati Mamertino,ME,24.8
2026-08-06T15:14:09.507Z,2026-08-06,giovedì,17,Gallodoro,ME,29.9
2026-08-06T15:14:09.507Z,2026-08-06,giovedì,17,Giardini-Naxos,ME,27.3
2026-08-06T15:14:09.507Z,2026-08-06,giovedì,17,Gioiosa Marea,ME,27.5
2026-08-06T15:14:09.507Z,2026-08-06,giovedì,17,Graniti,ME,28.6
2026-08-06T15:14:09.507Z,2026-08-06,giovedì,17,Gualtieri Sicaminò,ME,31.1
2026-08-06T15:14:09.507Z,2026-08-06,giovedì,17,Itala,ME,32.4
2026-08-06T15:14:09.507Z,2026-08-06,giovedì,17,Leni,ME,30.8
2026-08-06T15:14:09.507Z,2026-08-06,giovedì,17,Letojanni,ME,31.6
2026-08-06T15:14:09.507Z,2026-08-06,giovedì,17,Librizzi,ME,30.3
2026-08-06T15:14:09.507Z,2026-08-06,giovedì,17,Limina,ME,33.9
2026-08-06T15:14:09.507Z,2026-08-06,giovedì,17,Lipari,ME,30.8
2026-08-06T15:14:09.507Z,2026-08-06,giovedì,17,Longi,ME,20.1
2026-08-06T15:14:09.507Z,2026-08-06,giovedì,17,Malfa,ME,30.8
2026-08-06T15:14:09.507Z,2026-08-06,giovedì,17,Malvagna,ME,26.3
2026-08-06T15:14:09.507Z,2026-08-06,giovedì,17,Mandanici,ME,31.8
2026-08-06T15:14:09.507Z,2026-08-06,giovedì,17,Mazzarrà Sant'Andrea,ME,32.5
2026-08-06T15:14:09.507Z,2026-08-06,giovedì,17,Merì,ME,31.7
2026-08-06T15:14:09.507Z,2026-08-06,giovedì,17,Messina,ME,32.5
2026-08-06T15:14:09.507Z,2026-08-06,giovedì,17,Milazzo,ME,31.7
2026-08-06T15:14:09.507Z,2026-08-06,giovedì,17,Militello Rosmarino,ME,28.8
2026-08-06T15:14:09.507Z,2026-08-06,giovedì,17,Mirto,ME,30.5
2026-08-06T15:14:09.507Z,2026-08-06,giovedì,17,Mistretta,ME,25.7
2026-08-06T15:14:09.507Z,2026-08-06,giovedì,17,Moio Alcantara,ME,26.3
2026-08-06T15:14:09.507Z,2026-08-06,giovedì,17,Monforte San Giorgio,ME,31.9
2026-08-06T15:14:09.507Z,2026-08-06,giovedì,17,Mongiuffi Melia,ME,29.9
2026-08-06T15:14:09.507Z,2026-08-06,giovedì,17,Montagnareale,ME,27.5
2026-08-06T15:14:09.507Z,2026-08-06,giovedì,17,Montalbano Elicona,ME,28.1
2026-08-06T15:14:09.507Z,2026-08-06,giovedì,17,Motta Camastra,ME,24.1
2026-08-06T15:14:09.507Z,2026-08-06,giovedì,17,Motta d'Affermo,ME,28.3
2026-08-06T15:14:09.507Z,2026-08-06,giovedì,17,Naso,ME,30.4
2026-08-06T15:14:09.507Z,2026-08-06,giovedì,17,Nizza di Sicilia,ME,31.3
2026-08-06T15:14:09.507Z,2026-08-06,giovedì,17,Novara di Sicilia,ME,30.2
2026-08-06T15:14:09.507Z,2026-08-06,giovedì,17,Oliveri,ME,31.1
2026-08-06T15:14:09.507Z,2026-08-06,giovedì,17,Pace del Mela,ME,31.7
2026-08-06T15:14:09.507Z,2026-08-06,giovedì,17,Pagliara,ME,31.8
2026-08-06T15:14:09.507Z,2026-08-06,giovedì,17,Patti,ME,30.5
2026-08-06T15:14:09.507Z,2026-08-06,giovedì,17,Pettineo,ME,29.9
2026-08-06T15:14:09.507Z,2026-08-06,giovedì,17,Piraino,ME,30.4
2026-08-06T15:14:09.507Z,2026-08-06,giovedì,17,Raccuja,ME,21.1
2026-08-06T15:14:09.507Z,2026-08-06,giovedì,17,Reitano,ME,28.9
2026-08-06T15:14:09.507Z,2026-08-06,giovedì,17,Roccafiorita,ME,29.9
2026-08-06T15:14:09.507Z,2026-08-06,giovedì,17,Roccalumera,ME,30.3
2026-08-06T15:14:09.507Z,2026-08-06,giovedì,17,Roccavaldina,ME,31.9
2026-08-06T15:14:09.507Z,2026-08-06,giovedì,17,Roccella Valdemone,ME,22.4
2026-08-06T15:14:09.507Z,2026-08-06,giovedì,17,Rodì Milici,ME,33.1
2026-08-06T15:14:09.507Z,2026-08-06,giovedì,17,Rometta,ME,25.2
2026-08-06T15:14:09.507Z,2026-08-06,giovedì,17,San Filippo del Mela,ME,31.7
2026-08-06T15:14:09.507Z,2026-08-06,giovedì,17,San Fratello,ME,24.8
2026-08-06T15:14:09.507Z,2026-08-06,giovedì,17,San Marco d'Alunzio,ME,28
2026-08-06T15:14:09.507Z,2026-08-06,giovedì,17,San Pier Niceto,ME,31.9
2026-08-06T15:14:09.507Z,2026-08-06,giovedì,17,San Piero Patti,ME,29.3
2026-08-06T15:14:09.507Z,2026-08-06,giovedì,17,San Salvatore di Fitalia,ME,28.4
2026-08-06T15:14:09.507Z,2026-08-06,giovedì,17,Santa Domenica Vittoria,ME,19.2
2026-08-06T15:14:09.507Z,2026-08-06,giovedì,17,Sant'Agata di Militello,ME,31.5
2026-08-06T15:14:09.507Z,2026-08-06,giovedì,17,Sant'Alessio Siculo,ME,30.6
2026-08-06T15:14:09.507Z,2026-08-06,giovedì,17,Santa Lucia del Mela,ME,27.7
2026-08-06T15:14:09.507Z,2026-08-06,giovedì,17,Santa Marina Salina,ME,30.8
2026-08-06T15:14:09.507Z,2026-08-06,giovedì,17,Sant'Angelo di Brolo,ME,29.7
2026-08-06T15:14:09.507Z,2026-08-06,giovedì,17,Santa Teresa di Riva,ME,30.9
2026-08-06T15:14:09.507Z,2026-08-06,giovedì,17,San Teodoro,ME,23.5
2026-08-06T15:14:09.507Z,2026-08-06,giovedì,17,Santo Stefano di Camastra,ME,31.8
2026-08-06T15:14:09.507Z,2026-08-06,giovedì,17,Saponara,ME,30.2
2026-08-06T15:14:09.507Z,2026-08-06,giovedì,17,Savoca,ME,30.9
2026-08-06T15:14:09.507Z,2026-08-06,giovedì,17,Scaletta Zanclea,ME,33.9
2026-08-06T15:14:09.507Z,2026-08-06,giovedì,17,Sinagra,ME,32.2
2026-08-06T15:14:09.507Z,2026-08-06,giovedì,17,Spadafora,ME,30.4
2026-08-06T15:14:09.507Z,2026-08-06,giovedì,17,Taormina,ME,26.5
2026-08-06T15:14:09.507Z,2026-08-06,giovedì,17,Torregrotta,ME,34.3
2026-08-06T15:14:09.507Z,2026-08-06,giovedì,17,Tortorici,ME,22.1
2026-08-06T15:14:09.507Z,2026-08-06,giovedì,17,Tripi,ME,31.3
2026-08-06T15:14:09.507Z,2026-08-06,giovedì,17,Tusa,ME,29.1
2026-08-06T15:14:09.507Z,2026-08-06,giovedì,17,Ucria,ME,21.1
2026-08-06T15:14:09.507Z,2026-08-06,giovedì,17,Valdina,ME,30.4
2026-08-06T15:14:09.507Z,2026-08-06,giovedì,17,Venetico,ME,30.4
2026-08-06T15:14:09.507Z,2026-08-06,giovedì,17,Villafranca Tirrena,ME,31.8
2026-08-06T15:14:09.507Z,2026-08-06,giovedì,17,Terme Vigliatore,ME,32.5
2026-08-06T15:14:09.507Z,2026-08-06,giovedì,17,Acquedolci,ME,31.5
2026-08-06T15:14:09.507Z,2026-08-06,giovedì,17,Torrenova,ME,32
2026-08-06T15:14:09.507Z,2026-08-06,giovedì,17,Agrigento,AG,31.2
2026-08-06T15:14:09.507Z,2026-08-06,giovedì,17,Alessandria della Rocca,AG,27.9
2026-08-06T15:14:09.507Z,2026-08-06,giovedì,17,Aragona,AG,28.1
2026-08-06T15:14:09.507Z,2026-08-06,giovedì,17,Bivona,AG,26.1
2026-08-06T15:14:09.507Z,2026-08-06,giovedì,17,Burgio,AG,24.2
2026-08-06T15:14:09.507Z,2026-08-06,giovedì,17,Calamonaci,AG,27
2026-08-06T15:14:09.507Z,2026-08-06,giovedì,17,Caltabellotta,AG,29.1
2026-08-06T15:14:09.507Z,2026-08-06,giovedì,17,Camastra,AG,26.1
2026-08-06T15:14:09.507Z,2026-08-06,giovedì,17,Cammarata,AG,31.7
2026-08-06T15:14:09.507Z,2026-08-06,giovedì,17,Campobello di Licata,AG,33
2026-08-06T15:14:09.507Z,2026-08-06,giovedì,17,Canicattì,AG,27
2026-08-06T15:14:09.507Z,2026-08-06,giovedì,17,Casteltermini,AG,34.6
2026-08-06T15:14:09.507Z,2026-08-06,giovedì,17,Castrofilippo,AG,28.5
2026-08-06T15:14:09.507Z,2026-08-06,giovedì,17,Cattolica Eraclea,AG,33.4
2026-08-06T15:14:09.507Z,2026-08-06,giovedì,17,Cianciana,AG,29.7
2026-08-06T15:14:09.507Z,2026-08-06,giovedì,17,Comitini,AG,28.1
2026-08-06T15:14:09.507Z,2026-08-06,giovedì,17,Favara,AG,31.2
2026-08-06T15:14:09.507Z,2026-08-06,giovedì,17,Grotte,AG,30.4
2026-08-06T15:14:09.507Z,2026-08-06,giovedì,17,Joppolo Giancaxio,AG,30.2
2026-08-06T15:14:09.507Z,2026-08-06,giovedì,17,Licata,AG,31.1
2026-08-06T15:14:09.507Z,2026-08-06,giovedì,17,Lucca Sicula,AG,27
2026-08-06T15:14:09.507Z,2026-08-06,giovedì,17,Menfi,AG,30.1
2026-08-06T15:14:09.507Z,2026-08-06,giovedì,17,Montallegro,AG,33.4
2026-08-06T15:14:09.507Z,2026-08-06,giovedì,17,Montevago,AG,23.5
2026-08-06T15:14:09.507Z,2026-08-06,giovedì,17,Naro,AG,26.1
2026-08-06T15:14:09.507Z,2026-08-06,giovedì,17,Palma di Montechiaro,AG,31.5
2026-08-06T15:14:09.507Z,2026-08-06,giovedì,17,Porto Empedocle,AG,30.7
2026-08-06T15:14:09.507Z,2026-08-06,giovedì,17,Racalmuto,AG,28.5
2026-08-06T15:14:09.507Z,2026-08-06,giovedì,17,Raffadali,AG,28.7
2026-08-06T15:14:09.507Z,2026-08-06,giovedì,17,Ravanusa,AG,33
2026-08-06T15:14:09.507Z,2026-08-06,giovedì,17,Realmonte,AG,30.7
2026-08-06T15:14:09.507Z,2026-08-06,giovedì,17,Ribera,AG,32.8
2026-08-06T15:14:09.507Z,2026-08-06,giovedì,17,Sambuca di Sicilia,AG,23.6
2026-08-06T15:14:09.507Z,2026-08-06,giovedì,17,San Biagio Platani,AG,29.3
2026-08-06T15:14:09.507Z,2026-08-06,giovedì,17,San Giovanni Gemini,AG,27.7
2026-08-06T15:14:09.507Z,2026-08-06,giovedì,17,Santa Elisabetta,AG,28.7
2026-08-06T15:14:09.507Z,2026-08-06,giovedì,17,Santa Margherita di Belice,AG,24.2
2026-08-06T15:14:09.507Z,2026-08-06,giovedì,17,Sant'Angelo Muxaro,AG,29.3
2026-08-06T15:14:09.507Z,2026-08-06,giovedì,17,Santo Stefano Quisquina,AG,23.2
2026-08-06T15:14:09.507Z,2026-08-06,giovedì,17,Sciacca,AG,34.1
2026-08-06T15:14:09.507Z,2026-08-06,giovedì,17,Siculiana,AG,33.4
2026-08-06T15:14:09.507Z,2026-08-06,giovedì,17,Villafranca Sicula,AG,27
2026-08-06T15:14:09.507Z,2026-08-06,giovedì,17,Acquaviva Platani,CL,34.6
2026-08-06T15:14:09.507Z,2026-08-06,giovedì,17,Bompensiere,CL,30.4
2026-08-06T15:14:09.507Z,2026-08-06,giovedì,17,Butera,CL,32.2
2026-08-06T15:14:09.507Z,2026-08-06,giovedì,17,Caltanissetta,CL,24.6
2026-08-06T15:14:09.507Z,2026-08-06,giovedì,17,Campofranco,CL,30.4
2026-08-06T15:14:09.507Z,2026-08-06,giovedì,17,Delia,CL,30.1
2026-08-06T15:14:09.507Z,2026-08-06,giovedì,17,Gela,CL,32.3
2026-08-06T15:14:09.507Z,2026-08-06,giovedì,17,Marianopoli,CL,26.6
2026-08-06T15:14:09.507Z,2026-08-06,giovedì,17,Mazzarino,CL,34
2026-08-06T15:14:09.507Z,2026-08-06,giovedì,17,Milena,CL,30.4
2026-08-06T15:14:09.507Z,2026-08-06,giovedì,17,Montedoro,CL,31
2026-08-06T15:14:09.507Z,2026-08-06,giovedì,17,Mussomeli,CL,31.4
2026-08-06T15:14:09.507Z,2026-08-06,giovedì,17,Niscemi,CL,31.5
2026-08-06T15:14:09.507Z,2026-08-06,giovedì,17,Resuttano,CL,30.5
2026-08-06T15:14:09.507Z,2026-08-06,giovedì,17,Riesi,CL,32.5
2026-08-06T15:14:09.507Z,2026-08-06,giovedì,17,San Cataldo,CL,29.6
2026-08-06T15:14:09.507Z,2026-08-06,giovedì,17,Santa Caterina Villarmosa,CL,25.3
2026-08-06T15:14:09.507Z,2026-08-06,giovedì,17,Serradifalco,CL,29.9
2026-08-06T15:14:09.507Z,2026-08-06,giovedì,17,Sommatino,CL,32.5
2026-08-06T15:14:09.507Z,2026-08-06,giovedì,17,Sutera,CL,31.2
2026-08-06T15:14:09.507Z,2026-08-06,giovedì,17,Vallelunga Pratameno,CL,31.1
2026-08-06T15:14:09.507Z,2026-08-06,giovedì,17,Villalba,CL,26.6
2026-08-06T15:14:09.507Z,2026-08-06,giovedì,17,Agira,EN,27.8
2026-08-06T15:14:09.507Z,2026-08-06,giovedì,17,Aidone,EN,31.4
2026-08-06T15:14:09.507Z,2026-08-06,giovedì,17,Assoro,EN,27.8
2026-08-06T15:14:09.507Z,2026-08-06,giovedì,17,Barrafranca,EN,22.2
2026-08-06T15:14:09.507Z,2026-08-06,giovedì,17,Calascibetta,EN,22.5
2026-08-06T15:14:09.507Z,2026-08-06,giovedì,17,Catenanuova,EN,29.3
2026-08-06T15:14:09.507Z,2026-08-06,giovedì,17,Centuripe,EN,29.3
2026-08-06T15:14:09.507Z,2026-08-06,giovedì,17,Cerami,EN,26.9
2026-08-06T15:14:09.507Z,2026-08-06,giovedì,17,Enna,EN,22.1
2026-08-06T15:14:09.507Z,2026-08-06,giovedì,17,Gagliano Castelferrato,EN,26.5
2026-08-06T15:14:09.507Z,2026-08-06,giovedì,17,Leonforte,EN,22.7
2026-08-06T15:14:09.507Z,2026-08-06,giovedì,17,Nicosia,EN,20.5
2026-08-06T15:14:09.507Z,2026-08-06,giovedì,17,Nissoria,EN,27.4
2026-08-06T15:14:09.507Z,2026-08-06,giovedì,17,Piazza Armerina,EN,19.1
2026-08-06T15:14:09.507Z,2026-08-06,giovedì,17,Pietraperzia,EN,27.8
2026-08-06T15:14:09.507Z,2026-08-06,giovedì,17,Regalbuto,EN,33.7
2026-08-06T15:14:09.507Z,2026-08-06,giovedì,17,Sperlinga,EN,20.7
2026-08-06T15:14:09.507Z,2026-08-06,giovedì,17,Troina,EN,27.2
2026-08-06T15:14:09.507Z,2026-08-06,giovedì,17,Valguarnera Caropepe,EN,23.2
2026-08-06T15:14:09.507Z,2026-08-06,giovedì,17,Villarosa,EN,27.9
2026-08-06T15:14:09.507Z,2026-08-06,giovedì,17,Aci Bonaccorsi,CT,29.4
2026-08-06T15:14:09.507Z,2026-08-06,giovedì,17,Aci Castello,CT,32.2
2026-08-06T15:14:09.507Z,2026-08-06,giovedì,17,Aci Catena,CT,31.4
2026-08-06T15:14:09.507Z,2026-08-06,giovedì,17,Acireale,CT,31.1
2026-08-06T15:14:09.507Z,2026-08-06,giovedì,17,Aci Sant'Antonio,CT,30.7
2026-08-06T15:14:09.507Z,2026-08-06,giovedì,17,Adrano,CT,23.3
2026-08-06T15:14:09.507Z,2026-08-06,giovedì,17,Belpasso,CT,34.1
2026-08-06T15:14:09.507Z,2026-08-06,giovedì,17,Biancavilla,CT,33.9
2026-08-06T15:14:09.507Z,2026-08-06,giovedì,17,Bronte,CT,25.8
2026-08-06T15:14:09.507Z,2026-08-06,giovedì,17,Calatabiano,CT,27.3
2026-08-06T15:14:09.507Z,2026-08-06,giovedì,17,Caltagirone,CT,28.3
2026-08-06T15:14:09.507Z,2026-08-06,giovedì,17,Camporotondo Etneo,CT,31.7
2026-08-06T15:14:09.507Z,2026-08-06,giovedì,17,Castel di Iudica,CT,-273.1
2026-08-06T15:14:09.507Z,2026-08-06,giovedì,17,Castiglione di Sicilia,CT,29
2026-08-06T15:14:09.507Z,2026-08-06,giovedì,17,Catania,CT,31.2
2026-08-06T15:14:09.507Z,2026-08-06,giovedì,17,Fiumefreddo di Sicilia,CT,28.9
2026-08-06T15:14:09.507Z,2026-08-06,giovedì,17,Giarre,CT,30.9
2026-08-06T15:14:09.507Z,2026-08-06,giovedì,17,Grammichele,CT,29.6
2026-08-06T15:14:09.507Z,2026-08-06,giovedì,17,Gravina di Catania,CT,32
2026-08-06T15:14:09.507Z,2026-08-06,giovedì,17,Licodia Eubea,CT,31.1
2026-08-06T15:14:09.507Z,2026-08-06,giovedì,17,Linguaglossa,CT,27
2026-08-06T15:14:09.507Z,2026-08-06,giovedì,17,Maletto,CT,25.8
2026-08-06T15:14:09.507Z,2026-08-06,giovedì,17,Mascali,CT,30.6
2026-08-06T15:14:09.507Z,2026-08-06,giovedì,17,Mascalucia,CT,31.1
2026-08-06T15:14:09.507Z,2026-08-06,giovedì,17,Militello in Val di Catania,CT,33.3
2026-08-06T15:14:09.507Z,2026-08-06,giovedì,17,Milo,CT,15.8
2026-08-06T15:14:09.507Z,2026-08-06,giovedì,17,Mineo,CT,31.1
2026-08-06T15:14:09.507Z,2026-08-06,giovedì,17,Mirabella Imbaccari,CT,31.4
2026-08-06T15:14:09.507Z,2026-08-06,giovedì,17,Misterbianco,CT,31.2
2026-08-06T15:14:09.507Z,2026-08-06,giovedì,17,Motta Sant'Anastasia,CT,33
2026-08-06T15:14:09.507Z,2026-08-06,giovedì,17,Nicolosi,CT,27.3
2026-08-06T15:14:09.507Z,2026-08-06,giovedì,17,Palagonia,CT,29.4
2026-08-06T15:14:09.507Z,2026-08-06,giovedì,17,Paternò,CT,32.9
2026-08-06T15:14:09.507Z,2026-08-06,giovedì,17,Pedara,CT,27.3
2026-08-06T15:14:09.507Z,2026-08-06,giovedì,17,Piedimonte Etneo,CT,27
2026-08-06T15:14:09.507Z,2026-08-06,giovedì,17,Raddusa,CT,35.2
2026-08-06T15:14:09.507Z,2026-08-06,giovedì,17,Ramacca,CT,31.3
2026-08-06T15:14:09.507Z,2026-08-06,giovedì,17,Randazzo,CT,25.8
2026-08-06T15:14:09.507Z,2026-08-06,giovedì,17,Riposto,CT,31.6
2026-08-06T15:14:09.507Z,2026-08-06,giovedì,17,San Cono,CT,26.8
2026-08-06T15:14:09.507Z,2026-08-06,giovedì,17,San Giovanni la Punta,CT,31.4
2026-08-06T15:14:09.507Z,2026-08-06,giovedì,17,San Gregorio di Catania,CT,31.4
2026-08-06T15:14:09.507Z,2026-08-06,giovedì,17,San Michele di Ganzaria,CT,31.4
2026-08-06T15:14:09.507Z,2026-08-06,giovedì,17,San Pietro Clarenza,CT,31.1
2026-08-06T15:14:09.507Z,2026-08-06,giovedì,17,Sant'Agata li Battiati,CT,31.3
2026-08-06T15:14:09.507Z,2026-08-06,giovedì,17,Sant'Alfio,CT,15.8
2026-08-06T15:14:09.507Z,2026-08-06,giovedì,17,Santa Maria di Licodia,CT,35.2
2026-08-06T15:14:09.507Z,2026-08-06,giovedì,17,Santa Venerina,CT,31
2026-08-06T15:14:09.507Z,2026-08-06,giovedì,17,Scordia,CT,33.3
2026-08-06T15:14:09.507Z,2026-08-06,giovedì,17,Trecastagni,CT,27.3
2026-08-06T15:14:09.507Z,2026-08-06,giovedì,17,Tremestieri Etneo,CT,32
2026-08-06T15:14:09.507Z,2026-08-06,giovedì,17,Valverde,CT,31.4
2026-08-06T15:14:09.507Z,2026-08-06,giovedì,17,Viagrande,CT,29.4
2026-08-06T15:14:09.507Z,2026-08-06,giovedì,17,Vizzini,CT,27.6
2026-08-06T15:14:09.507Z,2026-08-06,giovedì,17,Zafferana Etnea,CT,31
2026-08-06T15:14:09.507Z,2026-08-06,giovedì,17,Mazzarrone,CT,31.9
2026-08-06T15:14:09.507Z,2026-08-06,giovedì,17,Maniace,CT,19.8
2026-08-06T15:14:09.507Z,2026-08-06,giovedì,17,Ragalna,CT,19
2026-08-06T15:14:09.507Z,2026-08-06,giovedì,17,Acate,RG,31.9
2026-08-06T15:14:09.507Z,2026-08-06,giovedì,17,Chiaramonte Gulfi,RG,32
2026-08-06T15:14:09.507Z,2026-08-06,giovedì,17,Comiso,RG,32.7
2026-08-06T15:14:09.507Z,2026-08-06,giovedì,17,Giarratana,RG,25.5
2026-08-06T15:14:09.507Z,2026-08-06,giovedì,17,Ispica,RG,32.9
2026-08-06T15:14:09.507Z,2026-08-06,giovedì,17,Modica,RG,35
2026-08-06T15:14:09.507Z,2026-08-06,giovedì,17,Monterosso Almo,RG,25.5
2026-08-06T15:14:09.507Z,2026-08-06,giovedì,17,Pozzallo,RG,35.7
2026-08-06T15:14:09.507Z,2026-08-06,giovedì,17,Ragusa,RG,31.1
2026-08-06T15:14:09.507Z,2026-08-06,giovedì,17,Santa Croce Camerina,RG,31.3
2026-08-06T15:14:09.507Z,2026-08-06,giovedì,17,Scicli,RG,30.7
2026-08-06T15:14:09.507Z,2026-08-06,giovedì,17,Vittoria,RG,31.9
2026-08-06T15:14:09.507Z,2026-08-06,giovedì,17,Augusta,SR,32.9
2026-08-06T15:14:09.507Z,2026-08-06,giovedì,17,Avola,SR,31.5
2026-08-06T15:14:09.507Z,2026-08-06,giovedì,17,Buccheri,SR,30.1
2026-08-06T15:14:09.507Z,2026-08-06,giovedì,17,Buscemi,SR,26.8
2026-08-06T15:14:09.507Z,2026-08-06,giovedì,17,Canicattini Bagni,SR,35.9
2026-08-06T15:14:09.507Z,2026-08-06,giovedì,17,Carlentini,SR,32.9
2026-08-06T15:14:09.507Z,2026-08-06,giovedì,17,Cassaro,SR,30.1
2026-08-06T15:14:09.507Z,2026-08-06,giovedì,17,Ferla,SR,30.1
2026-08-06T15:14:09.507Z,2026-08-06,giovedì,17,Floridia,SR,35.9
2026-08-06T15:14:09.507Z,2026-08-06,giovedì,17,Francofonte,SR,33.7
2026-08-06T15:14:09.507Z,2026-08-06,giovedì,17,Lentini,SR,32.7
2026-08-06T15:14:09.507Z,2026-08-06,giovedì,17,Melilli,SR,34.5
2026-08-06T15:14:09.507Z,2026-08-06,giovedì,17,Noto,SR,32.5
2026-08-06T15:14:09.507Z,2026-08-06,giovedì,17,Pachino,SR,30.2
2026-08-06T15:14:09.507Z,2026-08-06,giovedì,17,Palazzolo Acreide,SR,30.1
2026-08-06T15:14:09.507Z,2026-08-06,giovedì,17,Rosolini,SR,33.3
2026-08-06T15:14:09.507Z,2026-08-06,giovedì,17,Siracusa,SR,39.9
2026-08-06T15:14:09.507Z,2026-08-06,giovedì,17,Solarino,SR,35.6
2026-08-06T15:14:09.507Z,2026-08-06,giovedì,17,Sortino,SR,32.1
2026-08-06T15:14:09.507Z,2026-08-06,giovedì,17,Portopalo di Capo Passero,SR,30.2
2026-08-06T15:14:09.507Z,2026-08-06,giovedì,17,Priolo Gargallo,SR,34.8
